mirror_id,x_m,y_m,z_m,width_m,height_m,eta_cos,eta_at,eta_sb,eta_trunc,eta_total,power_kw
1,107.25,11.664,4.0,6.0,6.0,0.833344139412053,0.9780340506043553,1.0,0.781053162005543,0.585661644974971,21.733229125520637
2,105.36,23.191,4.0,6.0,6.0,0.8165421651955902,0.9780340758651301,1.0,0.7848324514991182,0.5766301971059034,21.398082496818272
3,102.235,34.447,4.0,6.0,6.0,0.799794354955821,0.9780340592760167,1.0,0.7886117409926934,0.5675228858390051,21.060120664795974
4,97.911,45.299,4.0,6.0,6.0,0.7833088676491027,0.9780340710778659,1.0,0.7898715041572184,0.5567129207662501,20.658975311022463
5,92.44,55.619,4.0,6.0,6.0,0.7673028775730378,0.9780340440607935,1.0,0.7928949357520786,0.5474245506168733,20.314294592400916
6,85.884,65.288,4.0,6.0,6.0,0.7519976896007301,0.9780340621012709,1.0,0.799193751574704,0.5407672645714162,20.06725037459793
7,78.322,74.191,4.0,6.0,6.0,0.7376241209906463,0.9780340383523741,1.0,0.8042328042328042,0.5337755675013234,19.807796548819304
8,69.841,82.224,4.0,6.0,6.0,0.7244105314875736,0.9780340761308763,1.0,0.8097757621567145,0.5278266850531026,19.587040372625633
9,60.542,89.293,4.0,6.0,6.0,0.7125799126539638,0.9780340666951847,1.0,0.8140589569160998,0.5219528152389422,19.36906782888823
10,50.533,95.315,4.0,6.0,6.0,0.7023443730898944,0.9780340838575353,1.0,0.817838246409675,0.5168438361100884,19.179479497540992
11,39.931,100.22,4.0,6.0,6.0,0.693895819958494,0.9780340839226944,1.0,0.8221214411690602,0.5133009446226745,19.048006874869735
12,28.862,103.95,4.0,6.0,6.0,0.687401676975768,0.9780340479860785,1.0,0.8256487780297304,0.510678684677956,18.95069782843614
13,17.453,106.461,4.0,6.0,6.0,0.6829950390410408,0.9780340760146125,1.0,0.8369866465104561,0.514372678156364,19.087777671965682
14,5.841,107.724,4.0,6.0,6.0,0.6807678152160438,0.9780340650581211,1.0,0.8641975308641975,0.5293633200094507,19.644063126079168
15,-5.841,107.724,4.0,6.0,6.0,0.6807678152160438,0.9780340650581211,1.0,0.8644494834971026,0.5295176533388997,19.6497902581859
16,-17.453,106.461,4.0,6.0,6.0,0.6829950390410408,0.9780340760146125,1.0,0.8377425044091711,0.5148371929168905,19.105015279736868
17,-28.862,103.95,4.0,6.0,6.0,0.687401676975768,0.9780340479860785,1.0,0.8274124464600655,0.5117695454630478,18.99117841580235
18,-39.931,100.22,4.0,6.0,6.0,0.693895819958494,0.9780340839226944,1.0,0.8238851095993953,0.5144021112216199,19.088869899118613
19,-50.533,95.315,4.0,6.0,6.0,0.7023443730898944,0.9780340838575353,1.0,0.8193499622071051,0.5177991851601996,19.21493140049394
20,-60.542,89.293,4.0,6.0,6.0,0.7125799126539638,0.9780340666951847,1.0,0.8165784832451499,0.5235682680870973,19.429015423530405
21,-69.841,82.224,4.0,6.0,6.0,0.7244105314875737,0.9780340761308763,1.0,0.8107835726883346,0.5284835944308913,19.61141752305828
22,-78.322,74.191,4.0,6.0,6.0,0.7376241209906463,0.9780340383523741,1.0,0.8054925673973293,0.5346116821120711,19.83882379905242
23,-85.884,65.288,4.0,6.0,6.0,0.75199768960073,0.9780340621012709,1.0,0.8019652305366591,0.542642560886134,20.136840461016767
24,-92.44,55.619,4.0,6.0,6.0,0.7673028775730377,0.9780340440607935,1.0,0.798941798941799,0.5515993803641898,20.469217716079854
25,-97.911,45.299,4.0,6.0,6.0,0.7833088676491027,0.9780340710778659,1.0,0.7918871252204586,0.5581335597985085,20.711693589328107
26,-102.235,34.447,4.0,6.0,6.0,0.7997943549558211,0.9780340592760167,1.0,0.7883597883597884,0.5673415686230823,21.053392191740134
27,-105.36,23.191,4.0,6.0,6.0,0.8165421651955903,0.9780340758651301,1.0,0.7858402620307382,0.577370653217757,21.425559970329445
28,-107.25,11.664,4.0,6.0,6.0,0.833344139412053,0.9780340506043553,1.0,0.781305114638448,0.5858505680862532,21.740239844593386
29,-107.882,0.0,4.0,6.0,6.0,0.8500082983770278,0.9780340870047565,1.0,0.7777777777777778,0.5948678733244113,22.074861656551075
30,-107.25,-11.664,4.0,6.0,6.0,0.8663513535585514,0.9780340506043553,1.0,0.7734945830183926,0.6029664352239523,22.37538996134976
31,-105.36,-23.191,4.0,6.0,6.0,0.8822056295765878,0.9780340758651301,1.0,0.7724867724867724,0.6132007680328277,22.755174264779136
32,-102.235,-34.447,4.0,6.0,6.0,0.8974164988787102,0.9780340592760167,1.0,0.7709750566893424,0.6225527898276823,23.102217022655353
33,-97.911,-45.299,4.0,6.0,6.0,0.9118415183735169,0.9780340710778659,1.0,0.7707231040564374,0.6323529551759266,23.465889871661002
34,-92.44,-55.619,4.0,6.0,6.0,0.9253503229850688,0.9780340440607935,1.0,0.7679516250944822,0.6394135631914724,23.727900903259123
35,-85.884,-65.288,4.0,6.0,6.0,0.9378309774578619,0.9780340621012709,1.0,0.7661879566641472,0.6465493845786926,23.992703016455174
36,-78.322,-74.191,4.0,6.0,6.0,0.9491772284695762,0.9780340383523741,1.0,0.7671957671957672,0.6552323115986947,24.314916437847902
37,-69.841,-82.224,4.0,6.0,6.0,0.9593004066724666,0.9780340761308763,1.0,0.7659360040312422,0.6611331399251584,24.53388938092817
38,-60.542,-89.293,4.0,6.0,6.0,0.968120588231,0.9780340666951847,1.0,0.764424288233812,0.6658949835771621,24.710595914533123
39,-50.533,-95.315,4.0,6.0,6.0,0.9755718844774526,0.9780340838575353,1.0,0.764424288233812,0.6710201634891803,24.900785438284785
40,-39.931,-100.22,4.0,6.0,6.0,0.9815990592869425,0.9780340839226944,1.0,0.762660619803477,0.6736080566431395,24.996819172694295
41,-28.862,-103.95,4.0,6.0,6.0,0.9861571773508419,0.9780340479860785,1.0,0.7611489040060468,0.6753945745523445,25.06311479473261
42,-17.453,-106.461,4.0,6.0,6.0,0.9892146690830792,0.9780340760146125,1.0,0.7619047619047619,0.6781613733091264,25.165787510013317
43,-5.841,-107.724,4.0,6.0,6.0,0.9907485745254152,0.9780340650581211,1.0,0.7598891408415218,0.6774160830908801,25.138130648381466
44,5.841,-107.724,4.0,6.0,6.0,0.9907485745254152,0.9780340650581211,1.0,0.7586293776769967,0.6762930458178513,25.09645602860629
45,17.453,-106.461,4.0,6.0,6.0,0.9892146690830792,0.9780340760146125,1.0,0.7601410934744268,0.6765915553153553,25.107533372258658
46,28.862,-103.95,4.0,6.0,6.0,0.9861571773508419,0.9780340479860785,1.0,0.7611489040060468,0.6753945745523445,25.06311479473261
47,39.931,-100.22,4.0,6.0,6.0,0.9815990592869425,0.9780340839226944,1.0,0.7616528092718569,0.6727179237635318,24.963787366717824
48,50.533,-95.315,4.0,6.0,6.0,0.9755718844774526,0.9780340838575353,1.0,0.762408667170572,0.6692508288458338,24.835127467452132
49,60.542,-89.293,4.0,6.0,6.0,0.968120588231,0.9780340666951847,1.0,0.762912572436382,0.6645781180855791,24.661728552803655
50,69.841,-82.224,4.0,6.0,6.0,0.9593004066724666,0.9780340761308763,1.0,0.765180146132527,0.6604807059054953,24.509678305881195
51,78.322,-74.191,4.0,6.0,6.0,0.9491772284695762,0.9780340383523741,1.0,0.764676240866717,0.653080481347139,24.23506449552328
52,85.884,-65.288,4.0,6.0,6.0,0.9378309774578619,0.9780340621012709,1.0,0.7664399092970522,0.646761995359547,24.00059275766413
53,92.44,-55.619,4.0,6.0,6.0,0.9253503229850687,0.9780340440607935,1.0,0.7682035777273872,0.6396233445442253,23.735685647649948
54,97.911,-45.299,4.0,6.0,6.0,0.9118415183735169,0.9780340710778659,1.0,0.7684555303602922,0.6304924855464453,23.39684998645507
55,102.235,-34.447,4.0,6.0,6.0,0.8974164988787103,0.9780340592760167,1.0,0.7697152935248174,0.6215355467070489,23.064468302030104
56,105.36,-23.191,4.0,6.0,6.0,0.8822056295765879,0.9780340758651301,1.0,0.7699672461577224,0.6112007655278285,22.68095647526584
57,107.25,-11.664,4.0,6.0,6.0,0.8663513535585515,0.9780340506043553,1.0,0.7729906777525826,0.6025736232140345,22.36081316007201
58,107.882,0.0,4.0,6.0,6.0,0.8500082983770277,0.9780340870047565,1.0,0.7760141093474426,0.593518966582179,22.024805280912634
59,121.217,6.05,4.0,6.0,6.0,0.8316532431073902,0.9767736827981991,1.0,0.8188460569412951,0.6119646342233318,22.709302762791456
60,120.012,18.089,4.0,6.0,6.0,0.8154545159451281,0.9767737107580499,1.0,0.8238851095993953,0.6037375466272983,22.40400501742183
61,117.615,29.948,4.0,6.0,6.0,0.799176664900233,0.9767736799288811,1.0,0.8259007306626355,0.5931334552376484,22.010499398919066
62,114.048,41.51,4.0,6.0,6.0,0.7829811972482315,0.9767737364260073,1.0,0.8289241622574955,0.5832408484120271,21.643396153154857
63,109.348,52.659,4.0,6.0,6.0,0.7670402492932743,0.9767737641885431,1.0,0.8334593096497859,0.5744925073625883,21.31875529246852
64,103.562,63.285,4.0,6.0,6.0,0.7515321962808562,0.9767737158383951,1.0,0.8369866465104561,0.5652595546554857,20.97613105130427
65,96.746,73.282,4.0,6.0,6.0,0.7366443281191966,0.9767737310954687,1.0,0.8417737465356513,0.5572306863658364,20.678188996100992
66,88.969,82.551,4.0,6.0,6.0,0.7225665353632321,0.9767736878906533,1.0,0.8463088939279415,0.5495263583139299,20.392290255340164
67,80.307,90.999,4.0,6.0,6.0,0.7094924874846836,0.9767737341407087,1.0,0.8508440413202318,0.5424747933671716,20.130614801609646
68,70.848,98.543,4.0,6.0,6.0,0.6976103849120013,0.9767736834377365,1.0,0.8561350466112371,0.5367066670808317,19.91656627840249
69,60.684,105.107,4.0,6.0,6.0,0.6871046107908053,0.9767737352919582,1.0,0.8594104308390023,0.530646475404384,19.691679544946627
70,49.917,110.627,4.0,6.0,6.0,0.6781438350416911,0.9767737311040688,1.0,0.8634416729654825,0.526182769184182,19.526036548064344
71,38.654,115.048,4.0,6.0,6.0,0.6708809051580403,0.9767736787205623,1.0,0.8699924414210128,0.5244966104179773,19.46346513823692
72,27.007,118.325,4.0,6.0,6.0,0.6654461505846005,0.9767736749466674,1.0,0.8800705467372134,0.5262743186136944,19.52943384195404
73,15.091,120.426,4.0,6.0,6.0,0.6619382306530058,0.9767736842961865,1.0,0.9019904257999496,0.5365388454749347,19.910338611891518
74,3.026,121.33,4.0,6.0,6.0,0.6604231106483761,0.9767736976580692,1.0,0.9322247417485513,0.5532541387348315,20.530623893392466
75,-9.07,121.028,4.0,6.0,6.0,0.660929543558274,0.9767737304528019,1.0,0.9191232048374905,0.545896983445933,20.257608334020293
76,-21.075,119.524,4.0,6.0,6.0,0.6634464906944969,0.9767736911590975,1.0,0.889392794154699,0.53025074659132,19.676994504463465
77,-32.871,116.831,4.0,6.0,6.0,0.6679291747547772,0.9767737525325643,1.0,0.8757873519778282,0.5256672139118241,19.50690488568358
78,-44.341,112.978,4.0,6.0,6.0,0.6742913206407747,0.9767736870294668,1.0,0.8694885361552028,0.5268575513165074,19.551076935833393
79,-55.369,108.002,4.0,6.0,6.0,0.6824198212863177,0.9767736849185237,1.0,0.8626858150667674,0.5290370255985393,19.63195471629075
80,-65.848,101.952,4.0,6.0,6.0,0.6921741715860315,0.9767736805234631,1.0,0.8594104308390023,0.5345616346549416,19.836966595559108
81,-75.671,94.889,4.0,6.0,6.0,0.7033906309775441,0.9767737379279093,1.0,0.8558830939783321,0.5409944740109971,20.07568185521863
82,-84.743,86.883,4.0,6.0,6.0,0.7158922202755369,0.976773734340858,1.0,0.8505920886873268,0.5472059135846906,20.30618122394573
83,-92.973,78.014,4.0,6.0,6.0,0.7294912482509408,0.9767736830577668,1.0,0.8453010833963215,0.5541320745866208,20.563203081714185
84,-100.279,68.369,4.0,6.0,6.0,0.74399804400728,0.976773669345637,1.0,0.8397581254724111,0.5614457255800307,20.83460424678563
85,-106.588,58.045,4.0,6.0,6.0,0.7592190093893139,0.976773659272935,1.0,0.8367346938775511,0.5708692061888154,21.1842987589461
86,-111.837,47.143,4.0,6.0,6.0,0.7749680920312714,0.9767737557318299,1.0,0.8332073570168809,0.5802547806387275,21.532586617208164
87,-115.976,35.774,4.0,6.0,6.0,0.791057136697909,0.9767736640096489,1.0,0.8281683043587805,0.5887192369815546,21.846692843388453
88,-118.961,24.049,4.0,6.0,6.0,0.8073148763803402,0.9767737178504406,1.0,0.8246409674981103,0.5982595700560756,22.200723615970816
89,-120.764,12.084,4.0,6.0,6.0,0.8235746283390462,0.9767737597449859,1.0,0.8226253464348703,0.6088171210852386,22.592502175297476
90,-121.368,0.0,4.0,6.0,6.0,0.8396756763330896,0.9767736719170759,1.0,0.8190980095742001,0.6180579765896118,22.935419680166614
91,-120.764,-12.084,4.0,6.0,6.0,0.8554750499415029,0.9767737597449859,1.0,0.81809019904258,0.6289126771191479,23.338225115218453
92,-118.961,-24.049,4.0,6.0,6.0,0.8708354311881623,0.9767737178504406,1.0,0.8143109095490048,0.6372474945669886,23.647520591313786
93,-115.976,-35.774,4.0,6.0,6.0,0.8856290911306496,0.9767736640096489,1.0,0.8127991937515747,0.6468698459673381,24.004594969505323
94,-111.837,-47.143,4.0,6.0,6.0,0.8997427872405079,0.9767737557318299,1.0,0.8100277147896195,0.6549378078825693,24.303987744128946
95,-106.588,-58.045,4.0,6.0,6.0,0.9130699070682811,0.976773659272935,1.0,0.8107835726883346,0.6652589671455015,24.68699407726842
96,-100.279,-68.369,4.0,6.0,6.0,0.9255146285101931,0.976773669345637,1.0,0.8100277147896195,0.6736975021608937,25.00013839284177
97,-92.973,-78.014,4.0,6.0,6.0,0.9369916149876532,0.9767736830577668,1.0,0.8080120937263794,0.6803546272132163,25.24717663637495
98,-84.743,-86.883,4.0,6.0,6.0,0.947423035722263,0.976773734340858,1.0,0.8049886621315193,0.6853548709626657,25.432729923025434
99,-75.671,-94.889,4.0,6.0,6.0,0.9567412354860407,0.9767737379279093,1.0,0.8075081884605694,0.6942617347462039,25.763253379800055
100,-65.848,-101.952,4.0,6.0,6.0,0.9648863244927183,0.9767736805234631,1.0,0.8054925673973293,0.6984244986392665,25.917728753524145
101,-55.369,-108.002,4.0,6.0,6.0,0.9718096536596017,0.9767736849185237,1.0,0.8059964726631393,0.7038759528555883,26.120025940931168
102,-44.341,-112.978,4.0,6.0,6.0,0.9774671781381461,0.9767736870294668,1.0,0.8062484252960443,0.7081949766506931,26.28029993965205
103,-32.871,-116.831,4.0,6.0,6.0,0.9818264421631315,0.9767737525325643,1.0,0.8052406147644243,0.7104642086124294,26.364508524227325
104,-21.075,-119.524,4.0,6.0,6.0,0.9848602586412392,0.9767736911590975,1.0,0.8054925673973293,0.7128824633539734,26.454247172528426
105,-9.07,-121.028,4.0,6.0,6.0,0.9865516300033104,0.9767737304528019,1.0,0.8042328042328042,0.7129899375376719,26.458235415705076
106,3.026,-121.33,4.0,6.0,6.0,0.9868902959460815,0.9767736976580692,1.0,0.8044847568657092,0.7134581150287834,26.47560894318983
107,15.091,-120.426,4.0,6.0,6.0,0.9858745246282069,0.9767736842961865,1.0,0.8047367094986143,0.7129469825045853,26.456641403899496
108,27.007,-118.325,4.0,6.0,6.0,0.9835100309709608,0.9767736749466674,1.0,0.8054925673973293,0.7119051010769446,26.41797838407769
109,38.654,-115.048,4.0,6.0,6.0,0.9798109348132622,0.9767736787205623,1.0,0.8039808515998992,0.7078964960332367,26.269223667704985
110,49.917,-110.627,4.0,6.0,6.0,0.9747989207343875,0.9767737311040688,1.0,0.8057445200302343,0.7058203877922171,26.19218168198064
111,60.684,-105.107,4.0,6.0,6.0,0.9685036694962683,0.9767737352919582,1.0,0.8049886621315193,0.7006043584055193,25.998620838856965
112,70.848,-98.543,4.0,6.0,6.0,0.9609633335432315,0.9767736834377365,1.0,0.8044847568657092,0.6947145811408367,25.780057987951647
113,80.307,-90.999,4.0,6.0,6.0,0.9522250179191518,0.9767737341407087,1.0,0.8054925673973293,0.6892597608200625,25.577635888285208
114,88.969,-82.551,4.0,6.0,6.0,0.9423420257164339,0.9767736878906533,1.0,0.8052406147644243,0.6818926528002003,25.30425099452976
115,96.746,-73.282,4.0,6.0,6.0,0.93137915507048,0.9767737310954687,1.0,0.8062484252960443,0.6748032910848829,25.041172946249386
116,103.562,-63.285,4.0,6.0,6.0,0.9194079422770891,0.9767737158383951,1.0,0.8090199042579995,0.6684197131041987,24.80428571949448
117,109.348,-52.659,4.0,6.0,6.0,0.9065109481680533,0.9767737641885431,1.0,0.8095238095238095,0.6594539799009749,24.471577686356543
118,114.048,-41.51,4.0,6.0,6.0,0.8927780114691728,0.9767737364260073,1.0,0.8102796674225246,0.6500701546275399,24.12335473801898
119,117.615,-29.948,4.0,6.0,6.0,0.878309368089222,0.9767736799288811,1.0,0.8125472411186697,0.641324617819418,23.7988179394982
120,120.012,-18.089,4.0,6.0,6.0,0.8632180540494034,0.9767737107580499,1.0,0.8138070042831947,0.6312824677271545,23.426165315341194
121,121.217,-6.05,4.0,6.0,6.0,0.8476223477593361,0.9767736827981991,1.0,0.8168304358780549,0.6221800583567373,23.088385387051684
122,134.294,12.263,4.0,6.0,6.0,0.8152018660543959,0.9754782331008501,1.0,0.855379188712522,0.6257909167463367,23.22238018318406
123,132.623,24.424,4.0,6.0,6.0,0.79976292523283,0.9754781854518743,1.0,0.8584026203073822,0.6161091963544573,22.86310269009343
124,129.852,36.383,4.0,6.0,6.0,0.7842845771788363,0.9754782313043768,1.0,0.8591584782060973,0.6047172597563659,22.4403610432842
125,126.006,48.04,4.0,6.0,6.0,0.7688969314910289,0.9754781992347674,1.0,0.8629377676996725,0.595460557746876,22.096855492860954
126,121.115,59.299,4.0,6.0,6.0,0.7537367508763834,0.975478249300453,1.0,0.8659611992945326,0.5857651663613129,21.73707068493991
127,115.221,70.067,4.0,6.0,6.0,0.7389465779692868,0.9754782317592576,1.0,0.8699924414210128,0.576944358965393,21.409740681596755
128,108.372,80.255,4.0,6.0,6.0,0.7246752101292718,0.9754781985962068,1.0,0.873267825648778,0.5679318952946224,21.075298534628672
129,100.625,89.777,4.0,6.0,6.0,0.7110779330378086,0.9754782184247347,1.0,0.8778029730410682,0.5601697499534012,20.78725426085083
130,92.044,98.555,4.0,6.0,6.0,0.6983085363039154,0.9754782596244264,1.0,0.8818342151675485,0.552636694903575,20.507711263938287
131,82.701,106.517,4.0,6.0,6.0,0.6865208413143533,0.9754782089395966,1.0,0.8883849836230788,0.5473439658887841,20.31130418595274
132,72.672,113.596,4.0,6.0,6.0,0.6758677321286876,0.9754782290688698,1.0,0.891912320483749,0.5409900581576581,20.075517987987055
133,62.041,119.734,4.0,6.0,6.0,0.6664929695374892,0.9754782126323025,1.0,0.8959435626102292,0.5358973719047391,19.88653426650089
134,50.896,124.879,4.0,6.0,6.0,0.6585318545220653,0.9754782662888221,1.0,0.9009826152683296,0.5324742663040046,19.759506760124246
135,39.329,128.99,4.0,6.0,6.0,0.6521009807260123,0.9754782580469272,1.0,0.90803728898967,0.5314029465425776,19.71975131764041
136,27.437,132.032,4.0,6.0,6.0,0.647301268790001,0.9754782408846099,1.0,0.9216427311665407,0.5353952012571479,19.86789929212985
137,15.317,133.98,4.0,6.0,6.0,0.6442088849509218,0.9754782362399969,1.0,0.9420508944318469,0.5446361803466526,20.210821383100882
138,3.07,134.818,4.0,6.0,6.0,0.6428740996978918,0.9754782120607308,1.0,0.9672461577223482,0.5580438718193773,20.70836537171818
139,-9.203,134.538,4.0,6.0,6.0,0.6433202203285573,0.9754782658580708,1.0,0.9564121945074326,0.5521762611322145,20.49062509697488
140,-21.399,133.144,4.0,6.0,6.0,0.6455378163030526,0.9754782394641419,1.0,0.9314688838498363,0.539629214593395,20.02501865063095
141,-33.418,130.647,4.0,6.0,6.0,0.649491171398128,0.9754781820563047,1.0,0.9138321995464853,0.5326538817136927,19.766172081110717
142,-45.159,127.067,4.0,6.0,6.0,0.6551172050938512,0.975478197745873,1.0,0.9052658100277148,0.5322314308274014,19.750495415266503
143,-56.527,122.434,4.0,6.0,6.0,0.662327206116497,0.975478187547994,1.0,0.8992189468379944,0.5344947377342127,19.834484127877527
144,-67.426,116.786,4.0,6.0,6.0,0.6710118423298677,0.9754782418646032,1.0,0.8946837994457042,0.5387721924482333,19.993215545875405
145,-77.767,110.171,4.0,6.0,6.0,0.6810428204882178,0.9754781985526275,1.0,0.889644746787604,0.5437464475008508,20.177804421918218
146,-87.463,102.643,4.0,6.0,6.0,0.6922813711056022,0.9754781962879522,1.0,0.8866213151927438,0.550840935256791,20.441072691662328
147,-96.435,94.264,4.0,6.0,6.0,0.7045796044952297,0.9754781786031106,1.0,0.8828420256991686,0.5582367865280191,20.71552421437173
148,-104.607,85.104,4.0,6.0,6.0,0.7177831025618436,0.9754782130544084,1.0,0.8762912572436382,0.5644781170989632,20.94713280358068
149,-111.912,75.239,4.0,6.0,6.0,0.7317364640761229,0.9754782535362887,1.0,0.874275636180398,0.5741276892974426,21.305217314240018
150,-118.291,64.751,4.0,6.0,6.0,0.7462847254862466,0.9754781635625646,1.0,0.8707482993197279,0.5831799268407267,21.641135423808628
151,-123.689,53.726,4.0,6.0,6.0,0.7612783265106017,0.9754781638813039,1.0,0.8677248677248677,0.5928309775668177,21.999274800924777
152,-128.062,42.255,4.0,6.0,6.0,0.7765713662660517,0.9754781966297424,1.0,0.8624338624338624,0.6010527209020567,22.304374226931426
153,-131.373,30.435,4.0,6.0,6.0,0.7920210938140146,0.9754782710079967,1.0,0.8586545729402872,0.6103243013177785,22.648431897874147
154,-133.597,18.362,4.0,6.0,6.0,0.807495805910841,0.9754782108257469,1.0,0.8566389518770471,0.6207882580472419,23.036737280533583
155,-134.713,6.138,4.0,6.0,6.0,0.8228680145726679,0.9754782302887284,1.0,0.854371378180902,0.6309316026328874,23.41314511579205
156,-134.713,-6.138,4.0,6.0,6.0,0.8380217796801592,0.9754782302887284,1.0,0.8531116150163769,0.6416032715281219,23.80915845769655
157,-133.597,-18.362,4.0,6.0,6.0,0.8528436950809206,0.9754782108257469,1.0,0.8500881834215167,0.6506370989559916,24.14439338908547
158,-131.373,-30.435,4.0,6.0,6.0,0.867234544195149,0.9754782710079967,1.0,0.8483245149911817,0.6602433159515906,24.50086903809906
159,-128.062,-42.255,4.0,6.0,6.0,0.8810950265732443,0.9754781966297424,1.0,0.8458049886621315,0.6688032675245611,24.818518982285998
160,-123.689,-53.726,4.0,6.0,6.0,0.8943411667203578,0.9754781638813039,1.0,0.8450491307634165,0.6782511842552312,25.16912029078601
161,-118.291,-64.751,4.0,6.0,6.0,0.9068902438581856,0.9754781635625646,1.0,0.8417737465356513,0.6851023953215442,25.42336084276521
162,-111.912,-75.239,4.0,6.0,6.0,0.9186699792525771,0.9754782535362887,1.0,0.8422776518014613,0.6944168039006215,25.76900781752391
163,-104.607,-85.104,4.0,6.0,6.0,0.929612452298517,0.9754782130544084,1.0,0.8437893675988914,0.7039493018234467,26.12274783665076
164,-96.435,-94.264,4.0,6.0,6.0,0.9396588303410596,0.9754781786031106,1.0,0.8435374149659864,0.7113444309408228,26.397172561062433
165,-87.463,-102.643,4.0,6.0,6.0,0.9487560426493177,0.9754781962879522,1.0,0.8410178886369363,0.7160859987721058,26.573126682312555
166,-77.767,-110.171,4.0,6.0,6.0,0.956855397479338,0.9754781985526275,1.0,0.8412698412698413,0.7224154509834699,26.808005364105842
167,-67.426,-116.786,4.0,6.0,6.0,0.963916819301176,0.9754782418646032,1.0,0.8405139833711263,0.7270929196730906,26.98158084003328
168,-56.527,-122.434,4.0,6.0,6.0,0.9699041216357875,0.975478187547994,1.0,0.8425296044343663,0.733363624507855,27.214279474341605
169,-45.159,-127.067,4.0,6.0,6.0,0.9747886975547143,0.975478197745873,1.0,0.8427815570672713,0.7372773681164486,27.359513992111236
170,-33.418,-130.647,4.0,6.0,6.0,0.9785460800033483,0.9754781820563047,1.0,0.8422776518014613,0.7396767140526904,27.448550956425258
171,-21.399,-133.144,4.0,6.0,6.0,0.9811592133980381,0.9754782394641419,1.0,0.8435374149659864,0.7427612696503211,27.56301526210227
172,-9.203,-134.538,4.0,6.0,6.0,0.9826149543973534,0.9754782658580708,1.0,0.8415217939027463,0.7420858697592733,27.53795195001851
173,3.07,-134.818,4.0,6.0,6.0,0.9829062843867971,0.9754782120607308,1.0,0.8415217939027463,0.7423058456932771,27.546115003578233
174,15.317,-133.98,4.0,6.0,6.0,0.9820322377561405,0.9754782362399969,1.0,0.8405139833711263,0.7407575721770076,27.488660356570403
175,27.437,-132.032,4.0,6.0,6.0,0.979996720892406,0.9754782408846099,1.0,0.8420256991685563,0.7405516995054772,27.48102065883803
176,39.329,-128.99,4.0,6.0,6.0,0.9768097018994802,0.9754782580469272,1.0,0.8422776518014613,0.738364254485125,27.399847093461688
177,50.896,-124.879,4.0,6.0,6.0,0.9724859179120058,0.9754782662888221,1.0,0.8417737465356513,0.7346561576246193,27.262243889665683
178,62.041,-119.734,4.0,6.0,6.0,0.9670465376963138,0.9754782126323025,1.0,0.8402620307382213,0.7292350171959799,27.061071612006494
179,72.672,-113.596,4.0,6.0,6.0,0.9605181177250908,0.9754782290688698,1.0,0.8405139833711263,0.7245292326789694,26.886445368336588
180,82.701,-106.517,4.0,6.0,6.0,0.9529328086407077,0.9754782089395966,1.0,0.8407659360040313,0.7190230068290024,26.6821156686867
181,92.044,-98.555,4.0,6.0,6.0,0.9443294475920676,0.9754782596244264,1.0,0.8392542202066011,0.7112503426996001,26.393681054794172
182,100.625,-89.777,4.0,6.0,6.0,0.9347514027725704,0.9754782184247347,1.0,0.8407659360040313,0.7053044713122727,26.17303661560235
183,108.372,-80.255,4.0,6.0,6.0,0.9242496501519002,0.9754781985962068,1.0,0.8410178886369363,0.6975894810237633,25.88674221152112
184,115.221,-70.067,4.0,6.0,6.0,0.912880200166907,0.9754782317592576,1.0,0.8435374149659864,0.6910723987503296,25.64490079422213
185,121.115,-59.299,4.0,6.0,6.0,0.900707278147153,0.975478249300453,1.0,0.8430335097001763,0.6814498924061979,25.287820666245292
186,126.006,-48.04,4.0,6.0,6.0,0.8878001457320632,0.9754781992347674,1.0,0.8435374149659864,0.6720861683200675,24.940343649817613
187,129.852,-36.383,4.0,6.0,6.0,0.8742368082789738,0.9754782313043768,1.0,0.8453010833963215,0.6632021460620153,24.61066781574669
188,132.623,-24.424,4.0,6.0,6.0,0.8600991515377038,0.9754781854518743,1.0,0.8473167044595616,0.654033022635643,24.27041220567674
189,134.294,-12.263,4.0,6.0,6.0,0.8454810772694721,0.9754782331008501,1.0,0.8480725623582767,0.6434907599274369,23.879200978332893
190,134.853,0.0,4.0,6.0,6.0,0.8304793087128459,0.9754782071679767,1.0,0.8521038044847569,0.635077489967117,23.566994219854955
191,148.218,5.973,4.0,6.0,6.0,0.8153540203337812,0.9741563979939667,1.0,0.8798185941043084,0.6429184183531425,23.857962041689305
192,147.257,17.88,4.0,6.0,6.0,0.8013300258231361,0.9741563759451332,1.0,0.8818342151675485,0.6333078426636114,23.501324646563894
193,145.34,29.671,4.0,6.0,6.0,0.78719693845687,0.9741564540894477,1.0,0.8835978835978836,0.623382495113045,23.133006430205192
194,142.481,41.27,4.0,6.0,6.0,0.7730415781114071,0.9741564659406288,0.9876543209876543,0.8966836734693877,0.6135693097242594,22.76885042249053
195,138.699,52.601,4.0,6.0,6.0,0.7589581377394229,0.9741563894839983,1.0,0.8881330309901738,0.6041048954552863,22.417636909344676
196,134.016,63.591,4.0,6.0,6.0,0.7450446324068104,0.9741564475289998,1.0,0.892164273116654,0.595722021720001,22.106558119769765
197,128.465,74.169,4.0,6.0,6.0,0.7314025483947315,0.9741563831607305,1.0,0.8961955152431343,0.5874565404836982,21.799835630628554
198,122.08,84.266,4.0,6.0,6.0,0.7181392210646209,0.9741563870344978,1.0,0.8979591836734694,0.5779386676635434,21.446638332217745
199,114.903,93.816,4.0,6.0,6.0,0.7053649593949867,0.9741564349623647,1.0,0.9009826152683296,0.5695696290816847,21.136072949252245
200,106.982,102.757,4.0,6.0,6.0,0.6931919477969963,0.9741564322617118,1.0,0.9045099521289998,0.561931514069593,20.852631298139915
201,98.366,111.033,4.0,6.0,6.0,0.6817306581345252,0.9741564163828937,1.0,0.909297052154195,0.5555653238598999,20.616389311540605
202,89.113,118.588,4.0,6.0,6.0,0.6710970037311642,0.9741564019043767,1.0,0.9138321995464853,0.5496272706013704,20.39603499410416
203,79.282,125.374,4.0,6.0,6.0,0.661399997491935,0.9741563902840664,1.0,0.9173595364071555,0.5437763059294731,20.178912433815782
204,68.936,131.347,4.0,6.0,6.0,0.6527454635983272,0.9741564132319133,1.0,0.9196271101033006,0.537987455531355,19.964094862688956
205,58.144,136.468,4.0,6.0,6.0,0.645233098755315,0.9741564021551892,1.0,0.9256739732930209,0.5352925596559228,19.864090380522995
206,46.974,140.704,4.0,6.0,6.0,0.6389521440603896,0.9741564246277397,1.0,0.9324766943814563,0.5339773606698587,19.815284860893986
207,35.5,144.028,4.0,6.0,6.0,0.633980152706828,0.9741563771658857,1.0,0.9400352733686067,0.5341168973219961,19.82046290534735
208,23.795,146.417,4.0,6.0,6.0,0.6303821104578771,0.9741564354123625,1.0,0.9559082892416225,0.5400533180982906,20.04075664324822
209,11.936,147.857,4.0,6.0,6.0,0.6282035697694048,0.9741564285404872,1.0,0.9730410682791635,0.547832885463863,20.329447428284404
210,0.0,148.338,4.0,6.0,6.0,0.6274741839082087,0.9741564279745761,1.0,0.9871504157218443,0.5551313104651517,20.60028357432435
211,-11.936,147.857,4.0,6.0,6.0,0.6282035697694048,0.9741564285404872,1.0,0.9722852103804485,0.547407329105398,20.31365552194446
212,-23.795,146.417,4.0,6.0,6.0,0.6303821104578771,0.9741564354123625,1.0,0.9546485260770975,0.5393415978583086,20.014345524846465
213,-35.5,144.028,4.0,6.0,6.0,0.6339801527068278,0.9741563771658857,1.0,0.9400352733686067,0.534116897321996,19.820462905347345
214,-46.974,140.704,4.0,6.0,6.0,0.6389521440603896,0.9741564246277397,1.0,0.9302091206853111,0.5326788477690133,19.767098542669707
215,-58.144,136.468,4.0,6.0,6.0,0.6452330987553151,0.9741564021551892,1.0,0.9254220206601159,0.5351468621709866,19.858683714660035
216,-68.936,131.347,4.0,6.0,6.0,0.6527454635983274,0.9741564132319133,1.0,0.9216427311665407,0.5391666061188211,20.00785178293595
217,-79.282,125.374,4.0,6.0,6.0,0.661399997491935,0.9741563902840664,1.0,0.9173595364071555,0.5437763059294731,20.178912433815782
218,-89.113,118.588,4.0,6.0,6.0,0.6710970037311641,0.9741564019043767,1.0,0.9133282942806752,0.549324195183338,20.384788214399656
219,-98.366,111.033,4.0,6.0,6.0,0.6817306581345253,0.9741564163828937,1.0,0.9108087679516251,0.5564889569835241,20.650664272989555
220,-106.982,102.757,4.0,6.0,6.0,0.6931919477969963,0.9741564322617118,1.0,0.9057697152935248,0.5627141484903028,20.88167396011504
221,-114.903,93.816,4.0,6.0,6.0,0.7053649593949867,0.9741564349623647,1.0,0.9029982363315696,0.5708438340684446,21.18335722878077
222,-122.08,84.266,4.0,6.0,6.0,0.7181392210646208,0.9741563870344978,1.0,0.8989669942050894,0.5785873081435248,21.470708633376233
223,-128.465,74.169,4.0,6.0,6.0,0.7314025483947314,0.9741563831607305,1.0,0.8964474678760394,0.5876216955414668,21.805964344609606
224,-134.016,63.591,4.0,6.0,6.0,0.7450446324068104,0.9741564475289998,1.0,0.8936759889140842,0.5967314349169285,22.144016280944186
225,-138.699,52.601,4.0,6.0,6.0,0.7589581377394228,0.9741563894839983,1.0,0.889896699420509,0.6053045363824315,22.462154202497985
226,-142.481,41.27,4.0,6.0,6.0,0.7730415781114071,0.9741564659406288,1.0,0.8878810783572688,0.6151403264490157,22.827149043771445
227,-145.34,29.671,4.0,6.0,6.0,0.7871969384568698,0.9741564540894477,1.0,0.8843537414965986,0.6239157564433383,23.15279514400348
228,-147.257,17.88,4.0,6.0,6.0,0.8013300258231361,0.9741563759451332,1.0,0.8833459309649786,0.6343935132510348,23.541612631672294
229,-148.218,5.973,4.0,6.0,6.0,0.815354020333781,0.9741563979939667,1.0,0.8815822625346434,0.644207200978707,23.905787280604486
230,-148.218,-5.973,4.0,6.0,6.0,0.8291855265797146,0.9741563979939667,1.0,0.8800705467372134,0.6540119957886655,24.269631923602493
231,-147.257,-17.88,4.0,6.0,6.0,0.8427458607909706,0.9741563759451332,0.9876543209876543,0.8885204081632653,0.6628045916746071,24.595915030302173
232,-145.34,-29.671,4.0,6.0,6.0,0.8559631207473168,0.9741564540894477,1.0,0.8745275888133031,0.6708804058385245,24.895599192830936
233,-142.481,-41.27,4.0,6.0,6.0,0.8687685699587118,0.9741564659406288,1.0,0.873267825648778,0.6799361081170006,25.231645874732106
234,-138.699,-52.601,4.0,6.0,6.0,0.8810977239203339,0.9741563894839983,1.0,0.873771730914588,0.6899833009286988,25.60448562839952
235,-134.016,-63.591,4.0,6.0,6.0,0.8928943133478804,0.9741564475289998,1.0,0.872008062484253,0.6978098477210214,25.894919765855157
236,-128.465,-74.169,4.0,6.0,6.0,0.9041022319122041,0.9741563831607305,1.0,0.8699924414210128,0.7049357384315177,26.159353363075365
237,-122.08,-84.266,4.0,6.0,6.0,0.9146729833498042,0.9741563870344978,1.0,0.8697404887881078,0.7129713020596309,26.457543874577865
238,-114.903,-93.816,4.0,6.0,6.0,0.924560324630945,0.9741564349623647,1.0,0.8674729150919627,0.7187994027505455,26.673817978864935
239,-106.982,-102.757,4.0,6.0,6.0,0.933721795779756,0.9741564322617118,1.0,0.8679768203577728,0.7263436661906635,26.953776906232253
240,-98.366,-111.033,4.0,6.0,6.0,0.9421223253055031,0.9741564163828937,1.0,0.8704963466868229,0.735005807963918,27.27521901105701
241,-89.113,-118.588,4.0,6.0,6.0,0.9497261194675855,0.9741564019043767,1.0,0.8694885361552028,0.7400801549122581,27.463522182072033
242,-79.282,-125.374,4.0,6.0,6.0,0.9565044236641131,0.9741563902840664,1.0,0.8704963466868229,0.7462261205551379,27.69159188863442
243,-68.936,-131.347,4.0,6.0,6.0,0.9624315382603947,0.9741564132319133,1.0,0.8699924414210128,0.7504155880928827,27.847058203857483
244,-58.144,-136.468,4.0,6.0,6.0,0.9674839241361373,0.9741564021551892,1.0,0.871756109851348,0.7558842108108854,28.04999249458854
245,-46.974,-140.704,4.0,6.0,6.0,0.9716437004674692,0.9741564246277397,1.0,0.873267825648778,0.7604506320779776,28.219447128561722
246,-35.5,-144.028,4.0,6.0,6.0,0.9748946534791754,0.9741563771658857,1.0,0.8750314940791132,0.7645358913483422,28.371046395001283
247,-23.795,-146.417,4.0,6.0,6.0,0.9772256255371111,0.9741564354123625,1.0,0.874275636180398,0.7657019514968422,28.414317544134793
248,-11.936,-147.857,4.0,6.0,6.0,0.9786274431484853,0.9741564285404872,1.0,0.874275636180398,0.7668003357048124,28.455077317059125
249,0.0,-148.338,4.0,6.0,6.0,0.9790952636533419,0.9741564279745761,1.0,0.874023683547493,0.7669458089268917,28.46047566078575
250,11.936,-147.857,4.0,6.0,6.0,0.9786274431484853,0.9741564285404872,1.0,0.872511967750063,0.7652534762379728,28.39767514379705
251,23.795,-146.417,4.0,6.0,6.0,0.9772256255371111,0.9741564354123625,1.0,0.872763920382968,0.7643779711772513,28.36518615933226
252,35.5,-144.028,4.0,6.0,6.0,0.9748946534791751,0.9741563771658857,1.0,0.873015873015873,0.7627747951402261,28.30569414301164
253,46.974,-140.704,4.0,6.0,6.0,0.9716437004674692,0.9741564246277397,1.0,0.872511967750063,0.7597924232215917,28.195021755974974
254,58.144,-136.468,4.0,6.0,6.0,0.9674839241361373,0.9741564021551892,1.0,0.8697404887881078,0.7541365016529412,27.985137020612616
255,68.936,-131.347,4.0,6.0,6.0,0.9624315382603946,0.9741564132319133,1.0,0.8694885361552028,0.7499809425162288,27.830929007098806
256,79.282,-125.374,4.0,6.0,6.0,0.9565044236641131,0.9741563902840664,1.0,0.8692365835222978,0.7451461985282855,27.651517225988062
257,89.113,-118.588,4.0,6.0,6.0,0.9497261194675853,0.9741564019043767,1.0,0.8694885361552028,0.740080154912258,27.46352218207203
258,98.366,-111.033,4.0,6.0,6.0,0.9421223253055031,0.9741564163828937,1.0,0.8679768203577728,0.7328784394893482,27.19627481710316
259,106.982,-102.757,4.0,6.0,6.0,0.9337217957797559,0.9741564322617118,1.0,0.8672209624590577,0.7257111463071881,26.930304821843656
260,114.903,-93.816,4.0,6.0,6.0,0.9245603246309451,0.9741564349623647,1.0,0.8682287729906778,0.7194257164909615,26.697059760432353
261,122.08,-84.266,4.0,6.0,6.0,0.9146729833498044,0.9741563870344978,1.0,0.8684807256235828,0.7119386089801704,26.419221823774603
262,128.465,-74.169,4.0,6.0,6.0,0.904102231912204,0.9741563831607305,0.9876543209876543,0.8795918367346939,0.7039149800497749,26.12147419515895
263,134.016,-63.591,4.0,6.0,6.0,0.8928943133478806,0.9741564475289998,1.0,0.8689846308893928,0.6953903972232891,25.80513674441909
264,138.699,-52.601,4.0,6.0,6.0,0.881097723920334,0.9741563894839983,1.0,0.8704963466868229,0.6873968583358289,25.50850572264139
265,142.481,-41.27,4.0,6.0,6.0,0.8687685699587118,0.9741564659406288,1.0,0.871504157218443,0.678562896127151,25.180687559347483
266,145.34,-29.671,4.0,6.0,6.0,0.8559631207473171,0.9741564540894477,1.0,0.874275636180398,0.6706871242465227,24.88842673555844
267,147.257,-17.88,4.0,6.0,6.0,0.8427458607909707,0.9741563759451332,1.0,0.8762912572436382,0.6618531064726627,24.560606510304616
268,148.218,-5.973,4.0,6.0,6.0,0.8291855265797147,0.9741563979939667,1.0,0.8757873519778282,0.6508290001034646,24.151514619651383
269,161.325,12.697,4.0,6.0,6.0,0.8010649138815418,0.9728149185097869,1.0,0.9012345679012346,0.646135497424461,23.97734414084465
270,159.831,25.315,4.0,6.0,6.0,0.7869602496202672,0.9728149715821105,1.0,0.9037540942302847,0.63653332707016,23.621018658029016
271,157.352,37.777,4.0,6.0,6.0,0.7727771243856603,0.9728149852339242,1.0,0.9060216679264298,0.6266296220881167,23.25350357246198
272,153.903,50.006,4.0,6.0,6.0,0.7586014019040621,0.9728149914759227,1.0,0.9070294784580499,0.6158190576152104,22.852335975639196
273,149.505,61.927,4.0,6.0,6.0,0.7445229602049015,0.9728150023258371,1.0,0.909800957420005,0.6062371856028087,22.496763740913398
274,144.186,73.466,4.0,6.0,6.0,0.7306372398205738,0.9728149536594245,1.0,0.9143361048122953,0.5978961244892822,22.187236569575433
275,137.977,84.552,4.0,6.0,6.0,0.7170435340053746,0.9728150039092183,1.0,0.9171075837742504,0.5885507211079194,21.84043941340132
276,130.918,95.117,4.0,6.0,6.0,0.703844344397087,0.9728149812824322,1.0,0.9186192995716805,0.5786690677015583,21.473742636410563
277,123.051,105.096,4.0,6.0,6.0,0.6911458130449167,0.9728149963080002,1.0,0.9216427311665407,0.570099116261613,21.15572160867726
278,114.426,114.426,4.0,6.0,6.0,0.6790583413231801,0.9728150268764546,1.0,0.9244142101284959,0.5618130189652187,20.848234081290027
279,105.096,123.051,4.0,6.0,6.0,0.6676896997038454,0.9728149963080002,1.0,0.9292013101536911,0.5552679082757361,20.60535256175241
280,95.117,130.918,4.0,6.0,6.0,0.657148691170065,0.9728149812824322,1.0,0.9327286470143613,0.5485762990367417,20.35703464976804
281,84.552,137.977,4.0,6.0,6.0,0.6475441793723765,0.9728150039092183,1.0,0.9360040312421265,0.5424568661778534,20.129949544261184
282,73.466,144.186,4.0,6.0,6.0,0.6389770919374502,0.9728149536594245,1.0,0.9372637944066515,0.5360004996751244,19.890361219285353
283,61.927,149.505,4.0,6.0,6.0,0.6315452625970643,0.9728150023258371,1.0,0.9420508944318469,0.5324721954615658,19.759429913546374
284,50.006,153.903,4.0,6.0,6.0,0.6253337684573174,0.9728149914759227,1.0,0.9473418997228521,0.5301963205777224,19.674974817782505
285,37.777,157.352,4.0,6.0,6.0,0.6204190781953467,0.9728149852339242,1.0,0.9551524313429075,0.530366285418737,19.68128201728028
286,25.315,159.831,4.0,6.0,6.0,0.6168624608962616,0.9728149715821105,1.0,0.9690098261526833,0.5349763658291596,19.852356791779254
287,12.697,161.325,4.0,6.0,6.0,0.6147093115566332,0.9728149185097869,1.0,0.981859410430839,0.5401783178548515,20.045395240249203
288,0.0,161.823,4.0,6.0,6.0,0.6139893817371957,0.9728150069714736,1.0,0.9942050894431846,0.5463298520427411,20.273671589103483
289,-12.697,161.325,4.0,6.0,6.0,0.6147093115566332,0.9728149185097869,1.0,0.981607457797934,0.5400397039677961,20.040251438545265
290,-25.315,159.831,4.0,6.0,6.0,0.6168624608962616,0.9728149715821105,1.0,0.9685059208868733,0.5346981669909749,19.84203315330199
291,-37.777,157.352,4.0,6.0,6.0,0.6204190781953467,0.9728149852339242,1.0,0.9549004787100025,0.530226383998157,19.676090436690128
292,-50.006,153.903,4.0,6.0,6.0,0.6253337684573174,0.9728149914759227,1.0,0.9468379944570421,0.5299143012582661,19.664509405645386
293,-61.927,149.505,4.0,6.0,6.0,0.6315452625970642,0.9728150023258371,1.0,0.9412950365331317,0.5320449644943592,19.743575864404715
294,-73.466,144.186,4.0,6.0,6.0,0.6389770919374501,0.9728149536594245,1.0,0.9385235575711767,0.5367209304542575,19.91709557576288
295,-84.552,137.977,4.0,6.0,6.0,0.6475441793723765,0.9728150039092183,1.0,0.9347442680776014,0.5417267761829976,20.102856745412918
296,-95.117,130.918,4.0,6.0,6.0,0.657148691170065,0.9728149812824322,1.0,0.9334845049130763,0.5490208503325575,20.373531436356185
297,-105.096,123.051,4.0,6.0,6.0,0.6676896997038453,0.9728149963080002,1.0,0.9292013101536911,0.5552679082757361,20.60535256175241
298,-114.426,114.426,4.0,6.0,6.0,0.6790583413231801,0.9728150268764546,1.0,0.9256739732930209,0.562578640413795,20.876645411463496
299,-123.051,105.096,4.0,6.0,6.0,0.6911458130449167,0.9728149963080002,1.0,0.9218946837994457,0.5702549662113838,21.161505020817412
300,-130.918,95.117,4.0,6.0,6.0,0.703844344397087,0.9728149812824322,1.0,0.9208868732678257,0.5800974883294557,21.52674968076813
301,-137.977,84.552,4.0,6.0,6.0,0.7170435340053746,0.9728150039092183,1.0,0.9176114890400605,0.5888741006250117,21.852439654837255
302,-144.186,73.466,4.0,6.0,6.0,0.7306372398205738,0.9728149536594245,1.0,0.9153439153439153,0.5985551447422327,22.21169205215419
303,-149.505,61.927,4.0,6.0,6.0,0.7445229602049016,0.9728150023258371,1.0,0.9118165784832452,0.6075802754629093,22.546604258755362
304,-153.903,50.006,4.0,6.0,6.0,0.7586014019040621,0.9728149914759227,1.0,0.90904509952129,0.6171875444099107,22.90311894447395
305,-157.352,37.777,4.0,6.0,6.0,0.7727771243856603,0.9728149852339242,1.0,0.9067775258251449,0.6271523942978676,23.27290304707749
306,-159.831,25.315,4.0,6.0,6.0,0.786960249620267,0.9728149715821105,1.0,0.9050138573948098,0.6374206051954318,23.65394452735996
307,-161.325,12.697,4.0,6.0,6.0,0.8010649138815418,0.9728149185097869,1.0,0.9032501889644747,0.6475805865995786,24.030969735792024
308,-161.823,0.0,4.0,6.0,6.0,0.8150121781669475,0.9728150069714736,1.0,0.9009826152683296,0.6572015790948509,24.387993686581225
309,-161.325,-12.697,4.0,6.0,6.0,0.8287238591273658,0.9728149185097869,1.0,0.8982111363063744,0.6662026059060634,24.72201142486319
310,-159.831,-25.315,4.0,6.0,6.0,0.8421298465713442,0.9728149715821105,1.0,0.8969513731418494,0.6760300980967513,25.08669834151899
311,-157.352,-37.777,4.0,6.0,6.0,0.8551636427494231,0.9728149852339242,1.0,0.8964474678760394,0.6861074777064174,25.46065829249219
312,-153.903,-50.006,4.0,6.0,6.0,0.8677634220351054,0.9728149914759227,1.0,0.8949357520786092,0.6950423697653734,25.792221846286775
313,-149.505,-61.927,4.0,6.0,6.0,0.87987225529647,0.9728150023258371,1.0,0.8939279415469892,0.703947421581926,26.122678063053446
314,-144.186,-73.466,4.0,6.0,6.0,0.8914359421132905,0.9728149536594245,1.0,0.8936759889140842,0.7129979730798782,26.45853360542164
315,-137.977,-84.552,4.0,6.0,6.0,0.9024069041008216,0.9728150039092183,1.0,0.8929201310153692,0.721162459449391,26.7615082913743
316,-130.918,-95.117,4.0,6.0,6.0,0.9127389621588609,0.9728149812824322,1.0,0.8944318468127992,0.7306542608829047,27.113738110653856
317,-123.051,-105.096,4.0,6.0,6.0,0.9223919931406249,0.9728149963080002,1.0,0.8944318468127992,0.7383815946761679,27.40049056798021
318,-114.426,-114.426,4.0,6.0,6.0,0.9313269034078525,0.9728150268764546,1.0,0.8934240362811792,0.7446940412818671,27.634738191333003
319,-105.096,-123.051,4.0,6.0,6.0,0.9395105048954178,0.9728149963080002,1.0,0.8934240362811792,0.7512376697939449,27.877564708974184
320,-95.117,-130.918,4.0,6.0,6.0,0.9469133391583784,0.9728149812824322,1.0,0.8931720836482742,0.7569434800715592,28.089300756868255
321,-84.552,-137.977,4.0,6.0,6.0,0.9535073077793907,0.9728150039092183,1.0,0.8939279415469892,0.7628596172033588,28.308841792083044
322,-73.466,-144.186,4.0,6.0,6.0,0.9592690399899269,0.9728149536594245,1.0,0.8946837994457042,0.768118219440073,28.503982464638728
323,-61.927,-149.505,4.0,6.0,6.0,0.9641785131416126,0.9728150023258371,1.0,0.8949357520786092,0.7722668518953674,28.65793343698273
324,-50.006,-153.903,4.0,6.0,6.0,0.9682185298887103,0.9728149914759227,1.0,0.8959435626102292,0.7763760423648416,28.810420762659156
325,-37.777,-157.352,4.0,6.0,6.0,0.9713750600388451,0.9728149852339242,1.0,0.8964474678760394,0.7793452142182075,28.920603310476512
326,-25.315,-159.831,4.0,6.0,6.0,0.9736374157280918,0.9728149715821105,1.0,0.8974552784076594,0.7820385184458182,29.020548728424956
327,-12.697,-161.325,4.0,6.0,6.0,0.9749977913947118,0.9728149185097869,1.0,0.8984630889392794,0.7840105761223576,29.093729517538787
328,0.0,-161.823,4.0,6.0,6.0,0.9754520696758198,0.9728150069714736,1.0,0.9004787100025196,0.7861356163477153,29.172587312845874
329,12.697,-161.325,4.0,6.0,6.0,0.9749977913947118,0.9728149185097869,1.0,0.8989669942050894,0.7844502904107044,29.110046808350642
330,25.315,-159.831,4.0,6.0,6.0,0.9736374157280918,0.9728149715821105,1.0,0.8969513731418494,0.781599417649386,29.004254203591483
331,37.777,-157.352,4.0,6.0,6.0,0.9713750600388449,0.9728149852339242,1.0,0.8972033257747544,0.7800023349721855,28.944988304836098
332,50.006,-153.903,4.0,6.0,6.0,0.9682185298887103,0.9728149914759227,1.0,0.8959435626102292,0.7763760423648416,28.810420762659156
333,61.927,-149.505,4.0,6.0,6.0,0.9641785131416126,0.9728150023258371,1.0,0.8949357520786092,0.7722668518953674,28.65793343698273
334,73.466,-144.186,4.0,6.0,6.0,0.9592690399899269,0.9728149536594245,1.0,0.8934240362811792,0.7670366674555052,28.463847316138818
335,84.552,-137.977,4.0,6.0,6.0,0.9535073077793907,0.9728150039092183,1.0,0.8929201310153692,0.7619995725390936,28.27692652512467
336,95.117,-130.918,4.0,6.0,6.0,0.9469133391583784,0.9728149812824322,1.0,0.8931720836482742,0.7569434800715592,28.089300756868255
337,105.096,-123.051,4.0,6.0,6.0,0.9395105048954178,0.9728149963080002,1.0,0.8936759889140842,0.7514495247487654,27.88542640234952
338,114.426,-114.426,4.0,6.0,6.0,0.9313269034078525,0.9728150268764546,1.0,0.8941798941798942,0.745324070081598,27.65811783447288
339,123.051,-105.096,4.0,6.0,6.0,0.922391993140625,0.9728149963080002,1.0,0.8929201310153692,0.7371336257837576,27.354179879696304
340,130.918,-95.117,4.0,6.0,6.0,0.9127389621588609,0.9728149812824322,1.0,0.8936759889140842,0.7300368065779334,27.090825092532178
341,137.977,-84.552,4.0,6.0,6.0,0.9024069041008217,0.9728150039092183,1.0,0.8934240362811792,0.7215694360066425,26.77661072268998
342,144.186,-73.466,4.0,6.0,6.0,0.8914359421132905,0.9728149536594245,1.0,0.8931720836482742,0.7125959443383616,26.443614781849373
343,149.505,-61.927,4.0,6.0,6.0,0.8798722552964697,0.9728150023258371,1.0,0.892416225749559,0.7027569806209643,26.0785021700494
344,153.903,-50.006,4.0,6.0,6.0,0.8677634220351056,0.9728149914759227,1.0,0.891408415217939,0.6923029009656227,25.69056331423498
345,157.352,-37.777,4.0,6.0,6.0,0.8551636427494231,0.9728149852339242,1.0,0.8936759889140842,0.6839862910131149,25.381943497321476
346,159.831,-25.315,4.0,6.0,6.0,0.8421298465713443,0.9728149715821105,1.0,0.8984630889392794,0.6771694746665774,25.12897929377998
347,161.325,-12.697,4.0,6.0,6.0,0.8287238591273659,0.9728149185097869,1.0,0.8979591836734694,0.6660157328048276,24.715076779302226
348,161.823,0.0,4.0,6.0,6.0,0.8150121781669475,0.9728150069714736,1.0,0.8992189468379944,0.6559151106793967,24.340254325337913
349,175.186,6.555,4.0,6.0,6.0,0.8017423560803469,0.9714589794996179,1.0,0.9173595364071555,0.6573349171836745,24.392941709489037
350,174.206,19.628,4.0,6.0,6.0,0.7880845657381212,0.9714590122783044,1.0,0.9181153943058705,0.6466695334106788,23.997161601232108
351,172.252,32.592,4.0,6.0,6.0,0.7743026415000183,0.9714590119476398,1.0,0.9198790627362056,0.636581163542555,23.62279381442527
352,169.335,45.373,4.0,6.0,6.0,0.7604707558253305,0.9714589942663086,1.0,0.9223985890652557,0.6269219108281656,23.264350070969773
353,165.471,57.901,4.0,6.0,6.0,0.7466640257424711,0.9714589578909638,1.0,0.9236583522297808,0.6163804760078905,22.873169565593546
354,160.681,70.105,4.0,6.0,6.0,0.7329644547592168,0.9714589817563715,1.0,0.9264298311917359,0.6068868680453817,22.52087270810361
355,154.993,81.916,4.0,6.0,6.0,0.7194576542132547,0.9714589914576783,1.0,0.9286974048878811,0.597161456968351,22.159973904006545
356,148.438,93.27,4.0,6.0,6.0,0.7062299788401813,0.9714589708231447,1.0,0.9319727891156463,0.5882496424313715,21.829266730473613
357,141.053,104.102,4.0,6.0,6.0,0.6933752939861207,0.9714589585905998,1.0,0.9342403628117913,0.5789476221490955,21.48407947114133
358,132.879,114.352,4.0,6.0,6.0,0.6809878900307103,0.9714589489898332,0.9876543209876543,0.9454081632653061,0.5682978142319489,21.088877364955906
359,123.962,123.962,4.0,6.0,6.0,0.6691656590291879,0.9714589644449038,1.0,0.9390274628369867,0.5615962855638708,20.840191354382664
360,114.352,132.879,4.0,6.0,6.0,0.6580060573024871,0.9714589489898332,1.0,0.9435626102292769,0.5548976624686633,20.591613166272243
361,104.102,141.053,4.0,6.0,6.0,0.6476073493527654,0.9714589585905998,1.0,0.9435626102292769,0.5461284192094196,20.266196648653583
362,93.27,148.438,4.0,6.0,6.0,0.6380666564091146,0.9714589708231447,1.0,0.9460821365583271,0.5395195458602677,20.020948970252512
363,81.916,154.993,4.0,6.0,6.0,0.6294770664922068,0.9714589914576783,1.0,0.9478458049886621,0.5332488213446452,19.788249605610208
364,70.105,160.681,4.0,6.0,6.0,0.6219275614561025,0.9714589817563715,1.0,0.9498614260519023,0.5279737736638986,19.59249866156706
365,57.901,165.471,4.0,6.0,6.0,0.6154982020654914,0.9714589578909638,1.0,0.9538926681783825,0.5247332495600254,19.47224654425578
366,45.373,169.335,4.0,6.0,6.0,0.610262139364923,0.9714589942663086,1.0,0.9599395313681028,0.5235674090857771,19.428983546980746
367,32.592,172.252,4.0,6.0,6.0,0.6062794304947975,0.9714590119476398,1.0,0.9690098261526833,0.5250653069838883,19.484568812817432
368,19.628,174.206,4.0,6.0,6.0,0.6035969082432192,0.9714590122783044,1.0,0.9795918367346939,0.5284506943273474,19.610196638107542
369,6.555,175.186,4.0,6.0,6.0,0.6022472081147575,0.9714589794996179,1.0,0.9909297052154195,0.5333716610779908,19.79280804663742
370,-6.555,175.186,4.0,6.0,6.0,0.6022472081147575,0.9714589794996179,1.0,0.9916855631141346,0.5337785044502852,19.80790553561273
371,-19.628,174.206,4.0,6.0,6.0,0.6035969082432192,0.9714590122783044,1.0,0.9798437893675989,0.528586612715806,19.61524041296302
372,-32.592,172.252,4.0,6.0,6.0,0.6062794304947975,0.9714590119476398,1.0,0.9687578735197783,0.5249287845431749,19.47950262227848
373,-45.373,169.335,4.0,6.0,6.0,0.610262139364923,0.9714589942663086,1.0,0.9594356261022927,0.5232925705508239,19.418784605486263
374,-57.901,165.471,4.0,6.0,6.0,0.6154982020654913,0.9714589578909638,1.0,0.9543965734441925,0.5250104462053291,19.482532992509476
375,-70.105,160.681,4.0,6.0,6.0,0.6219275614561025,0.9714589817563715,1.0,0.9518770471151423,0.5290941424143789,19.634074255543855
376,-81.916,154.993,4.0,6.0,6.0,0.6294770664922069,0.9714589914576783,1.0,0.9483497102544721,0.5335323135410007,19.798769674512712
377,-93.27,148.438,4.0,6.0,6.0,0.6380666564091145,0.9714589708231447,1.0,0.9455782312925171,0.539232185249956,20.01028534896343
378,-104.102,141.053,4.0,6.0,6.0,0.6476073493527653,0.9714589585905998,1.0,0.9448223733938019,0.5468575626262545,20.29325432108169
379,-114.352,132.879,4.0,6.0,6.0,0.6580060573024871,0.9714589489898332,1.0,0.9412950365331317,0.5535641300354943,20.54212731353621
380,-123.962,123.962,4.0,6.0,6.0,0.6691656590291878,0.9714589644449038,1.0,0.9397833207357017,0.5620483351631976,20.85696639437814
381,-132.879,114.352,4.0,6.0,6.0,0.6809878900307101,0.9714589489898332,0.9876543209876543,0.9471938775510204,0.5693712315820902,21.12871064654109
382,-141.053,104.102,4.0,6.0,6.0,0.6933752939861207,0.9714589585905998,1.0,0.9360040312421265,0.5800405653408549,21.52463733422062
383,-148.438,93.27,4.0,6.0,6.0,0.7062299788401812,0.9714589708231447,1.0,0.9332325522801713,0.589044789285158,21.858773714429372
384,-154.993,81.916,4.0,6.0,6.0,0.7194576542132546,0.9714589914576783,1.0,0.9304610733182161,0.5982955129094194,22.202057413862224
385,-160.681,70.105,4.0,6.0,6.0,0.7329644547592169,0.9714589817563715,1.0,0.9281934996220711,0.6080422142722836,22.563746275946073
386,-165.471,57.901,4.0,6.0,6.0,0.746664025742471,0.9714589578909638,1.0,0.9261778785588309,0.618061819368523,22.935562281266197
387,-169.335,45.373,4.0,6.0,6.0,0.7604707558253305,0.9714589942663086,1.0,0.9236583522297808,0.6277781275870132,23.296123288766786
388,-172.252,32.592,4.0,6.0,6.0,0.7743026415000183,0.9714590119476398,1.0,0.9231544469639708,0.6388478179183571,23.706906747755188
389,-174.206,19.628,4.0,6.0,6.0,0.7880845657381212,0.9714590122783044,1.0,0.9206349206349206,0.6484441479370527,24.06301550244295
390,-175.186,6.555,4.0,6.0,6.0,0.8017423560803469,0.9714589794996179,1.0,0.9188712522045855,0.6584181386896075,24.43313881200399
391,-175.186,-6.555,4.0,6.0,6.0,0.8152091587328179,0.9714589794996179,1.0,0.9183673469387755,0.6691103970865893,24.82991620660494
392,-174.206,-19.628,4.0,6.0,6.0,0.8284201677205255,0.9714590122783044,1.0,0.9145880574452003,0.6771556371986506,25.128465801282136
393,-172.252,-32.592,4.0,6.0,6.0,0.841316035491136,0.9714590119476398,1.0,0.9140841521793903,0.687317900684571,25.50557569514049
394,-169.335,-45.373,4.0,6.0,6.0,0.8538391085847912,0.9714589942663086,1.0,0.9130763416477702,0.6967796110688851,25.85668887024077
395,-165.471,-57.901,4.0,6.0,6.0,0.8659383897775241,0.9714589578909638,1.0,0.9133282942806752,0.7068482552565032,26.230324659762548
396,-160.681,-70.105,4.0,6.0,6.0,0.8775647663019882,0.9714589817563715,1.0,0.9120685311161502,0.7153505990624138,26.545836846062034
397,-154.993,-81.916,4.0,6.0,6.0,0.8886718385114114,0.9714589914576783,1.0,0.9130763416477702,0.7252050298351251,26.91152342247096
398,-148.438,-93.27,4.0,6.0,6.0,0.8992195884239578,0.9714589708231447,1.0,0.9118165784832452,0.7328001229599671,27.193368580896713
399,-141.053,-104.102,4.0,6.0,6.0,0.9091683970214239,0.9714589585905998,1.0,0.9125724363819602,0.7415218678632024,27.517022489228808
400,-132.879,-114.352,4.0,6.0,6.0,0.9184834379453579,0.9714589489898332,0.9012345679012346,0.9675705898797875,0.715820465084674,26.563273032992996
401,-123.962,-123.962,4.0,6.0,6.0,0.9271320719201921,0.9714589644449038,0.9135802469135802,0.9649751792608936,0.7304941391081698,27.10779617600924
402,-114.352,-132.879,4.0,6.0,6.0,0.9350852157432707,0.9714589489898332,0.9135802469135802,0.9652509652509652,0.7369710307140548,27.34814616392398
403,-104.102,-141.053,4.0,6.0,6.0,0.942316928382978,0.9714589585905998,0.9259259259259259,0.9613605442176871,0.7496729083408553,27.819498213620484
404,-93.27,-148.438,4.0,6.0,6.0,0.9488032426150576,0.9714589708231447,0.9382716049382716,0.9532760472610097,0.7584652796409505,28.14577298619806
405,-81.916,-154.993,4.0,6.0,6.0,0.9545237427794329,0.9714589914576783,0.9506172839506173,0.943281208587331,0.764972678331409,28.38725505688564
406,-70.105,-160.681,4.0,6.0,6.0,0.959459701757403,0.9714589817563715,0.9506172839506173,0.9435462496686986,0.7691444897239996,28.54206617289701
407,-57.901,-165.471,4.0,6.0,6.0,0.9635966093145993,0.9714589578909638,0.9629629629629629,0.93432757718472,0.7748476122447822,28.753702481230604
408,-45.373,-169.335,4.0,6.0,6.0,0.9669214627218528,0.9714589942663086,0.9753086419753086,0.9266339447171273,0.7810049366656562,28.982193698962195
409,-32.592,-172.252,4.0,6.0,6.0,0.9694238001861375,0.9714590119476398,0.9876543209876543,0.9198979591836735,0.7871737625401939,29.21111172239277
410,-19.628,-174.206,4.0,6.0,6.0,0.9710963028453838,0.9714590122783044,0.9876543209876543,0.9209183673469388,0.7894065264637614,29.29396702007265
411,-6.555,-175.186,4.0,6.0,6.0,0.9719336800075995,0.9714589794996179,1.0,0.9181153943058705,0.7975284702608415,29.59536300015956
412,6.555,-175.186,4.0,6.0,6.0,0.9719336800075995,0.9714589794996179,1.0,0.9166036785084404,0.7962153059300058,29.546632984242716
413,19.628,-174.206,4.0,6.0,6.0,0.9710963028453838,0.9714590122783044,0.9876543209876543,0.9201530612244898,0.7887505099597749,29.26962300315846
414,32.592,-172.252,4.0,6.0,6.0,0.9694238001861375,0.9714590119476398,0.9876543209876543,0.9191326530612245,0.7865188758825066,29.186809632773475
415,45.373,-169.335,4.0,6.0,6.0,0.9669214627218528,0.9714589942663086,0.9753086419753086,0.9268922758977008,0.7812226687360955,28.990273485329347
416,57.901,-165.471,4.0,6.0,6.0,0.9635966093145993,0.9714589578909638,0.9629629629629629,0.9335426478283622,0.7741966621364835,28.729546472425312
417,70.105,-160.681,4.0,6.0,6.0,0.9594597017574029,0.9714589817563715,0.9506172839506173,0.943281208587331,0.7689284379010434,28.534048738578775
418,81.916,-154.993,4.0,6.0,6.0,0.9545237427794329,0.9714589914576783,0.9506172839506173,0.9424860853432282,0.764327857304437,28.36332649122938
419,93.27,-148.438,4.0,6.0,6.0,0.9488032426150576,0.9714589708231447,0.9382716049382716,0.9524704618689581,0.757824323066606,28.121987825928034
420,104.102,-141.053,4.0,6.0,6.0,0.942316928382978,0.9714589585905998,0.9259259259259259,0.9591836734693877,0.7479753755735961,27.756504727713615
421,114.352,-132.879,4.0,6.0,6.0,0.9350852157432707,0.9714589489898332,0.9135802469135802,0.9652509652509652,0.7369710307140548,27.34814616392398
422,123.962,-123.962,4.0,6.0,6.0,0.9271320719201919,0.9714589644449038,0.9135802469135802,0.9644236072807502,0.7300765945873877,27.092301579738297
423,132.879,-114.352,4.0,6.0,6.0,0.9184834379453581,0.9714589489898332,0.9012345679012346,0.9667318982387475,0.7151999908300499,26.54024794801785
424,141.053,-104.102,4.0,6.0,6.0,0.909168397021424,0.9714589585905998,1.0,0.9113126732174351,0.7404982319329662,27.479036538801935
425,148.438,-93.27,4.0,6.0,6.0,0.8992195884239579,0.9714589708231447,1.0,0.9115646258503401,0.7325976360511637,27.18585452491968
426,154.993,-81.916,4.0,6.0,6.0,0.8886718385114115,0.9714589914576783,1.0,0.9115646258503401,0.7240043592559279,26.866967920115876
427,160.681,-70.105,4.0,6.0,6.0,0.8775647663019883,0.9714589817563715,1.0,0.9105568153187201,0.7141649350860674,26.501838221455305
428,165.471,-57.901,4.0,6.0,6.0,0.8659383897775242,0.9714589578909638,1.0,0.9120685311161502,0.7058732921458047,26.194144901611157
429,169.335,-45.373,4.0,6.0,6.0,0.8538391085847912,0.9714589942663086,1.0,0.9113126732174351,0.695433734336688,25.80674493478501
430,172.252,-32.592,4.0,6.0,6.0,0.841316035491136,0.9714590119476398,1.0,0.9123204837490552,0.6859917636104828,25.456364275662544
431,174.206,-19.628,4.0,6.0,6.0,0.8284201677205254,0.9714590122783044,1.0,0.9150919627110103,0.6775287257039941,25.142310686021133
432,175.186,-6.555,4.0,6.0,6.0,0.8152091587328179,0.9714589794996179,1.0,0.9171075837742504,0.6681925501770053,24.795855964894912
433,188.39,12.348,4.0,6.0,6.0,0.790586180971538,0.9700923326128351,1.0,0.9294532627865961,0.6558094562148765,24.33633360984416
434,187.179,24.643,4.0,6.0,6.0,0.7783660257217939,0.9700923352280288,1.0,0.9309649785840262,0.6467227162349102,23.999135154587496
435,185.166,36.832,4.0,6.0,6.0,0.7660589627526562,0.9700923922244726,0.9506172839506173,0.9567983037370792,0.6218551382753925,23.076327977050642
436,182.361,48.863,4.0,6.0,6.0,0.7537141673449381,0.970092369795784,0.9506172839506173,0.9628942486085343,0.6157322394445532,22.84911425331652
437,178.775,60.686,4.0,6.0,6.0,0.7413825617729889,0.9700923256085652,1.0,0.9365079365079365,0.6196618012579076,22.994935766446645
438,174.423,72.248,4.0,6.0,6.0,0.7291216290707531,0.9700923618960776,1.0,0.9382716049382716,0.6105615728638643,22.657236771678487
439,169.324,83.501,4.0,6.0,6.0,0.7169870243129695,0.9700923948636344,1.0,0.9395313681027967,0.601206279108099,22.310072595101264
440,163.5,94.397,4.0,6.0,6.0,0.7050383662481886,0.9700923922705091,1.0,0.9400352733686067,0.5915041921912956,21.950039323727285
441,156.976,104.888,4.0,6.0,6.0,0.6933392704005755,0.9700924155550728,1.0,0.9433106575963719,0.5837158374429133,21.66102244903565
442,149.78,114.93,4.0,6.0,6.0,0.6819529056886726,0.9700924165834935,1.0,0.9443184681279919,0.5747431507536505,21.328056380039286
443,141.943,124.48,4.0,6.0,6.0,0.670945226250385,0.9700923809525123,1.0,0.9448223733938019,0.565767709618482,20.994988096727724
444,133.497,133.497,4.0,6.0,6.0,0.6603833662283312,0.9700924314665248,0.9753086419753086,0.9602169981916817,0.5519611763099512,20.482643546938647
445,124.48,141.943,4.0,6.0,6.0,0.6503349861971344,0.9700923809525123,1.0,0.9488536155202821,0.5507281254177391,20.436886448460704
446,114.93,149.78,4.0,6.0,6.0,0.640870024945885,0.9700924165834935,1.0,0.9516250944822373,0.5442980544142817,20.19827391917773
447,104.888,156.976,4.0,6.0,6.0,0.6320545007426743,0.9700924155550728,1.0,0.9516250944822373,0.536810930894086,19.920435388429414
448,94.397,163.5,4.0,6.0,6.0,0.6239546687584806,0.9700923922705091,1.0,0.9528848576467625,0.5306331651524243,19.691185616826115
449,83.501,169.324,4.0,6.0,6.0,0.6166339522994596,0.9700923948636344,1.0,0.9541446208112875,0.525100663529124,19.48588085349021
450,72.248,174.423,4.0,6.0,6.0,0.6101526080562661,0.9700923618960776,1.0,0.9569160997732427,0.5210906083965208,19.337072325988704
451,60.686,178.775,4.0,6.0,6.0,0.6045658739992733,0.9700923256085652,1.0,0.9589317208364827,0.5174068929671669,19.20037388902211
452,48.863,182.361,4.0,6.0,6.0,0.5999229978459757,0.970092369795784,1.0,0.9649785840262031,0.5166710190020198,19.173066453697864
453,36.832,185.166,4.0,6.0,6.0,0.5962661546286674,0.9700923922244726,1.0,0.9702695893172084,0.5163373058064498,19.160682741355142
454,24.643,187.179,4.0,6.0,6.0,0.5936283509567861,0.9700923352280288,1.0,0.9775762156714538,0.517924149289903,19.219568675423275
455,12.348,188.39,4.0,6.0,6.0,0.5920356409172313,0.9700923326128351,1.0,0.9879062736205594,0.5219927788362534,19.370550831957488
456,0.0,188.794,4.0,6.0,6.0,0.5915032012343874,0.9700923570493214,1.0,0.9914336104812296,0.5233854527881988,19.422231358340714
457,-12.348,188.39,4.0,6.0,6.0,0.5920356409172313,0.9700923326128351,1.0,0.9876543209876543,0.5218596513741681,19.365610625165353
458,-24.643,187.179,4.0,6.0,6.0,0.5936283509567861,0.9700923352280288,1.0,0.9800957420005039,0.519259005344774,19.26910364623622
459,-36.832,185.166,4.0,6.0,6.0,0.5962661546286674,0.9700923922244726,1.0,0.9720332577475435,0.5172758571283519,19.195511299960565
460,-48.863,182.361,4.0,6.0,6.0,0.5999229978459756,0.970092369795784,1.0,0.963466868228773,0.5158616127059331,19.14303031826126
461,-60.686,178.775,4.0,6.0,6.0,0.6045658739992732,0.9700923256085652,1.0,0.9586797682035777,0.5172709479085837,19.195329124469026
462,-72.248,174.423,4.0,6.0,6.0,0.6101526080562661,0.9700923618960776,1.0,0.9559082892416225,0.5205418031217482,19.3167067943131
463,-83.501,169.324,4.0,6.0,6.0,0.6166339522994596,0.9700923948636344,1.0,0.9549004787100025,0.5255166397611248,19.501317252370715
464,-94.397,163.5,4.0,6.0,6.0,0.6239546687584805,0.9700923922705091,1.0,0.9533887629125725,0.5309137749700616,19.701598723974087
465,-104.888,156.976,4.0,6.0,6.0,0.6320545007426743,0.9700924155550728,1.0,0.9528848576467625,0.5375215622561381,19.946806099825274
466,-114.93,149.78,4.0,6.0,6.0,0.6408700249458849,0.9700924165834935,1.0,0.9498614260519023,0.5432892944511098,20.160839998755634
467,-124.48,141.943,4.0,6.0,6.0,0.6503349861971343,0.9700923809525123,1.0,0.9501133786848073,0.5514593098646559,20.46401986116445
468,-133.497,133.497,4.0,6.0,6.0,0.6603833662283313,0.9700924314665248,0.9753086419753086,0.9594420046499612,0.5515156870635349,20.46611195408398
469,-141.943,124.48,4.0,6.0,6.0,0.6709452262503849,0.9700923809525123,1.0,0.9468379944570421,0.5669746807323348,21.03977740466741
470,-149.78,114.93,4.0,6.0,6.0,0.6819529056886725,0.9700924165834935,1.0,0.9458301839254221,0.5756632305040564,21.362199479900607
471,-156.976,104.888,4.0,6.0,6.0,0.6933392704005754,0.9700924155550728,1.0,0.9433106575963719,0.5837158374429133,21.66102244903565
472,-163.5,94.397,4.0,6.0,6.0,0.7050383662481885,0.9700923922705091,1.0,0.9410430839002267,0.5921383430272015,21.973571930882176
473,-169.324,83.501,4.0,6.0,6.0,0.7169870243129695,0.9700923948636344,1.0,0.9407911312673217,0.6020124017671338,22.339986878548707
474,-174.423,72.248,4.0,6.0,6.0,0.7291216290707531,0.9700923618960776,1.0,0.9387755102040817,0.6108894791865624,22.669404997656837
475,-178.775,60.686,4.0,6.0,6.0,0.7413825617729889,0.9700923256085652,1.0,0.9372637944066515,0.6201619318481078,23.013495036637483
476,-182.361,48.863,4.0,6.0,6.0,0.7537141673449381,0.970092369795784,0.9506172839506173,0.9620991253644315,0.6152237900313042,22.830246281183314
477,-185.166,36.832,4.0,6.0,6.0,0.7660589627526562,0.9700923922244726,0.9506172839506173,0.9570633448184469,0.622027397316466,23.08272031167032
478,-187.179,24.643,4.0,6.0,6.0,0.7783660257217939,0.9700923352280288,1.0,0.9329805996472663,0.6481229277991535,24.051095393081862
479,-188.39,12.348,4.0,6.0,6.0,0.7905861809715381,0.9700923326128351,1.0,0.9307130259511212,0.6566983278009635,24.369318610670735
480,-188.794,0.0,4.0,6.0,6.0,0.8026718930667116,0.9700923570493214,1.0,0.9299571680524061,0.666195833610973,24.72176011279219
481,-188.39,-12.348,4.0,6.0,6.0,0.8145781178677535,0.9700923326128351,1.0,0.9289493575207861,0.6753449822887335,25.061274482946516
482,-187.179,-24.643,4.0,6.0,6.0,0.8262629021639835,0.9700923352280288,1.0,0.9286974048878811,0.6848467302870245,25.41387340778927
483,-185.166,-36.832,4.0,6.0,6.0,0.8376863712400722,0.9700923922244726,0.9012345679012346,0.9692479731618675,0.6530630594333557,24.234417988367984
484,-182.361,-48.863,4.0,6.0,6.0,0.8488106118035468,0.970092369795784,0.9259259259259259,0.9668027210884353,0.6781500921007431,25.16536887736303
485,-178.775,-60.686,4.0,6.0,6.0,0.8596021324555527,0.9700923256085652,0.9012345679012346,0.9681297176404808,0.6693754391252124,24.83975161140345
486,-174.423,-72.248,4.0,6.0,6.0,0.8700264642944004,0.9700923618960776,0.9753086419753086,0.9361921983983467,0.7089905811788395,26.309823907376188
487,-169.324,-83.501,4.0,6.0,6.0,0.8800536529612416,0.9700923948636344,1.0,0.9246661627614009,0.7262648784468981,26.950853183802714
488,-163.5,-94.397,4.0,6.0,6.0,0.8896548171559547,0.9700923922705091,1.0,0.9234063995968758,0.7331879873335854,27.207761781089687
489,-156.976,-104.888,4.0,6.0,6.0,0.8988023970674821,0.9700924155550728,1.0,0.9226505416981607,0.7401204420855451,27.465017192673084
490,-149.78,-114.93,4.0,6.0,6.0,0.907471950301256,0.9700924165834935,1.0,0.9231544469639708,0.7476675174575793,27.74508046759525
491,-141.943,-124.48,4.0,6.0,6.0,0.9156402942734425,0.9700923809525123,0.9012345679012346,0.9664523343584009,0.711777241917295,26.41323367792132
492,-133.497,-133.497,4.0,6.0,6.0,0.9232871212923268,0.9700924314665248,0.9135802469135802,0.9699393270821842,0.7301784154583297,27.0960800349896
493,-124.48,-141.943,4.0,6.0,6.0,0.9303918802597699,0.9700923809525123,0.9382716049382716,0.9599892588614393,0.7479314231555906,27.754873704102405
494,-114.93,-149.78,4.0,6.0,6.0,0.9369368800974003,0.9700924165834935,0.9259259259259259,0.9499319727891157,0.7354955019109645,27.293390989440528
495,-104.888,-156.976,4.0,6.0,6.0,0.942906252468814,0.9700924155550728,1.0,0.9246661627614009,0.7781340457347931,28.8756582429866
496,-94.397,-163.5,4.0,6.0,6.0,0.948285485972028,0.9700923922705091,1.0,0.9246661627614009,0.7825732431699854,29.040391747084485
497,-83.501,-169.324,4.0,6.0,6.0,0.9530621144475002,0.9700923948636344,0.9753086419753086,0.9305089124257298,0.7719421282160094,28.645883315233217
498,-72.248,-174.423,4.0,6.0,6.0,0.9572242127284187,0.9700923618960776,0.9382716049382716,0.9497851772287863,0.7613222962817804,28.251793583249857
499,-60.686,-178.775,4.0,6.0,6.0,0.9607622146081245,0.9700923256085652,0.9135802469135802,0.9660783232211804,0.7567908092836804,28.0836353197644
500,-48.863,-182.361,4.0,6.0,6.0,0.9636684582481065,0.970092369795784,0.9012345679012346,0.9756779424098406,0.7562630614432395,28.06405120522453
501,-36.832,-185.166,4.0,6.0,6.0,0.9659355381283874,0.9700923922244726,0.9259259259259259,0.9643537414965987,0.7697712470585787,28.56532441573292
502,-24.643,-187.179,4.0,6.0,6.0,0.9675584914777585,0.9700923352280288,0.9506172839506173,0.9491121123774185,0.7791146154807943,28.91204605691679
503,-12.348,-188.39,4.0,6.0,6.0,0.9685338504852872,0.9700923326128351,0.9876543209876543,0.9306122448979591,0.7944918273650174,29.482676679664472
504,0.0,-188.794,4.0,6.0,6.0,0.9688592770717888,0.9700923570493214,1.0,0.9259259259259259,0.8006410568186845,29.710867502486167
505,12.348,-188.39,4.0,6.0,6.0,0.9685338504852872,0.9700923326128351,0.9876543209876543,0.9306122448979591,0.7944918273650174,29.482676679664472
506,24.643,-187.179,4.0,6.0,6.0,0.9675584914777585,0.9700923352280288,0.9506172839506173,0.9509673999469918,0.7806375985325578,28.968562203914384
507,36.832,-185.166,4.0,6.0,6.0,0.9659355381283874,0.9700923922244726,0.9259259259259259,0.966530612244898,0.771508879670449,28.629805960689424
508,48.863,-182.361,4.0,6.0,6.0,0.9636684582481065,0.970092369795784,0.9012345679012346,0.9767961979312273,0.7571298385910255,28.09621630689241
509,60.686,-178.775,4.0,6.0,6.0,0.9607622146081245,0.9700923256085652,0.9135802469135802,0.9669056811913955,0.7574389315868065,28.10768639197659
510,72.248,-174.423,4.0,6.0,6.0,0.9572242127284187,0.9700923618960776,0.9382716049382716,0.949516648764769,0.7611070510750284,28.243806081529968
511,83.501,-169.324,4.0,6.0,6.0,0.9530621144475002,0.9700923948636344,0.9753086419753086,0.9289589253422889,0.7706562723666769,28.598166685613176
512,94.397,-163.5,4.0,6.0,6.0,0.948285485972028,0.9700923922705091,1.0,0.9239103048626858,0.7819335375216175,29.01665300723673
513,104.888,-156.976,4.0,6.0,6.0,0.9429062524688139,0.9700924155550728,1.0,0.9223985890652557,0.7762258151049255,28.804846002063734
514,114.93,-149.78,4.0,6.0,6.0,0.9369368800974003,0.9700924165834935,0.9259259259259259,0.9485714285714286,0.7344420852654318,27.254299910968115
515,124.48,-141.943,4.0,6.0,6.0,0.9303918802597699,0.9700923809525123,0.9382716049382716,0.9586466165413534,0.7468853652211073,27.716055698921842
516,133.497,-133.497,4.0,6.0,6.0,0.9232871212923268,0.9700924314665248,0.9135802469135802,0.9693877551020408,0.7297631874711485,27.080671402612587
517,141.943,-124.48,4.0,6.0,6.0,0.9156402942734427,0.9700923809525123,0.9012345679012346,0.9658932065977076,0.7113654529430877,26.397952663354978
518,149.78,-114.93,4.0,6.0,6.0,0.9074719503012562,0.9700924165834935,1.0,0.9229024943310657,0.7474634597290156,27.73750812030606
519,156.976,-104.888,4.0,6.0,6.0,0.8988023970674821,0.9700924155550728,1.0,0.9236583522297808,0.7409288751189536,27.495017211452623
520,163.5,-94.397,4.0,6.0,6.0,0.8896548171559548,0.9700923922705091,1.0,0.9239103048626858,0.7335880899187607,27.222609127218526
521,169.324,-83.501,4.0,6.0,6.0,0.8800536529612417,0.9700923948636344,1.0,0.9234063995968758,0.7252754167596408,26.914135400173556
522,174.423,-72.248,4.0,6.0,6.0,0.8700264642944004,0.9700923618960776,0.9753086419753086,0.9364505295789202,0.7091862187564274,26.31708379256034
523,178.775,-60.686,4.0,6.0,6.0,0.8596021324555527,0.9700923256085652,0.9012345679012346,0.9684092815208275,0.6695687326392536,24.846924511089096
524,182.361,-48.863,4.0,6.0,6.0,0.8488106118035468,0.970092369795784,0.9259259259259259,0.9651700680272108,0.6770048907068211,25.12287177258842
525,185.166,-36.832,4.0,6.0,6.0,0.8376863712400722,0.9700923922244726,0.9012345679012346,0.9686888454011742,0.6526863285078102,24.22043793761035
526,187.179,-24.643,4.0,6.0,6.0,0.8262629021639836,0.9700923352280288,1.0,0.9279415469891661,0.684289340110448,25.39318930029514
527,188.39,-12.348,4.0,6.0,6.0,0.8145781178677536,0.9700923326128351,1.0,0.9297052154195011,0.6758944900041841,25.08166608138667
528,188.794,0.0,4.0,6.0,6.0,0.8026718930667116,0.9700923570493214,1.0,0.9297052154195011,0.6660153416484667,24.715062263940172
529,202.179,6.354,4.0,6.0,6.0,0.7915543230811868,0.9687182522075046,1.0,0.9370118417737465,0.6610146952699223,24.52949403618769
530,201.381,19.036,4.0,6.0,6.0,0.7797000527643546,0.968718263540948,1.0,0.9390274628369867,0.6525160109030975,24.21411764745802
531,199.789,31.643,4.0,6.0,6.0,0.7677342986435179,0.9687182010649722,1.0,0.9392794154698917,0.642674450692785,23.848908682796402
532,197.408,44.126,4.0,6.0,6.0,0.755699718574099,0.9687181762349654,1.0,0.9412950365331317,0.6339577349235886,23.52544139983633
533,194.247,56.434,4.0,6.0,6.0,0.7436433819908645,0.9687182592731108,1.0,0.9423028470647519,0.6245116347226621,23.174907500662965
534,190.321,68.52,4.0,6.0,6.0,0.7316109303334377,0.9687181633363471,1.0,0.9440665154950869,0.615556681332458,22.842599493970837
535,185.643,80.335,4.0,6.0,6.0,0.7196539917961251,0.9687181728692738,1.0,0.9440665154950869,0.6054964584183044,22.46927620820836
536,180.232,91.833,4.0,6.0,6.0,0.7078239527473493,0.9687182137505748,1.0,0.9453262786596119,0.5963377173301118,22.12940587475069
537,174.11,102.969,4.0,6.0,6.0,0.6961747433606138,0.9687182053330505,1.0,0.9483497102544721,0.5883991926982765,21.834816368638098
538,167.301,113.698,4.0,6.0,6.0,0.6847638608823255,0.9687182172611589,0.9753086419753086,0.9581503487470938,0.5702980159037652,21.1631025453204
539,159.832,123.978,4.0,6.0,6.0,0.673649203521434,0.9687182291491399,0.9753086419753086,0.9586670111082408,0.5613438328926439,20.830823126508776
540,151.732,133.77,4.0,6.0,6.0,0.6628890003341358,0.9687181786621814,0.9753086419753086,0.9630586411779902,0.5549078829231389,20.591992435566706
541,143.033,143.033,4.0,6.0,6.0,0.652546658257432,0.9687182126235432,0.9629629629629629,0.9657247514390371,0.5408287975548534,20.06953379274438
542,133.77,151.732,4.0,6.0,6.0,0.6426826719652521,0.9687181786621814,0.9629629629629629,0.9649398220826793,0.5322206010233644,19.750093533711617
543,123.978,159.832,4.0,6.0,6.0,0.6333595549605432,0.9687182291491399,1.0,0.9543965734441925,0.5387217351123521,19.99134313225369
544,113.698,167.301,4.0,6.0,6.0,0.6246395992250826,0.9687182172611589,1.0,0.9546485260770975,0.5314449856072553,19.721311338913274
545,102.969,174.11,4.0,6.0,6.0,0.6165827495976183,0.9687182053330505,1.0,0.9564121945074326,0.5255593464614196,19.5029020488324
546,91.833,180.232,4.0,6.0,6.0,0.6092477677707842,0.9687182137505748,1.0,0.9576719576719577,0.5199912192647547,19.2962752614997
547,80.335,185.643,4.0,6.0,6.0,0.602690572362939,0.9687181728692738,1.0,0.9594356261022927,0.5153419699141317,19.123746972741635
548,68.52,190.321,4.0,6.0,6.0,0.5969634845180538,0.9687181633363471,1.0,0.9606953892668179,0.51111513717354,18.96689407787525
549,56.434,194.247,4.0,6.0,6.0,0.5921137364191527,0.9687182592731108,1.0,0.964222726127488,0.5088242637065936,18.88188240196663
550,44.126,197.408,4.0,6.0,6.0,0.5881807879610998,0.9687181762349654,1.0,0.9687578735197783,0.5078218180527296,18.844682798290624
551,31.643,199.789,4.0,6.0,6.0,0.5852003898821043,0.9687182010649722,1.0,0.9758125472411187,0.5089279373516552,18.88572961153163
552,19.036,201.381,4.0,6.0,6.0,0.5831988495597018,0.968718263540948,1.0,0.983119173595364,0.5109849861455404,18.96206432312401
553,6.354,202.179,4.0,6.0,6.0,0.582193222074715,0.9687182522075046,1.0,0.9894179894179894,0.513372093862902,19.050647141230417
554,-6.354,202.179,4.0,6.0,6.0,0.582193222074715,0.9687182522075046,1.0,0.9891660367850844,0.5132413650383888,19.04579594511602
555,-19.036,201.381,4.0,6.0,6.0,0.5831988495597018,0.968718263540948,1.0,0.9841269841269841,0.5115088046859253,18.981502625864266
556,-31.643,199.789,4.0,6.0,6.0,0.5852003898821043,0.9687182010649722,1.0,0.9760644998740237,0.5090593414150045,18.890605864981552
557,-44.126,197.408,4.0,6.0,6.0,0.5881807879610998,0.9687181762349654,1.0,0.9682539682539683,0.5075576714633655,18.8348806225828
558,-56.434,194.247,4.0,6.0,6.0,0.5921137364191525,0.9687182592731108,1.0,0.9644746787603931,0.5089572201381866,18.886816262014175
559,-68.52,190.321,4.0,6.0,6.0,0.5969634845180538,0.9687181633363471,1.0,0.9611992945326279,0.5113832279876881,18.976842619222154
560,-80.335,185.643,4.0,6.0,6.0,0.6026905723629389,0.9687181728692738,1.0,0.9589317208364827,0.515071307114807,19.11370298798704
561,-91.833,180.232,4.0,6.0,6.0,0.609247767770784,0.9687182137505748,1.0,0.9574200050390527,0.5198544154712095,19.2911986302812
562,-102.969,174.11,4.0,6.0,6.0,0.6165827495976183,0.9687182053330505,1.0,0.9571680524061477,0.5259746989480856,19.518315301241906
563,-113.698,167.301,4.0,6.0,6.0,0.6246395992250827,0.9687182172611589,1.0,0.9556563366087175,0.5320060254442648,19.74213088110268
564,-123.978,159.832,4.0,6.0,6.0,0.6333595549605431,0.9687182291491399,1.0,0.9559082892416225,0.5395750430349164,20.023008406486397
565,-133.77,151.732,4.0,6.0,6.0,0.6426826719652522,0.9687181786621814,0.9629629629629629,0.9652014652014652,0.5323649124661582,19.755448765147005
566,-143.033,143.033,4.0,6.0,6.0,0.6525466582574319,0.9687182126235432,0.9629629629629629,0.9657247514390371,0.5408287975548532,20.069533792744377
567,-151.732,133.77,4.0,6.0,6.0,0.6628890003341358,0.9687181786621814,0.9753086419753086,0.9622836476362697,0.5544613368800141,20.575421626203326
568,-159.832,123.978,4.0,6.0,6.0,0.673649203521434,0.9687182291491399,0.9753086419753086,0.9602169981916817,0.562251421951484,20.864502711191893
569,-167.301,113.698,4.0,6.0,6.0,0.6847638608823257,0.9687182172611589,0.9753086419753086,0.9584086799276673,0.5704517764904204,21.1688084236017
570,-174.11,102.969,4.0,6.0,6.0,0.6961747433606137,0.9687182053330505,1.0,0.9498614260519023,0.5893371297748412,21.869622133306493
571,-180.232,91.833,4.0,6.0,6.0,0.7078239527473493,0.9687182137505748,1.0,0.9468379944570421,0.5972913490742432,22.16479405045659
572,-185.643,80.335,4.0,6.0,6.0,0.719653991796125,0.9687181728692738,1.0,0.9470899470899471,0.6074355983972259,22.541235459475637
573,-190.321,68.52,4.0,6.0,6.0,0.7316109303334378,0.9687181633363471,1.0,0.9460821365583271,0.6168709203104831,22.89136938880718
574,-194.247,56.434,4.0,6.0,6.0,0.7436433819908647,0.9687182592731108,1.0,0.9443184681279919,0.625847488486775,23.224479495316796
575,-197.408,44.126,4.0,6.0,6.0,0.7556997185740989,0.9687181762349654,1.0,0.9435626102292769,0.6354849350344859,23.5821140370415
576,-199.789,31.643,4.0,6.0,6.0,0.767734298643518,0.9687182010649722,1.0,0.9407911312673217,0.6437087979846726,23.887292119517646
577,-201.381,19.036,4.0,6.0,6.0,0.7797000527643546,0.968718263540948,1.0,0.9402872260015117,0.6533914013121439,24.246602377331193
578,-202.179,6.354,4.0,6.0,6.0,0.7915543230811866,0.9687182522075046,1.0,0.9395313681027967,0.6627920942892014,24.59545126672328
579,-202.179,-6.354,4.0,6.0,6.0,0.8032574672788682,0.9687182522075046,1.0,0.9382716049382716,0.671689647786035,24.92562922948116
580,-201.381,-19.036,4.0,6.0,6.0,0.8147691473786658,0.968718263540948,1.0,0.9375157470395565,0.6807669470534484,25.262477350768062
581,-199.789,-31.643,4.0,6.0,6.0,0.8260534257231374,0.9687182010649722,1.0,0.9377676996724615,0.6903807820389797,25.619235694614236
582,-197.408,-44.126,4.0,6.0,6.0,0.8370769764630401,0.9687181762349654,1.0,0.9357520786092215,0.6980900908082579,25.905319264060328
583,-194.247,-56.434,4.0,6.0,6.0,0.8478062319978937,0.9687182592731108,1.0,0.9352481733434115,0.7066571969676143,26.22323470670795
584,-190.321,-68.52,4.0,6.0,6.0,0.858210479472145,0.9687181633363471,0.9259259259259259,0.9542857142857143,0.6758242177971718,25.079058360718502
585,-185.643,-80.335,4.0,6.0,6.0,0.8682614942882466,0.9687181728692738,0.9135802469135802,0.9605626034197463,0.6790600659168485,25.199136957641684
586,-180.232,-91.833,4.0,6.0,6.0,0.8779325792123427,0.9687182137505748,0.9135802469135802,0.9611141753998896,0.687018041145176,25.49444825298842
587,-174.11,-102.969,4.0,6.0,6.0,0.8871983945992765,0.9687182053330505,0.9012345679012346,0.9681297176404808,0.689886154186976,25.600880624700242
588,-167.301,-113.698,4.0,6.0,6.0,0.8960350757817932,0.9687182172611589,0.8888888888888888,0.9770408163265306,0.6935383637370727,25.736409914773624
589,-159.832,-123.978,4.0,6.0,6.0,0.9044209693849232,0.9687182291491399,0.8888888888888888,0.9773242630385488,0.7002322050878793,25.984810657856574
590,-151.732,-133.77,4.0,6.0,6.0,0.9123366321697188,0.9687181786621814,0.8024691358024691,0.9833594976452119,0.6416246560961884,23.809952014388415
591,-143.033,-143.033,4.0,6.0,6.0,0.9197625821525337,0.9687182126235432,0.8024691358024691,0.9836734693877551,0.6470537012629023,24.01141762777349
592,-133.77,-151.732,4.0,6.0,6.0,0.9266816823043276,0.9687181786621814,0.8271604938271605,0.9820286323484618,0.6708567434127771,24.89472110746399
593,-123.978,-159.832,4.0,6.0,6.0,0.9330788891666177,0.9687182291491399,0.8518518518518519,0.9775214433599527,0.6924589425533124,25.696353837837588
594,-113.698,-167.301,4.0,6.0,6.0,0.9389386419152642,0.9687182172611589,0.8518518518518519,0.9775214433599527,0.6968075890184541,25.857727099726453
595,-102.969,-174.11,4.0,6.0,6.0,0.9442488959863233,0.9687182053330505,0.8765432098765432,0.970106352400115,0.7155903131249819,26.554732358839935
596,-91.833,-180.232,4.0,6.0,6.0,0.9489981660633675,0.9687182137505748,0.9012345679012346,0.961420184512161,0.732827473919274,27.194383543495885
597,-80.335,-185.643,4.0,6.0,6.0,0.9531757258536275,0.9687181728692738,0.9012345679012346,0.9600223651104277,0.7349832471912624,27.274381806767504
598,-68.52,-190.321,4.0,6.0,6.0,0.956772898137918,0.9687181633363471,0.9259259259259259,0.9531972789115646,0.7525808677054985,27.92740923648112
599,-56.434,-194.247,4.0,6.0,6.0,0.9597823762379822,0.9687182592731108,0.9259259259259259,0.9512925170068027,0.7534395422327023,27.959273659231165
600,-44.126,-197.408,4.0,6.0,6.0,0.9621971159024211,0.9687181762349654,0.9506172839506173,0.9427511264245958,0.7685145477789184,28.518689752833147
601,-31.643,-199.789,4.0,6.0,6.0,0.9640128210477381,0.9687182010649722,0.9753086419753086,0.9361921983983467,0.7844679178000128,29.110700940466025
602,-19.036,-201.381,4.0,6.0,6.0,0.9652253818011294,0.968718263540948,0.9753086419753086,0.9351588736760527,0.7845877451103961,29.115147593946578
603,-6.354,-202.179,4.0,6.0,6.0,0.9658322097020989,0.9687182522075046,1.0,0.9314688838498363,0.8017802353963351,29.753141107485558
604,6.354,-202.179,4.0,6.0,6.0,0.9658322097020989,0.9687182522075046,1.0,0.9324766943814563,0.8026477282125606,29.785332766784975
605,19.036,-201.381,4.0,6.0,6.0,0.9652253818011294,0.968718263540948,0.9753086419753086,0.9367088607594937,0.7858881667873746,29.163404744654777
606,31.643,-199.789,4.0,6.0,6.0,0.9640128210477381,0.9687182010649722,0.9753086419753086,0.9367088607594937,0.7849008471144718,29.126766448711308
607,44.126,-197.408,4.0,6.0,6.0,0.9621971159024211,0.9687181762349654,0.9506172839506173,0.9424860853432282,0.7682984908354888,28.510672128500048
608,56.434,-194.247,4.0,6.0,6.0,0.9597823762379822,0.9687182592731108,0.9259259259259259,0.9507482993197279,0.7530085127462992,27.943278651416964
609,68.52,-190.321,4.0,6.0,6.0,0.956772898137918,0.9687181633363471,0.9259259259259259,0.9507482993197279,0.7506473170890698,27.85565740001857
610,80.335,-185.643,4.0,6.0,6.0,0.9531757258536275,0.9687181728692738,0.9012345679012346,0.958904109589041,0.7341271222673355,27.242611996858628
611,91.833,-180.232,4.0,6.0,6.0,0.9489981660633675,0.9687182137505748,0.9012345679012346,0.9611406206318144,0.7326143807311615,27.186475900709176
612,102.969,-174.11,4.0,6.0,6.0,0.9442488959863233,0.9687182053330505,0.8765432098765432,0.969244035642426,0.7149542328466486,26.531128152298745
613,113.698,-167.301,4.0,6.0,6.0,0.9389386419152642,0.9687182172611589,0.8518518518518519,0.976929902395741,0.6963859202807728,25.842079458516334
614,123.978,-159.832,4.0,6.0,6.0,0.9330788891666177,0.9687182291491399,0.8518518518518519,0.976929902395741,0.692039905371737,25.680803850643734
615,133.77,-151.732,4.0,6.0,6.0,0.9266816823043276,0.9687181786621814,0.8271604938271605,0.9817240328967408,0.670648661296334,24.886999419775574
616,143.033,-143.033,4.0,6.0,6.0,0.9197625821525337,0.9687182126235432,0.8024691358024691,0.9839874411302982,0.6472602297344193,24.019081661488066
617,151.732,-133.77,4.0,6.0,6.0,0.9123366321697188,0.9687181786621814,0.8024691358024691,0.9839874411302982,0.642034378098804,23.825156326019567
618,159.832,-123.978,4.0,6.0,6.0,0.9044209693849232,0.9687182291491399,0.8888888888888888,0.9778911564625851,0.7006383722602042,25.999883053829812
619,167.301,-113.698,4.0,6.0,6.0,0.8960350757817933,0.9687182172611589,0.8888888888888888,0.9773242630385488,0.6937395643067674,25.743876236187837
620,174.11,-102.969,4.0,6.0,6.0,0.8871983945992763,0.9687182053330505,0.9012345679012346,0.9686888454011742,0.6902845868489377,25.61566600190191
621,180.232,-91.833,4.0,6.0,6.0,0.8779325792123427,0.9687182137505748,0.9135802469135802,0.9594594594594594,0.6858352267271356,25.45055537220853
622,185.643,-80.335,4.0,6.0,6.0,0.8682614942882467,0.9687181728692738,0.9135802469135802,0.9600110314396029,0.6786701376562014,25.184667168978095
623,190.321,-68.52,4.0,6.0,6.0,0.858210479472145,0.9687181633363471,0.9259259259259259,0.9540136054421768,0.675631510577954,25.071907217758504
624,194.247,-56.434,4.0,6.0,6.0,0.8478062319978938,0.9687182592731108,1.0,0.9357520786092215,0.7070379389918428,26.237363604718038
625,197.408,-44.126,4.0,6.0,6.0,0.8370769764630404,0.9687181762349654,1.0,0.9360040312421265,0.698278052598998,25.91229430963493
626,199.789,-31.643,4.0,6.0,6.0,0.8260534257231376,0.9687182010649722,1.0,0.9370118417737465,0.6898243225155737,25.59858612258741
627,201.381,-19.036,4.0,6.0,6.0,0.8147691473786658,0.968718263540948,1.0,0.9372637944066515,0.6805839943667907,25.25568818727686
628,202.179,-6.354,4.0,6.0,6.0,0.8032574672788684,0.9687182522075046,1.0,0.9365079365079365,0.6704270732601216,24.878776542959585
629,215.363,13.154,4.0,6.0,6.0,0.7810973528564047,0.9673389581950765,1.0,0.9448223733938019,0.6567829058920662,24.372457206221096
630,214.161,26.259,4.0,6.0,6.0,0.7693710341467721,0.9673389060949434,1.0,0.9458301839254221,0.6476128890737917,24.032168443406594
631,212.161,39.266,4.0,6.0,6.0,0.7575532628901422,0.9673389916144891,1.0,0.9458301839254221,0.6376654160423774,23.663029175936035
632,209.373,52.127,4.0,6.0,6.0,0.745683746112426,0.9673389516034301,1.0,0.9468379944570421,0.628343109211661,23.317089106155603
633,205.806,64.794,4.0,6.0,6.0,0.7338056830050154,0.9673389291002811,1.0,0.9491055681531873,0.619815004079033,23.000620946691523
634,201.473,77.221,4.0,6.0,6.0,0.7219628157398414,0.9673389099949079,1.0,0.9496094734189973,0.6101355820513038,22.641428743247435
635,196.39,89.36,4.0,6.0,6.0,0.710203791776456,0.9673389600427694,1.0,0.9508692365835223,0.6009942134144558,22.302203081450926
636,190.577,101.166,4.0,6.0,6.0,0.698577465804855,0.9673389812170801,1.0,0.9513731418493323,0.5914689838226386,21.948732781716682
637,184.055,112.596,4.0,6.0,6.0,0.687134010877561,0.9673389931420123,1.0,0.9526329050138574,0.5825504545044434,21.6177764303864
638,176.849,123.608,4.0,6.0,6.0,0.6759259600134414,0.9673388972034923,1.0,0.9538926681783825,0.573806040697183,21.293281305134208
639,168.984,134.159,4.0,6.0,6.0,0.6650097441554733,0.9673389629295377,1.0,0.9543965734441925,0.5648373262120644,20.960462640058765
640,160.491,144.212,4.0,6.0,6.0,0.6544395962821027,0.9673389077508617,1.0,0.9556563366087175,0.5565930706742044,20.654527812140657
641,151.401,153.727,4.0,6.0,6.0,0.6442751744764524,0.9673389572825036,1.0,0.9559082892416225,0.5480928422819631,20.339094126406067
642,141.747,162.672,4.0,6.0,6.0,0.6345714074579465,0.9673389244671707,0.9753086419753086,0.9625419788168432,0.5301621787017894,19.673707852088587
643,131.567,171.01,4.0,6.0,6.0,0.6253903934353106,0.9673389472527499,0.9876543209876543,0.960969387755102,0.5282411481806362,19.60242062194203
644,120.896,178.713,4.0,6.0,6.0,0.6167871060362903,0.9673389748800932,0.9753086419753086,0.9633169723585637,0.5157189433794458,19.13773602387074
645,109.776,185.751,4.0,6.0,6.0,0.6088203823806831,0.9673389689484853,1.0,0.9579239103048627,0.5190231247955267,19.260350390722515
646,98.248,192.098,4.0,6.0,6.0,0.6015454653875474,0.9673389435694706,1.0,0.9596875787351978,0.5137653735068964,19.065241295870166
647,86.354,197.73,4.0,6.0,6.0,0.5950153353693283,0.9673389779581598,1.0,0.9609473418997229,0.5088552548006793,18.88303244577502
648,74.139,202.627,4.0,6.0,6.0,0.5892789009281926,0.9673389479977603,1.0,0.9619551524313429,0.504477984303661,18.720596979030145
649,61.648,206.77,4.0,6.0,6.0,0.5843816387063032,0.9673389441163018,1.0,0.963718820861678,0.5012027004143307,18.599054966114167
650,48.928,210.144,4.0,6.0,6.0,0.5803630212300277,0.9673389106238579,1.0,0.9682539682539683,0.5000984438161304,18.55807727555176
651,36.026,212.736,4.0,6.0,6.0,0.5772567044000463,0.9673389038710717,1.0,0.9730410682791635,0.49988100907157557,18.550008522605744
652,22.99,214.536,4.0,6.0,6.0,0.5750892998984387,0.9673389615389617,1.0,0.9798437893675989,0.5014857987179537,18.609560418111023
653,9.868,215.539,4.0,6.0,6.0,0.5738784982116729,0.9673389134660001,1.0,0.9848828420256992,0.5030035042345221,18.665880721855785
654,-3.29,215.739,4.0,6.0,6.0,0.5736362757833408,0.9673389841278225,1.0,0.9858906525573192,0.5033057294434761,18.677095951280595
655,-16.437,215.138,4.0,6.0,6.0,0.5743631336345874,0.9673388906652648,1.0,0.982867220962459,0.5023979786946946,18.643410366469976
656,-29.522,213.735,4.0,6.0,6.0,0.576054601214684,0.9673389702462617,1.0,0.9763164525069287,0.5005192317497148,18.573692231136285
657,-42.497,211.538,4.0,6.0,6.0,0.578694292001857,0.9673389413515286,1.0,0.9717813051146384,0.5004771306530156,18.57212990792654
658,-55.314,208.554,4.0,6.0,6.0,0.5822602862927806,0.9673389202142798,1.0,0.9649785840262031,0.5000360705104011,18.555762674012865
659,-67.925,204.794,4.0,6.0,6.0,0.5867225923183126,0.967338925305455,1.0,0.9622071050642479,0.5024210909809479,18.644268036793903
660,-80.284,200.272,4.0,6.0,6.0,0.592044722905126,0.9673389237439965,1.0,0.9609473418997229,0.5063147679311446,18.788757903981637
661,-92.344,195.005,4.0,6.0,6.0,0.5981839379430515,0.9673389309304085,1.0,0.9606953892668179,0.5114308807325022,18.97861095769948
662,-104.061,189.012,4.0,6.0,6.0,0.6050935215901041,0.9673389633263705,1.0,0.9584278155706727,0.5161173050753073,19.152518767602164
663,-115.39,182.317,4.0,6.0,6.0,0.6127206123185198,0.967338936572452,1.0,0.9589317208364827,0.5228976281948048,19.40412874951826
664,-126.29,174.943,4.0,6.0,6.0,0.6210126021468586,0.96733896582224,1.0,0.9589317208364827,0.5299740534789299,19.666726741736262
665,-136.721,166.919,4.0,6.0,6.0,0.6299119266769247,0.9673388787059716,1.0,0.9576719576719577,0.5368625036454672,19.922349193835686
666,-146.642,158.273,4.0,6.0,6.0,0.6393618864400813,0.9673389655032547,1.0,0.9561602418745276,0.5440564135079556,20.189306903447157
667,-156.018,149.039,4.0,6.0,6.0,0.6493029655528837,0.9673389604830354,1.0,0.9574200050390527,0.5532435905403703,20.5302324620446
668,-164.814,139.25,4.0,6.0,6.0,0.6596779530113749,0.967338965882287,1.0,0.9556563366087175,0.561048264306592,20.819854916693284
669,-172.997,128.943,4.0,6.0,6.0,0.6704284765413261,0.9673389558755515,1.0,0.9549004787100025,0.5697404690891171,21.142412625167836
670,-180.536,118.157,4.0,6.0,6.0,0.6814970391689602,0.9673389405227376,1.0,0.9541446208112875,0.5786882678257306,21.474455130905387
671,-187.404,106.931,4.0,6.0,6.0,0.6928293569894125,0.9673388992180301,1.0,0.9528848576467625,0.5875342474639751,21.802719247169776
672,-193.574,95.307,4.0,6.0,6.0,0.704371291104591,0.9673389419989921,1.0,0.9513731418493323,0.5963744542103464,22.13076913806552
673,-199.024,83.329,4.0,6.0,6.0,0.7160701581065109,0.9673389521827772,0.9012345679012346,0.9714844842046407,0.557950650771844,20.704906046008965
674,-203.734,71.041,4.0,6.0,6.0,0.7278764165617602,0.9673389304376909,0.9012345679012346,0.9720436119653341,0.5674763068821309,21.058392173352388
675,-207.686,58.488,4.0,6.0,6.0,0.7397427666259365,0.9673389412834121,0.9012345679012346,0.9712049203242941,0.576230100687327,21.383235379524823
676,-210.865,45.718,4.0,6.0,6.0,0.7516220914591898,0.9673389737968723,0.9135802469135802,0.9707666850523994,0.5932361584252467,22.014310595925302
677,-213.26,32.778,4.0,6.0,6.0,0.7634709749337176,0.9673389640338815,0.8271604938271605,0.977155041120926,0.5491769495315477,20.3793240978478
678,-214.862,19.715,4.0,6.0,6.0,0.775248752665183,0.9673389319016031,0.8518518518518519,0.9781129843241645,0.5748581149284187,21.332322568158148
679,-215.664,6.58,4.0,6.0,6.0,0.7869138710007756,0.9673389563412128,0.8518518518518519,0.9784087548062703,0.5836844292337117,21.659856926565705
680,-215.664,-6.58,4.0,6.0,6.0,0.7984302326183708,0.9673389563412128,0.8765432098765432,0.9764300086231675,0.6081601037865519,22.568121020044604
681,-214.862,-19.715,4.0,6.0,6.0,0.8097613201672266,0.9673389319016031,0.8765432098765432,0.9755676918654785,0.6162462100166894,22.868187109297196
682,-213.26,-32.778,4.0,6.0,6.0,0.8208754026467207,0.9673389640338815,0.8765432098765432,0.9755676918654785,0.6247042924645866,23.182056807577588
683,-210.865,-45.718,4.0,6.0,6.0,0.8317383535513727,0.9673389737968723,0.9012345679012346,0.9726027397260274,0.6488234998345423,24.0770928144508
684,-207.686,-58.488,4.0,6.0,6.0,0.8423210553784668,0.9673389412834121,0.9012345679012346,0.9717640480849874,0.6565122349874549,24.36241292068865
685,-203.734,-71.041,4.0,6.0,6.0,0.8525959953175445,0.9673389304376909,0.8888888888888888,0.9617346938775511,0.6486531668701712,24.070771954319238
686,-199.024,-83.329,4.0,6.0,6.0,0.8625356586391651,0.9673389521827772,0.8888888888888888,0.9620181405895691,0.6564086583871216,24.35856931234175
687,-193.574,-95.307,4.0,6.0,6.0,0.8721153666645788,0.9673389419989921,0.9259259259259259,0.9545578231292517,0.6859917984176968,25.456365567318166
688,-187.404,-106.931,4.0,6.0,6.0,0.8813121855823562,0.9673388992180301,0.9259259259259259,0.9537414965986395,0.6926329977986098,25.70281282752729
689,-180.536,-118.157,4.0,6.0,6.0,0.8901044314301684,0.9673389405227376,0.9259259259259259,0.9540136054421768,0.6997425352550631,25.966639574324365
690,-172.997,-128.943,4.0,6.0,6.0,0.8984708842039851,0.9673389558755515,0.9629629629629629,0.9466248037676609,0.7288832608887778,27.04801834057176
691,-164.814,-139.25,4.0,6.0,6.0,0.9063936085668137,0.967338965882287,0.9629629629629629,0.945839874411303,0.7347008574105912,27.263902647241366
692,-156.018,-149.039,4.0,6.0,6.0,0.9138544624078099,0.9673389604830354,1.0,0.9387755102040817,0.7634934148480478,28.33236129271865
693,-146.642,-158.273,4.0,6.0,6.0,0.9208369831791645,0.9673389655032547,1.0,0.9397833207357017,0.7701529718397533,28.579489782721417
694,-136.721,-166.919,4.0,6.0,6.0,0.9273265007537823,0.9673388787059716,1.0,0.9405391786344167,0.7762042787952889,28.804046814416964
695,-126.29,-174.943,4.0,6.0,6.0,0.9333100892491439,0.96733896582224,1.0,0.9423028470647519,0.7826777240165608,29.04426891096799
696,-115.39,-182.317,4.0,6.0,6.0,0.9387744796602234,0.967338936572452,1.0,0.9405391786344167,0.7857866791617194,29.15963865575226
697,-104.061,-189.012,4.0,6.0,6.0,0.9437087363451557,0.9673389633263705,1.0,0.9402872260015117,0.7897052405966988,29.305051957510265
698,-92.344,-195.005,4.0,6.0,6.0,0.9481033648803812,0.9673389309304085,0.9876543209876543,0.9441326530612245,0.786792421223492,29.19696058532921
699,-80.284,-200.272,4.0,6.0,6.0,0.9519490458627119,0.9673389237439965,0.9753086419753086,0.944200464996125,0.7801650232240777,28.95102547849215
700,-67.925,-204.794,4.0,6.0,6.0,0.9552384810296006,0.967338925305455,0.9506172839506173,0.9454015372382719,0.764012230760977,28.351613953715667
701,-55.314,-208.554,4.0,6.0,6.0,0.9579649588399628,0.9673389202142798,0.9506172839506173,0.9454015372382719,0.766192899340977,28.43253605319512
702,-42.497,-211.538,4.0,6.0,6.0,0.9601234494676955,0.9673389413515286,0.9259259259259259,0.9499319727891157,0.751557693935328,27.889440436282012
703,-29.522,-213.735,4.0,6.0,6.0,0.9617096842922062,0.9673389702462617,0.9259259259259259,0.9480272108843537,0.7512898962567502,27.879502772858512
704,-16.437,-215.138,4.0,6.0,6.0,0.9627204104468023,0.9673388906652648,0.9012345679012346,0.9547106513838413,0.7371846170665018,27.35607210747115
705,-3.29,-215.739,4.0,6.0,6.0,0.9631541865217721,0.9673389841278225,0.9012345679012346,0.9552697791445345,0.7379487718745829,27.384429012305002
706,9.868,-215.539,4.0,6.0,6.0,0.9630095030193966,0.9673389134660001,0.8765432098765432,0.963207818338603,0.7235863868488095,26.8514574454758
707,22.99,-214.536,4.0,6.0,6.0,0.9622871856123951,0.9673389615389617,0.8765432098765432,0.9646450129347514,0.7241225353371674,26.871353298384662
708,36.026,-212.736,4.0,6.0,6.0,0.9609882578246023,0.9673389038710717,0.8765432098765432,0.9660822075308997,0.724222438448593,26.875060587789037
709,48.928,-210.144,4.0,6.0,6.0,0.9591155132884143,0.9673389106238579,0.8518518518518519,0.9719018041999409,0.7066817249973201,26.224144913640853
710,61.648,-206.77,4.0,6.0,6.0,0.9566724887495595,0.9673389441163018,0.8518518518518519,0.9719018041999409,0.7048817151300063,26.157348620576112
711,74.139,-202.627,4.0,6.0,6.0,0.9536637601499122,0.9673389479977603,0.8271604938271605,0.977155041120926,0.6859856670271115,25.456138038475206
712,86.354,-197.73,4.0,6.0,6.0,0.9500953903795012,0.9673389779581598,0.8271604938271605,0.9780688394760889,0.6840580099306653,25.384604903751505
713,98.248,-192.098,4.0,6.0,6.0,0.9459742056776661,0.9673389435694706,0.8024691358024691,0.9821036106750393,0.6634855050688012,24.621182942137665
714,109.776,-185.751,4.0,6.0,6.0,0.941308742670147,0.9673389689484853,0.8024691358024691,0.9811616954474097,0.6595800723647298,24.476256832463005
715,120.896,-178.713,4.0,6.0,6.0,0.9361079714223043,0.9673389748800932,0.7777777777777778,0.9876903142209265,0.639983507833953,23.749050892523698
716,131.567,-171.01,4.0,6.0,6.0,0.9303822002819678,0.9673389472527499,0.7777777777777778,0.9880142533203757,0.6362776005257389,23.61152894049148
717,141.747,-162.672,4.0,6.0,6.0,0.9241445104255104,0.9673389244671707,0.8024691358024691,0.9799058084772371,0.6467241054131897,23.9991867053935
718,151.401,-153.727,4.0,6.0,6.0,0.9174060093623131,0.9673389572825036,0.8024691358024691,0.9795918367346939,0.6418027614279584,23.816561298122544
719,160.491,-144.212,4.0,6.0,6.0,0.9101827230657522,0.9673389077508617,0.8024691358024691,0.9792778649921507,0.6365453454055523,23.62146464461364
720,168.984,-134.159,4.0,6.0,6.0,0.9024889943935407,0.9673389629295377,0.8271604938271605,0.9701492537313433,0.6445205372832068,23.917414829988104
721,176.849,-123.608,4.0,6.0,6.0,0.8943420833897666,0.9673388972034923,0.9135802469135802,0.9652509652509652,0.7018706648107726,26.045612011122756
722,184.055,-112.596,4.0,6.0,6.0,0.8857604123953193,0.9673389931420123,0.9259259259259259,0.9575510204081633,0.6989095197574091,25.93572732860884
723,190.577,-101.166,4.0,6.0,6.0,0.876763399153905,0.9673389812170801,0.9259259259259259,0.9572789115646259,0.6916138223254085,25.664992399523776
724,196.39,-89.36,4.0,6.0,6.0,0.8673724051032551,0.9673389600427694,0.9382716049382716,0.9524704618689581,0.6898460750720077,25.599393334903773
725,201.473,-77.221,4.0,6.0,6.0,0.8576091711441356,0.9673389099949079,0.9382716049382716,0.9505907626208379,0.6807349745412485,25.261290887663776
726,205.806,-64.794,4.0,6.0,6.0,0.8474982093111847,0.9673389291002811,0.9506172839506173,0.9472568248078452,0.6791703711286499,25.203230257010677
727,209.373,-52.127,4.0,6.0,6.0,0.8370662928053771,0.9673389516034301,0.9506172839506173,0.9491121123774185,0.6721242721887811,24.941757640500505
728,212.161,-39.266,4.0,6.0,6.0,0.8263399392313204,0.9673389916144891,1.0,0.9423028470647519,0.692972129623543,25.71539761896492
729,214.161,-26.259,4.0,6.0,6.0,0.815347759702109,0.9673389060949434,1.0,0.9430587049634669,0.6843024472018693,25.39367568936206
730,215.363,-13.154,4.0,6.0,6.0,0.8041213970868821,0.9673389581950765,1.0,0.9430587049634669,0.6748804580166914,25.044036522213933
731,215.765,0.0,4.0,6.0,6.0,0.7926927510064927,0.9673388903776095,1.0,0.9423028470647519,0.6647553872618492,24.6683068077702
732,229.134,7.274,4.0,6.0,6.0,0.7823182140214141,0.9659565229862926,1.0,0.9473418997228521,0.658621031246282,24.44066792110632
733,228.212,21.792,4.0,6.0,6.0,0.7700287735777958,0.9659564542528827,1.0,0.9486016628873771,0.6491367717165981,24.088717973191716
734,226.37,36.222,4.0,6.0,6.0,0.7576165864246124,0.9659564985625222,1.0,0.9480977576215671,0.6383340180159123,23.6878402251302
735,223.617,50.506,4.0,6.0,6.0,0.7451262710118007,0.9659564966513955,1.0,0.9511211892164273,0.6298122851853906,23.371608534458165
736,219.964,64.587,4.0,6.0,6.0,0.7326050180746484,0.9659564467218363,1.0,0.9541446208112875,0.6211971691420394,23.051911500309544
737,215.424,78.408,4.0,6.0,6.0,0.7201033761439536,0.9659565200308791,0.9135802469135802,0.9680088251516823,0.5659346308393679,21.001182350987932
738,210.018,91.913,4.0,6.0,6.0,0.7076741933505588,0.9659564650637881,0.9012345679012346,0.9731618674867207,0.5515713043404595,20.468175847175
739,203.765,105.048,4.0,6.0,6.0,0.695372451007279,0.9659565327204984,0.8888888888888888,0.9773242630385488,0.53684517050126,19.921705980817126
740,196.693,117.76,4.0,6.0,6.0,0.683256063664331,0.9659564664161865,0.9012345679012346,0.9720436119653341,0.5319275299611579,19.73921800412957
741,188.828,129.998,4.0,6.0,6.0,0.6713848656101056,0.9659564799001219,0.9259259259259259,0.9697959183673469,0.5357640034124648,19.88158511535604
742,180.203,141.713,4.0,6.0,6.0,0.6598210346561513,0.9659564347030904,0.9382716049382716,0.9693877551020408,0.5333319809326869,19.79133556214569
743,170.852,152.857,4.0,6.0,6.0,0.6486294537407723,0.9659564407949177,0.9506172839506173,0.967930029154519,0.5303855770757538,19.68199790845355
744,160.813,163.385,4.0,6.0,6.0,0.6378760450720038,0.9659564831209088,0.9259259259259259,0.9657142857142857,0.506881665191044,18.809794808388364
745,150.127,173.255,4.0,6.0,6.0,0.6276274636247546,0.9659564983454759,0.9506172839506173,0.9642194540153723,0.5112448318546341,18.971706898118413
746,138.836,182.428,4.0,6.0,6.0,0.6179502855996996,0.9659564985857931,0.9753086419753086,0.9620253164556962,0.5152612783323967,19.12075260107773
747,126.986,190.866,4.0,6.0,6.0,0.608912593626861,0.9659565290009452,1.0,0.9586797682035777,0.5187688948787914,19.2509162113147
748,114.625,198.536,4.0,6.0,6.0,0.6005797608751683,0.9659564932511521,1.0,0.9591836734693877,0.5119385854946392,18.997451296687554
749,101.802,205.406,4.0,6.0,6.0,0.5930163569287774,0.9659565294735252,1.0,0.9596875787351978,0.5057570625205996,18.768062098517998
750,88.57,211.45,4.0,6.0,6.0,0.5862823358010667,0.9659564231074779,1.0,0.9591836734693877,0.4997513193887647,18.545195887843118
751,74.98,216.641,4.0,6.0,6.0,0.5804353791629167,0.9659565180078709,1.0,0.9614512471655329,0.49593704254669074,18.40365246722095
752,61.089,220.961,4.0,6.0,6.0,0.5755249960256428,0.9659564495015903,1.0,0.963970773494583,0.49303009655577734,18.2957790494923
753,46.952,224.39,4.0,6.0,6.0,0.571596706012953,0.9659565092537364,1.0,0.9685059208868733,0.4919686152911941,18.256388702295123
754,32.626,226.916,4.0,6.0,6.0,0.5686857459202737,0.9659565171909256,1.0,0.9743008314436886,0.49239180958953205,18.27209295530419
755,18.168,228.529,4.0,6.0,6.0,0.5668194770072665,0.9659564605501254,1.0,0.9805996472663139,0.4939487338811308,18.329868622621195
756,3.637,229.221,4.0,6.0,6.0,0.5660166733509937,0.9659564796714403,1.0,0.982867220962459,0.4943897560111708,18.346234445932012
757,-10.908,228.99,4.0,6.0,6.0,0.5662846270324626,0.9659564998200486,1.0,0.981859410430839,0.49411663522325217,18.33609924805162
758,-25.41,227.837,4.0,6.0,6.0,0.5676207428434623,0.9659565082994033,1.0,0.9775762156714538,0.49312189356492925,18.299185530777276
759,-39.809,225.767,4.0,6.0,6.0,0.5700118954912076,0.9659564796356388,1.0,0.9720332577475435,0.4923913680108803,18.272076568828997
760,-54.048,222.788,4.0,6.0,6.0,0.5734355674404125,0.9659564383570678,1.0,0.9659863945578231,0.49226731975446203,18.267473280902443
761,-68.069,218.911,4.0,6.0,6.0,0.5778602681597333,0.9659564975560536,1.0,0.9619551524313429,0.4939955712423835,18.331606703153653
762,-81.816,214.153,4.0,6.0,6.0,0.583244903556579,0.9659565086135613,1.0,0.9609473418997229,0.4980763753244276,18.48304064268578
763,-95.234,208.533,4.0,6.0,6.0,0.5895419652361503,0.9659564724585711,1.0,0.9599395313681028,0.5029258814893598,18.66300023118265
764,-108.268,202.073,4.0,6.0,6.0,0.5966978498715738,0.9659564880527813,1.0,0.9591836734693877,0.5086296133953707,18.87465915310023
765,-120.866,194.799,4.0,6.0,6.0,0.6046539404210839,0.9659565365628962,1.0,0.9594356261022927,0.5155468542833526,19.13134999571355
766,-132.978,186.741,4.0,6.0,6.0,0.613347407676681,0.9659565121265815,0.9753086419753086,0.9615086540945492,0.5111486357231203,18.968137170469152
767,-144.554,177.931,4.0,6.0,6.0,0.6227131611981144,0.9659565232894864,0.9506172839506173,0.96448449509674,0.5073812434670011,18.828333582833753
768,-155.548,168.405,4.0,6.0,6.0,0.6326842275643586,0.9659564953974494,0.9259259259259259,0.9662585034013605,0.503039369632703,18.667211645475305
769,-165.916,158.2,4.0,6.0,6.0,0.6431944079601838,0.9659565100028823,0.9012345679012346,0.9681297176404808,0.49872260527642487,18.507021491927034
770,-175.616,147.359,4.0,6.0,6.0,0.6541748452615925,0.9659564439311185,0.9382716049382716,0.9688506981740065,0.5284752363844257,19.61110736558009
771,-184.608,135.924,4.0,6.0,6.0,0.6655603861966477,0.965956490226153,0.9259259259259259,0.9687074829931973,0.5305199943475153,19.686985978597264
772,-192.857,123.942,4.0,6.0,6.0,0.6772853400813725,0.9659564914852454,0.9135802469135802,0.9696635410921125,0.5331934867164535,19.786196201288128
773,-200.33,111.46,4.0,6.0,6.0,0.6892875000513184,0.9659564917790411,0.9012345679012346,0.9720436119653341,0.5366231292498004,19.91346628570529
774,-206.996,98.53,4.0,6.0,6.0,0.7015039397995615,0.9659564773653805,0.8888888888888888,0.9767573696145124,0.541264663502383,20.085708276060732
775,-212.828,85.204,4.0,6.0,6.0,0.7138757907716777,0.9659564831195662,0.9012345679012346,0.9723231758456807,0.5559254061108723,20.62975154915948
776,-217.804,71.534,4.0,6.0,6.0,0.7263480511176326,0.965956434704433,0.9135802469135802,0.9674572531715389,0.5705170509191798,21.171230682474953
777,-221.902,57.576,4.0,6.0,6.0,0.7388659402847826,0.9659564799466638,1.0,0.9518770471151423,0.6250170855920126,23.19366420028559
778,-225.107,43.386,4.0,6.0,6.0,0.7513781110613227,0.9659564770232532,1.0,0.9508692365835223,0.6349283547881918,23.561459985127332
779,-227.405,29.021,4.0,6.0,6.0,0.7638359753464339,0.9659565338533926,1.0,0.9501133786848073,0.6449424370343758,23.93307104384269
780,-228.788,14.54,4.0,6.0,6.0,0.7761919362327703,0.9659565096699286,1.0,0.9503653313177123,0.6555489297255883,24.32666577188081
781,-229.25,0.0,4.0,6.0,6.0,0.7884033496017351,0.9659564644804488,1.0,0.9491055681531873,0.664979661671556,24.67662937281261
782,-228.788,-14.54,4.0,6.0,6.0,0.8004287491023061,0.9659565096699286,1.0,0.9486016628873771,0.6747640891080898,25.039718206040384
783,-227.405,-29.021,4.0,6.0,6.0,0.8122283744711858,0.9659565338533926,1.0,0.9478458049886621,0.6841656429178428,25.38859903994236
784,-225.107,-43.386,4.0,6.0,6.0,0.8237661891455007,0.9659564770232532,1.0,0.9460821365583271,0.6925931491736002,25.701334090947725
785,-221.902,-57.576,4.0,6.0,6.0,0.8350071554661959,0.9659564799466638,1.0,0.9460821365583271,0.7020441537385396,26.052049985421142
786,-217.804,-71.534,4.0,6.0,6.0,0.8459183853091499,0.965956434704433,1.0,0.9448223733938019,0.7102708644389878,26.357333744629678
787,-212.828,-85.204,4.0,6.0,6.0,0.8564702051432106,0.9659564831195662,0.9629629629629629,0.9502878074306645,0.6965020343869636,25.846388319265884
788,-206.996,-98.53,4.0,6.0,6.0,0.8666325783133,0.9659564773653805,0.9259259259259259,0.9564625850340136,0.6820632149587783,25.31058035979437
789,-200.33,-111.46,4.0,6.0,6.0,0.8763804424353315,0.9659564917790411,0.8888888888888888,0.9611678004535147,0.6654030097068991,24.692339330824876
790,-192.857,-123.942,4.0,6.0,6.0,0.8856887167534218,0.9659564914852454,0.8518518518518519,0.9650990831115055,0.6470867090475598,24.012642508646334
791,-184.608,-135.924,4.0,6.0,6.0,0.8945330041261206,0.965956490226153,0.8148148148148148,0.9706246134817563,0.6287123300422394,23.33079046593855
792,-175.616,-147.359,4.0,6.0,6.0,0.9028924430621887,0.9659564439311185,0.8518518518518519,0.9751552795031055,0.666529288317154,24.73413423289139
793,-165.916,-158.2,4.0,6.0,6.0,0.91074752864471,0.9659565100028823,0.8271604938271605,0.977459640572647,0.6543830185151761,24.2834001496682
794,-155.548,-168.405,4.0,6.0,6.0,0.9180798655381714,0.9659564953974494,0.8024691358024691,0.9786499215070643,0.6407395927218709,23.7771083319146
795,-144.554,-177.931,4.0,6.0,6.0,0.9248721803568833,0.9659565232894864,0.7777777777777778,0.9854227405247813,0.6299487727184792,23.376673429615366
796,-132.978,-186.741,4.0,6.0,6.0,0.9311095986198872,0.9659565121265815,0.8024691358024691,0.9792778649921507,0.6502501807800034,24.130035301196784
797,-120.866,-194.799,4.0,6.0,6.0,0.9367785048247326,0.9659565365628962,0.8271604938271605,0.9728906487968322,0.6699403608495605,24.86071520596114
798,-108.268,-202.073,4.0,6.0,6.0,0.9418660089731533,0.9659564880527813,0.8518518518518519,0.9668737060041408,0.6893953294449924,25.582666683818967
799,-95.234,-208.533,4.0,6.0,6.0,0.9463614683974257,0.9659564724585711,0.8765432098765432,0.960620868065536,0.7081541103913124,26.27878343983301
800,-81.816,-214.153,4.0,6.0,6.0,0.9502554798040141,0.9659565086135613,0.9012345679012346,0.9549902152641878,0.7268127651126819,26.971184626956727
801,-68.069,-218.911,4.0,6.0,6.0,0.9535394600670013,0.9659564975560536,0.9259259259259259,0.9499319727891157,0.7453372307170908,27.658606210498622
802,-54.048,-222.788,4.0,6.0,6.0,0.9562066146939903,0.9659564383570678,0.9506172839506173,0.9454015372382719,0.7636935505382618,28.339788097681783
803,-39.809,-225.767,4.0,6.0,6.0,0.958251670227617,0.9659564796356388,0.9506172839506173,0.9456665783196395,0.7655414653609259,28.40836208846638
804,-25.41,-227.837,4.0,6.0,6.0,0.9596701432209713,0.9659565082994033,0.9753086419753086,0.945233789718419,0.7862283404010831,29.176028195674007
805,-10.908,-228.99,4.0,6.0,6.0,0.9604591265109267,0.9659564998200486,1.0,0.9420508944318469,0.8040788714170561,29.83844084282445
806,3.637,-229.221,4.0,6.0,6.0,0.9606169633717998,0.9659564796714403,1.0,0.9425547996976569,0.8046411671591028,29.85930699020333
807,18.168,-228.529,4.0,6.0,6.0,0.9601433888754063,0.9659564605501254,1.0,0.9435626102292769,0.8051043958288241,29.876496872625957
808,32.626,-226.916,4.0,6.0,6.0,0.9590394656670194,0.9659565171909256,0.9753086419753086,0.945750452079566,0.7861411208108182,29.17279157713201
809,46.952,-224.39,4.0,6.0,6.0,0.9573073205928195,0.9659565092537364,0.9506172839506173,0.9469917837264776,0.7658587843340088,28.42013743009419
810,61.089,-220.961,4.0,6.0,6.0,0.9549505341900135,0.9659564495015903,0.9259259259259259,0.950204081632653,0.7466539827134557,27.707469360551258
811,74.98,-216.641,4.0,6.0,6.0,0.9519742394338027,0.9659565180078709,0.9012345679012346,0.9558289069052278,0.7287668394663808,27.043698075671738
812,88.57,-211.45,4.0,6.0,6.0,0.9483840575789813,0.9659564231074779,0.8765432098765432,0.960620868065536,0.7096675601438313,26.33494581707535
813,101.802,-205.406,4.0,6.0,6.0,0.9441884817907246,0.9659565294735252,0.8518518518518519,0.9665779355220349,0.6908838756636014,25.63790491959987
814,114.625,-198.536,4.0,6.0,6.0,0.9393954982593071,0.9659564932511521,0.8518518518518519,0.9656906240757173,0.6867457096276847,25.484342344024565
815,126.986,-190.866,4.0,6.0,6.0,0.9340159193782032,0.9659565290009452,0.8271604938271605,0.9722814498933902,0.6675464209942071,24.771878855082576
816,138.836,-182.428,4.0,6.0,6.0,0.9280611216626266,0.9659564985857931,0.8024691358024691,0.9795918367346939,0.6483290335175099,24.058743738913545
817,150.127,-173.255,4.0,6.0,6.0,0.9215442288245663,0.9659564983454759,0.7777777777777778,0.9863945578231292,0.6283010385636918,23.31552791286316
818,160.813,-163.385,4.0,6.0,6.0,0.914480184631546,0.9659564831209088,0.8024691358024691,0.9799058084772371,0.6390463492921605,23.71427401838405
819,170.852,-152.857,4.0,6.0,6.0,0.9068843886838396,0.9659564407949177,0.8271604938271605,0.9783734389278099,0.6522164279706357,24.20300046987067
820,180.203,-141.713,4.0,6.0,6.0,0.8987745035208792,0.9659564347030904,0.7777777777777778,0.9740848720440557,0.6051296602268628,22.45566474977357
821,188.828,-129.998,4.0,6.0,6.0,0.8901697530183956,0.9659564799001219,0.8148148148148148,0.9693877551020408,0.6248484072798464,23.18740474239165
822,196.693,-117.76,4.0,6.0,6.0,0.881090717703678,0.9659564664161865,0.8518518518518519,0.966282165039929,0.6445165044478647,23.917265176113265
823,203.765,-105.048,4.0,6.0,6.0,0.8715603670181621,0.9659565327204984,0.8888888888888888,0.9617346938775511,0.6621336280366001,24.57101634245943
824,210.018,-91.913,4.0,6.0,6.0,0.8616013723444554,0.9659564650637881,0.9259259259259259,0.9556462585034013,0.6775247602990547,25.142163534410876
825,215.424,-78.408,4.0,6.0,6.0,0.8512410519000021,0.9659565200308791,0.9629629629629629,0.9508110936682366,0.6926307831895909,25.702730645937212
826,219.964,-64.587,4.0,6.0,6.0,0.8405054463826378,0.9659564467218363,1.0,0.9448223733938019,0.7057259278940606,26.18867638395161
827,223.617,-50.506,4.0,6.0,6.0,0.8294255983774212,0.9659564966513955,1.0,0.9440665154950869,0.6958656901785829,25.82277431858461
828,226.37,-36.222,4.0,6.0,6.0,0.8180324619304503,0.9659564985625222,1.0,0.9458301839254221,0.6875892899673278,25.51564663885854
829,228.212,-21.792,4.0,6.0,6.0,0.8063592722354691,0.9659564542528827,1.0,0.9465860418241371,0.6783191161757505,25.17164116611778
830,229.134,-7.274,4.0,6.0,6.0,0.7944422196192487,0.9659565229862926,1.0,0.9470899470899471,0.6686501553600822,24.81283716620486
831,242.266,15.091,4.0,6.0,6.0,0.7724085499126545,0.9645723539800135,1.0,0.9511211892164273,0.6519369060431713,24.19262773307407
832,240.859,30.123,4.0,6.0,6.0,0.7601705261808884,0.9645723751330133,1.0,0.9503653313177123,0.6410977595325514,23.790399489750303
833,238.52,45.039,4.0,6.0,6.0,0.7478290048228129,0.9645724070842763,1.0,0.9528848576467625,0.6323614586173872,23.466205424580004
834,235.259,59.781,4.0,6.0,6.0,0.7354278636143904,0.9645723514412825,1.0,0.9551524313429075,0.6233549352166273,23.13198371419048
835,231.087,74.291,4.0,6.0,6.0,0.7230143113226775,0.9645723960180946,1.0,0.9554043839758125,0.612994785389749,22.747530486129264
836,226.021,88.514,4.0,6.0,6.0,0.7106358296311801,0.9645724242736747,1.0,0.9566641471403377,0.6032943637263883,22.387559010392632
837,220.081,102.394,4.0,6.0,6.0,0.6983443373241831,0.964572433333197,1.0,0.9559082892416225,0.5923910888025278,21.982951035511622
838,213.29,115.878,4.0,6.0,6.0,0.6861927417195802,0.9645724000923369,1.0,0.9566641471403377,0.5825433870201302,21.617514164183312
839,205.673,128.914,4.0,6.0,6.0,0.6742366529996415,0.9645724281461759,1.0,0.9586797682035777,0.5735992717064423,21.28560834602825
840,197.261,141.452,4.0,6.0,6.0,0.6625339401827985,0.9645723503029245,1.0,0.9579239103048627,0.5631988777235268,20.899661703686583
841,188.085,153.442,4.0,6.0,6.0,0.6511458453609889,0.9645723832580184,1.0,0.9581758629377677,0.5536638281248514,20.54582699480775
842,178.182,164.838,4.0,6.0,6.0,0.6401342114183237,0.9645723881686348,1.0,0.9596875787351978,0.5451594755497114,20.230240265395707
843,167.589,175.597,4.0,6.0,6.0,0.6295613639810943,0.9645723907143482,1.0,0.9594356261022927,0.536014530128914,19.8908818732663
844,156.348,185.676,4.0,6.0,6.0,0.6194930034045646,0.9645724129719041,1.0,0.9594356261022927,0.527442244391377,19.57277422243783
845,144.502,195.037,4.0,6.0,6.0,0.6099931062180057,0.9645724160820422,1.0,0.9594356261022927,0.5193539431052727,19.27262667718641
846,132.097,203.643,4.0,6.0,6.0,0.6011268276057273,0.9645724521414442,1.0,0.9589317208364827,0.5115363229291039,18.982523796175254
847,119.181,211.462,4.0,6.0,6.0,0.5929567406150248,0.9645724099848437,1.0,0.9591836734693877,0.5047164400073858,18.729445795560654
848,105.804,218.462,4.0,6.0,6.0,0.5855453994781713,0.9645724430476562,1.0,0.9589317208364827,0.49827710888606175,18.49048963396873
849,92.018,224.617,4.0,6.0,6.0,0.5789504422363279,0.9645724478791933,0.9876543209876543,0.960969387755102,0.48761672265779704,18.094894978840983
850,77.876,229.904,4.0,6.0,6.0,0.5732254496399596,0.9645723608412499,1.0,0.9604434366339129,0.488562239118429,18.129982005722766
851,63.432,234.3,4.0,6.0,6.0,0.5684204898415601,0.9645724479614565,1.0,0.9627110103300579,0.48561080710027127,18.02045776275862
852,48.743,237.791,4.0,6.0,6.0,0.5645763852892691,0.9645723779413748,1.0,0.9677500629881582,0.4848513012114972,17.992273373965986
853,33.865,240.361,4.0,6.0,6.0,0.5617290865855471,0.9645724183716642,1.0,0.9727891156462585,0.48491797371133244,17.994747513646676
854,18.857,242.002,4.0,6.0,6.0,0.5599039975093025,0.9645723536805679,1.0,0.9780801209372638,0.48597131782928443,18.0338359007041
855,3.775,242.706,4.0,6.0,6.0,0.5591188973174863,0.9645723751222283,1.0,0.9795918367346939,0.4860399588640155,18.03638309044757
856,-11.321,242.471,4.0,6.0,6.0,0.5593809159686832,0.9645723967303362,1.0,0.9783320735701688,0.48564239726941344,18.021630037552388
857,-26.374,241.298,4.0,6.0,6.0,0.5606875581188936,0.9645724048090356,1.0,0.9760644998740237,0.4856485506792812,18.021858383505563
858,-41.324,239.192,4.0,6.0,6.0,0.5630261948215783,0.964572368190356,1.0,0.9702695893172084,0.48477885056589837,17.989584813950827
859,-56.115,236.16,4.0,6.0,6.0,0.5663757891315901,0.9645723781327579,1.0,0.9659863945578231,0.48551017770006155,18.016723521613947
860,-70.688,232.214,4.0,6.0,6.0,0.5707053984987631,0.964572442354023,1.0,0.9622071050642479,0.4873076369484247,18.08342516414704
861,-84.988,227.371,4.0,6.0,6.0,0.5759756230926913,0.9645723584742341,0.9876543209876543,0.9607142857142857,0.4849823791226338,17.997137524282927
862,-98.959,221.647,4.0,6.0,6.0,0.5821422319672136,0.9645724125045481,1.0,0.9589317208364827,0.4953811256627103,18.38302303191824
863,-112.547,215.066,4.0,6.0,6.0,0.5891526086430374,0.9645724261921615,1.0,0.9581758629377677,0.5009515233709022,18.589734075318706
864,-125.7,207.653,4.0,6.0,6.0,0.5969507992098982,0.9645724162859026,1.0,0.9586797682035777,0.5078491920274127,18.845698614963897
865,-138.367,199.437,4.0,6.0,6.0,0.6054765735433967,0.9645723559634171,1.0,0.9594356261022927,0.5155084920192538,19.129926416275513
866,-150.498,190.449,4.0,6.0,6.0,0.6146676846537096,0.9645723716236193,1.0,0.9594356261022927,0.5233338996071609,19.42031827916734
867,-162.047,180.724,4.0,6.0,6.0,0.6244601109364055,0.9645723875306205,1.0,0.9591836734693877,0.5315316534804683,19.724527483870897
868,-172.969,170.3,4.0,6.0,6.0,0.6347887108435625,0.9645723937530056,1.0,0.9601914840010078,0.5408909312593084,20.071839502955942
869,-183.222,159.217,4.0,6.0,6.0,0.64558907575709,0.9645723959920833,1.0,0.9594356261022927,0.5496606793076676,20.3972747527173
870,-192.766,147.518,4.0,6.0,6.0,0.6567970585322246,0.9645724093768582,1.0,0.9586797682035777,0.558762721406638,20.735041051986418
871,-201.564,135.248,4.0,6.0,6.0,0.668350131590536,0.9645724566369511,1.0,0.9581758629377677,0.5682925310374342,21.088681311692238
872,-209.583,122.456,4.0,6.0,6.0,0.6801859896306022,0.9645723639640699,1.0,0.9569160997732427,0.5775960116820003,21.43392276338717
873,-216.79,109.189,4.0,6.0,6.0,0.6922474218394129,0.9645724409411682,1.0,0.9566641471403377,0.5876835331158036,21.808259065773537
874,-223.159,95.5,4.0,6.0,6.0,0.7044761554264649,0.9645724309046357,1.0,0.9556563366087175,0.5974350721389388,22.170127447858402
875,-228.665,81.442,4.0,6.0,6.0,0.7168174014140348,0.9645723690893274,1.0,0.9543965734441925,0.6070997520850867,22.528772589633792
876,-233.286,67.068,4.0,6.0,6.0,0.7292201279470629,0.964572370605377,1.0,0.9543965734441925,0.6176040909646222,22.918576507373388
877,-237.004,52.435,4.0,6.0,6.0,0.7416333466479885,0.9645724021527204,1.0,0.9536407155454775,0.6276198826354519,23.29025100086856
878,-239.805,37.599,4.0,6.0,6.0,0.754010216036341,0.9645724449581086,1.0,0.9531368102796675,0.6377568780950629,23.66642322737232
879,-241.679,22.618,4.0,6.0,6.0,0.7663050992853924,0.9645724047487658,1.0,0.9526329050138574,0.6478134407457847,24.039610684974452
880,-242.618,7.549,4.0,6.0,6.0,0.7784763112842946,0.9645723691451564,1.0,0.9518770471151423,0.6575804617462614,24.40205358540752
881,-242.618,-7.549,4.0,6.0,6.0,0.7904830971003909,0.9645723691451564,1.0,0.9513731418493323,0.6673691377773029,24.765300079084273
882,-241.679,-22.618,4.0,6.0,6.0,0.8022877845659391,0.9645724047487658,1.0,0.9503653313177123,0.676617810429757,25.108507669315507
883,-239.805,-37.599,4.0,6.0,6.0,0.8138538737719361,0.9645724449581086,0.9876543209876543,0.9530612244897959,0.6798214792713606,25.227392130290987
884,-237.004,-52.435,4.0,6.0,6.0,0.8251479574529873,0.9645724021527204,0.9876543209876543,0.952295918367347,0.6887020556640707,25.556940092267748
885,-233.286,-67.068,4.0,6.0,6.0,0.836138093469246,0.964572370605377,0.9753086419753086,0.9537587186773444,0.6902100018492635,25.6128982384652
886,-228.665,-81.442,4.0,6.0,6.0,0.8467949613638341,0.9645723690893274,0.9753086419753086,0.9524670627744769,0.6980603140533788,25.90421428298131
887,-223.159,-95.5,4.0,6.0,6.0,0.857089704519346,0.9645724309046357,0.9753086419753086,0.9529837251356239,0.7069301541145339,26.233363832059336
888,-216.79,-109.189,4.0,6.0,6.0,0.866996543708495,0.9645724409411682,0.9259259259259259,0.9542857142857143,0.6798212095639992,25.227382121761433
889,-209.583,-122.456,4.0,6.0,6.0,0.8764906558684249,0.9645723639640699,0.9259259259259259,0.9537414965986395,0.6868736497070989,25.4890900530202
890,-201.564,-135.248,4.0,6.0,6.0,0.8855493966402241,0.9645724566369511,0.9259259259259259,0.9523809523809523,0.6929827446484835,25.715791530314903
891,-192.766,-147.518,4.0,6.0,6.0,0.8941514734147158,0.9645724093768582,0.9012345679012346,0.9547106513838413,0.6827211675083744,25.33499622113134
892,-183.222,-159.217,4.0,6.0,6.0,0.9022770449417997,0.9645723959920833,0.9012345679012346,0.9555493430248811,0.6895305689590856,25.587685266428622
893,-172.969,-170.3,4.0,6.0,6.0,0.9099079042727787,0.9645723937530056,0.8765432098765432,0.9591836734693877,0.6788834179923606,25.192581756613272
894,-162.047,-180.724,4.0,6.0,6.0,0.917027054681308,0.9645723875306205,0.8765432098765432,0.9594711123886174,0.6844000535143352,25.397297747202312
895,-150.498,-190.449,4.0,6.0,6.0,0.9236192680904051,0.9645723716236193,0.8765432098765432,0.9603334291463064,0.6899394952951453,25.60286005179027
896,-138.367,-199.437,4.0,6.0,6.0,0.9296703188202833,0.9645723559634171,0.8518518518518519,0.966282165039929,0.6790779668619547,25.19980124109766
897,-125.7,-207.653,4.0,6.0,6.0,0.9351679181448581,0.9645724162859026,0.8518518518518519,0.9665779355220349,0.6833028216691063,25.35658073713211
898,-112.547,-215.066,4.0,6.0,6.0,0.9401003026926289,0.9645724261921615,0.8518518518518519,0.9671694764862466,0.6873271771396408,25.50591993370423
899,-98.959,-221.647,4.0,6.0,6.0,0.9444573477176867,0.9645724125045481,0.7407407407407407,0.9707482993197278,0.6026676548476521,22.36430256569724
900,-84.988,-227.371,4.0,6.0,6.0,0.9482303968943451,0.9645723584742341,0.7407407407407407,0.9693877551020408,0.6042272030917316,22.422175604868745
901,-70.688,-232.214,4.0,6.0,6.0,0.9514120347629802,0.964572442354023,0.7407407407407407,0.969047619047619,0.6060419241733603,22.489517814153483
902,-56.115,-236.16,4.0,6.0,6.0,0.9539955111817164,0.9645723781327579,0.7037037037037037,0.9727891156462585,0.579532130559962,21.505769905077294
903,-41.324,-239.192,4.0,6.0,6.0,0.9559761450582299,0.964572368190356,0.7037037037037037,0.9735051915503043,0.5811628005866806,21.56628219169
904,-26.374,-241.298,4.0,6.0,6.0,0.9573498091783099,0.9645724048090356,0.7037037037037037,0.9742212674543501,0.5824260059097986,21.613158286369337
905,-11.321,-242.471,4.0,6.0,6.0,0.9581138333440338,0.9645723967303362,0.6666666666666666,0.981103552532124,0.5561133959025496,20.636727633816616
906,3.775,-242.706,4.0,6.0,6.0,0.958266665980313,0.9645723751222283,0.6666666666666666,0.981103552532124,0.5562020913533472,20.640019019843198
907,18.857,-242.002,4.0,6.0,6.0,0.95780805859827,0.9645723536805679,0.6666666666666666,0.9799697656840514,0.5552934388487093,20.60629997191132
908,33.865,-240.361,4.0,6.0,6.0,0.9567391194511324,0.9645724183716642,0.7037037037037037,0.9735051915503043,0.5816266628534553,21.583495586169555
909,48.743,-237.791,4.0,6.0,6.0,0.9550615024322331,0.9645723779413748,0.7037037037037037,0.9731471535982814,0.5803932345004316,21.53772448055562
910,63.432,-234.3,4.0,6.0,6.0,0.9527789385850794,0.9645724479614565,0.7037037037037037,0.9735051915503043,0.5792191833903486,21.494156796041135
911,77.876,-229.904,4.0,6.0,6.0,0.9498954720648287,0.9645723608412499,0.7407407407407407,0.9693877551020408,0.6052882164540402,22.461548588751405
912,92.018,-224.617,4.0,6.0,6.0,0.946417425781696,0.9645724478791933,0.7407407407407407,0.9700680272108844,0.6034952139358433,22.395012330341867
913,105.804,-218.462,4.0,6.0,6.0,0.9423513690605518,0.9645724430476562,0.8395061728395061,0.9645858343337335,0.6771740654762647,25.12914965344014
914,119.181,-211.462,4.0,6.0,6.0,0.9377054667621763,0.9645724099848437,0.8518518518518519,0.9656906240757173,0.6845279687869998,25.40204453564804
915,132.097,-203.643,4.0,6.0,6.0,0.9324892125308909,0.9645724521414442,0.8518518518518519,0.9650990831115055,0.680303136219576,25.24526586490428
916,144.502,-195.037,4.0,6.0,6.0,0.9267133863558149,0.9645724160820422,0.8765432098765432,0.9600459902270767,0.6920436211290386,25.680941738117678
917,156.348,-185.676,4.0,6.0,6.0,0.9203899622301589,0.9645724129719041,0.8765432098765432,0.959758551307847,0.6871156778795445,25.498071439750447
918,167.589,-175.597,4.0,6.0,6.0,0.9135324652220402,0.9645723907143482,0.8765432098765432,0.958896234550158,0.6813834536383715,25.285355200090255
919,178.182,-164.838,4.0,6.0,6.0,0.9061551996890882,0.9645723881686348,0.9012345679012346,0.9549902152641878,0.6920890897364591,25.68262902577185
920,188.085,-153.442,4.0,6.0,6.0,0.8982750698896242,0.9645723832580184,0.9012345679012346,0.9538719597428013,0.6852671623028386,25.42947515567526
921,197.261,-141.452,4.0,6.0,6.0,0.8899087105698795,0.9645723503029245,0.9012345679012346,0.9541515236231479,0.6790836637405295,25.20001264570035
922,205.673,-128.914,4.0,6.0,6.0,0.8810756651011744,0.9645724281461759,0.9259259259259259,0.9523809523809523,0.6894818255500661,25.58587645465877
923,213.29,-115.878,4.0,6.0,6.0,0.871796235582043,0.9645724000923369,0.9259259259259259,0.9523809523809523,0.6822202295935527,25.316406992053608
924,220.081,-102.394,4.0,6.0,6.0,0.8620931632816489,0.964572433333197,0.9629629629629629,0.9523809523809523,0.7016122434700006,26.036022292796293
925,226.021,-88.514,4.0,6.0,6.0,0.8519894816544922,0.9645724242736747,0.9753086419753086,0.9514337380521829,0.701580520665082,26.03484509604162
926,231.087,-74.291,4.0,6.0,6.0,0.8415102057657274,0.9645723960180946,0.9753086419753086,0.9506587445104624,0.6923867745791298,25.693675767433128
927,235.259,-59.781,4.0,6.0,6.0,0.8306832140276299,0.9645723514412825,0.9876543209876543,0.9505102040816327,0.6920218747745014,25.68013475594656
928,238.52,-45.039,4.0,6.0,6.0,0.8195370606063157,0.9645724070842763,0.9876543209876543,0.9517857142857142,0.6836525049209046,25.36955707986839
929,240.859,-30.123,4.0,6.0,6.0,0.8081025403272919,0.9645723751330133,0.9876543209876543,0.952295918367347,0.6744752381606189,25.02899928005578
930,242.266,-15.091,4.0,6.0,6.0,0.7964130825716148,0.9645723539800135,1.0,0.9486016628873771,0.6704168246850588,24.878396230142517
931,242.735,0.0,4.0,6.0,6.0,0.7845027893118186,0.9645724116724007,1.0,0.9498614260519023,0.661267847834811,24.538888236309287
932,256.121,7.122,4.0,6.0,6.0,0.7755096018756341,0.9631879984018321,1.0,0.9526329050138574,0.6546537314682801,24.29344599557178
933,255.33,21.345,4.0,6.0,6.0,0.7645423953336268,0.9631879326183269,1.0,0.9531368102796675,0.6457370055836981,23.962556567585825
934,253.749,35.502,4.0,6.0,6.0,0.7534677483418935,0.9631879468246655,1.0,0.9531368102796675,0.6363833029586548,23.61545143603715
935,251.384,49.549,4.0,6.0,6.0,0.7423158215530614,0.9631879324316334,0.9259259259259259,0.9643537414965987,0.5873543527094437,21.796043560017893
936,248.241,63.443,4.0,6.0,6.0,0.7311181375886111,0.9631880146664488,0.8148148148148148,0.9703153988868275,0.5122220802275289,19.007971459717922
937,244.332,77.141,4.0,6.0,6.0,0.7199078103601156,0.9631879642320479,0.8148148148148148,0.9749536178107606,0.5067790249498831,18.805985947251923
938,239.667,90.601,4.0,6.0,6.0,0.7087195969138957,0.9631879738501826,0.8024691358024691,0.9767660910518053,0.49225737636316225,18.26710429310333
939,234.262,103.78,4.0,6.0,6.0,0.6975911238196014,0.9631879416086627,0.9382716049382716,0.9640171858216972,0.5591304699682266,20.748687777562797
940,228.132,116.639,4.0,6.0,6.0,0.6865590045341246,0.9631879631022704,1.0,0.9574200050390527,0.5824776141262544,21.61507340784368
941,221.297,129.137,4.0,6.0,6.0,0.6756639798887404,0.9631879908994193,1.0,0.9586797682035777,0.5739885322376624,21.300053356021845
942,213.779,141.236,4.0,6.0,6.0,0.6649468707817925,0.9631879224799899,1.0,0.9589317208364827,0.5650325762575057,20.967708144371283
943,205.599,152.898,4.0,6.0,6.0,0.6544505642058593,0.9631879868476404,1.0,0.9586797682035777,0.5559673571059365,20.631308302270423
944,196.784,164.088,4.0,6.0,6.0,0.6442184512469271,0.9631879733874544,1.0,0.9584278155706727,0.5471311576102371,20.303407115831874
945,187.361,174.771,4.0,6.0,6.0,0.6342960461617388,0.963187926841846,0.9259259259259259,0.9629931972789115,0.5011760692247759,18.598066713341517
946,177.358,184.913,4.0,6.0,6.0,0.6247299832739572,0.9631880007639517,0.8765432098765432,0.9646450129347514,0.4680929434454268,17.37039001823928
947,166.808,194.484,4.0,6.0,6.0,0.6155665401255825,0.9631879492054097,0.9135802469135802,0.9641478212906784,0.48046770098445585,17.829603018230046
948,155.741,203.454,4.0,6.0,6.0,0.6068526470829108,0.9631879784359998,1.0,0.9591836734693877,0.5158030542651938,19.14085728196848
949,144.194,211.795,4.0,6.0,6.0,0.5986362910856747,0.9631879298668012,1.0,0.9589317208364827,0.508685766112058,18.876742915744163
950,132.201,219.481,4.0,6.0,6.0,0.5909638345352018,0.963187933452238,1.0,0.9586797682035777,0.5020342268579285,18.629911954748643
951,119.799,226.489,4.0,6.0,6.0,0.5838803834464734,0.9631879226833093,1.0,0.9594356261022927,0.4964077819220679,18.421121063280225
952,107.026,232.796,4.0,6.0,6.0,0.577430618994448,0.963188027894891,1.0,0.9589317208364827,0.490666488263486,18.20806826798544
953,93.923,238.385,4.0,6.0,6.0,0.5716551681166043,0.9631879485976539,1.0,0.9584278155706727,0.4855035512104304,18.01647762021561
954,80.53,243.236,4.0,6.0,6.0,0.5665941453349798,0.9631879697425185,0.9753086419753086,0.9576336863859468,0.46893478209180817,17.401629680842262
955,66.888,247.336,4.0,6.0,6.0,0.5622815208205262,0.9631879158890312,1.0,0.9611992945326279,0.47892345496238725,17.77229782689346
956,53.039,250.671,4.0,6.0,6.0,0.5587487561856956,0.9631879190295667,1.0,0.9654824892920131,0.4780351427498209,17.73933358377399
957,39.026,253.231,4.0,6.0,6.0,0.5560215936668628,0.9631879426116399,1.0,0.9697656840513983,0.4778123107415502,17.73106454458763
958,24.892,255.008,4.0,6.0,6.0,0.5541204276459673,0.9631879979605371,1.0,0.9732930209120685,0.4779105960264382,17.734711798312482
959,10.682,255.998,4.0,6.0,6.0,0.553059082057344,0.9631879199578257,1.0,0.9753086419753086,0.4779830051386202,17.737398817070375
960,-3.562,256.196,4.0,6.0,6.0,0.5528464697653774,0.9631879205323286,1.0,0.9758125472411187,0.47804611549029147,17.739740769535306
961,-17.794,255.602,4.0,6.0,6.0,0.5534839660480737,0.9631879344381881,1.0,0.9753086419753086,0.4783502196200213,17.75102572354611
962,-31.972,254.218,4.0,6.0,6.0,0.5549666580226273,0.9631879361472753,1.0,0.9727891156462585,0.47839260348729795,17.752598540046307
963,-46.05,252.048,4.0,6.0,6.0,0.5572832317836908,0.9631879769122016,1.0,0.9674981103552532,0.47777671633726554,17.72974367723949
964,-59.987,249.099,4.0,6.0,6.0,0.5604163538810027,0.9631879858931379,1.0,0.963718820861678,0.47858603848091086,17.759776689875913
965,-73.738,245.381,4.0,6.0,6.0,0.5643421891193163,0.963187910607732,1.0,0.9614512471655329,0.48080462419073766,17.842105850373237
966,-87.261,240.903,4.0,6.0,6.0,0.5690336133160819,0.9631879887856916,1.0,0.9599395313681028,0.4840393661982669,17.962143400748563
967,-100.514,235.682,4.0,6.0,6.0,0.574455921664551,0.9631879223231433,1.0,0.9581758629377677,0.4877539472469279,18.099987225299028
968,-113.456,229.731,4.0,6.0,6.0,0.580573755744927,0.9631880170768459,1.0,0.9576719576719577,0.49268923022962785,18.283129892712196
969,-126.048,223.071,4.0,6.0,6.0,0.5873456032246313,0.963187982412659,1.0,0.9586797682035777,0.4989605007450252,18.51584951877731
970,-138.251,215.721,4.0,6.0,6.0,0.5947294611197279,0.9631879584755915,1.0,0.9586797682035777,0.5052332063510956,18.748622399404468
971,-150.026,207.705,4.0,6.0,6.0,0.6026793677575408,0.9631879026159756,1.0,0.9599395313681028,0.5126595446478245,19.024205260517622
972,-161.337,199.046,4.0,6.0,6.0,0.6111503760730679,0.9631879486916016,1.0,0.9594356261022927,0.5195924018006245,19.281475604732744
973,-172.15,189.772,4.0,6.0,6.0,0.6200949575762889,0.9631879293013123,0.9259259259259259,0.9635374149659864,0.4902322594621254,18.191954537277883
974,-182.43,179.912,4.0,6.0,6.0,0.6294652646889666,0.9631879296698916,0.9012345679012346,0.9658932065977076,0.4855540505715729,18.018351593346377
975,-192.147,169.495,4.0,6.0,6.0,0.6392157047282172,0.963187931274414,0.9629629629629629,0.9625850340136054,0.5250431357518575,19.483746063931868
976,-201.269,158.555,4.0,6.0,6.0,0.6492980168748106,0.963187956563784,1.0,0.9591836734693877,0.5518800885800865,20.479634474673905
977,-209.77,147.124,4.0,6.0,6.0,0.659668301926741,0.9631879513776264,1.0,0.9594356261022927,0.5608417367720315,20.812190917748083
978,-217.622,135.239,4.0,6.0,6.0,0.6702803394672497,0.9631879518325418,1.0,0.9581758629377677,0.5691157128402874,21.11922864031939
979,-224.802,122.935,4.0,6.0,6.0,0.6810923365178448,0.9631879455378416,1.0,0.9584278155706727,0.5784479271316713,21.465536364554552
980,-231.286,110.252,4.0,6.0,6.0,0.6920605649803999,0.9631879928380715,1.0,0.9574200050390527,0.5871451637854529,21.788280799976118
981,-237.056,97.228,4.0,6.0,6.0,0.7031457056547225,0.9631879700381838,0.9135802469135802,0.9688361831218975,0.551494590234948,20.465329075072802
982,-242.093,83.903,4.0,6.0,6.0,0.7143090156158217,0.9631879894811864,0.7777777777777778,0.9831551668286362,0.4840192272083594,17.961396066027618
983,-246.382,70.32,4.0,6.0,6.0,0.7255116734724079,0.9631879377465898,0.7777777777777778,0.9695497246517655,0.484807003570862,17.990629539540585
984,-249.909,56.518,4.0,6.0,6.0,0.7367205359450073,0.9631879777533254,0.8518518518518519,0.968944099378882,0.5388457361083914,19.99594466640201
985,-252.664,42.542,4.0,6.0,6.0,0.747899488023204,0.9631879525025957,0.9506172839506173,0.9586535913066525,0.603961861413007,22.41232908077117
986,-254.638,28.435,4.0,6.0,6.0,0.7590162484363712,0.963187924136193,1.0,0.9541446208112875,0.6417474262952024,23.814507875076668
987,-255.824,14.239,4.0,6.0,6.0,0.7700413549033134,0.9631880026941915,1.0,0.9533887629125725,0.650553428662905,24.141288480873953
988,-256.22,0.0,4.0,6.0,6.0,0.7809433713612912,0.963187998627187,1.0,0.9531368102796675,0.6595894116409846,24.476603402248568
989,-255.824,-14.239,4.0,6.0,6.0,0.7916952958790688,0.9631880026941915,0.9753086419753086,0.9566003616636528,0.6545300186922083,24.288855156934503
990,-254.638,-28.435,4.0,6.0,6.0,0.8022710646111213,0.963187924136193,0.9012345679012346,0.9594632373497344,0.6147324876269481,22.81201461480153
991,-252.664,-42.542,4.0,6.0,6.0,0.8126445103198351,0.9631879525025957,0.8271604938271605,0.9692354553761803,0.5773225902274249,21.42377640811343
992,-249.909,-56.518,4.0,6.0,6.0,0.8227926775104867,0.9631879777533254,0.6666666666666666,0.9841269841269841,0.4783537462943484,17.75115659436864
993,-246.382,-70.32,4.0,6.0,6.0,0.8326928861692985,0.9631879377465898,0.7777777777777778,0.971169420149012,0.5573580095175172,20.68291381161897
994,-242.093,-83.903,4.0,6.0,6.0,0.8423227757342187,0.9631879894811864,0.8518518518518519,0.9665779355220349,0.6145799370489704,22.80635363854866
995,-237.056,-97.228,4.0,6.0,6.0,0.8516636634375406,0.9631879700381838,0.9506172839506173,0.9533527696793003,0.6839531188336303,25.380712515945934
996,-231.286,-110.252,4.0,6.0,6.0,0.8606957816141847,0.9631879928380715,1.0,0.9493575207860923,0.7240663371560372,26.86926784860761
997,-224.802,-122.935,4.0,6.0,6.0,0.8694008971643332,0.9631879455378416,1.0,0.9488536155202821,0.7310013294810112,27.126617426602984
998,-217.622,-135.239,4.0,6.0,6.0,0.877763638866647,0.9631879518325418,1.0,0.9473418997228521,0.7368569790239163,27.3439138370588
999,-209.77,-147.124,4.0,6.0,6.0,0.8857665985644183,0.9631879513776264,0.9259259259259259,0.9556462585034013,0.6945309062918009,25.773242025846322
1000,-201.269,-158.555,4.0,6.0,6.0,0.8933962507242292,0.963187956563784,0.8765432098765432,0.9603334291463064,0.6664051939289533,24.729529233067517
1001,-192.147,-169.495,4.0,6.0,6.0,0.9006374765400237,0.963187931274414,0.7407407407407407,0.9700680272108844,0.573478705636828,21.28113427804348
1002,-182.43,-179.912,4.0,6.0,6.0,0.9074789526748999,0.9631879296698916,0.7037037037037037,0.9695667740780523,0.5486595982238712,20.360125786664895
1003,-172.15,-189.772,4.0,6.0,6.0,0.9139074404751797,0.9631879293013123,0.7777777777777778,0.9666342727567218,0.6088618903296519,22.594163510395923
1004,-161.337,-199.046,4.0,6.0,6.0,0.9199130028965163,0.9631879486916016,0.8888888888888888,0.9574829931972789,0.6937838265771842,25.745518758065167
1005,-150.026,-207.705,4.0,6.0,6.0,0.9254847059357387,0.9631879026159756,0.9629629629629629,0.9481946624803768,0.7488161165063554,27.78770365542834
1006,-138.251,-215.721,4.0,6.0,6.0,0.9306135923590277,0.9631879584755915,1.0,0.9448223733938019,0.7791452585616155,28.91318318635375
1007,-126.048,-223.071,4.0,6.0,6.0,0.9352914606695824,0.963187982412659,1.0,0.9445704207608969,0.7828529516431229,29.050771406376164
1008,-113.456,-229.731,4.0,6.0,6.0,0.9395101672513331,0.9631880170768459,0.9753086419753086,0.948333763885301,0.7700229482328458,28.574664756420148
1009,-100.514,-235.682,4.0,6.0,6.0,0.9432629043083267,0.9631879223231433,0.8888888888888888,0.9518140589569161,0.7071820093490755,26.242709889745917
1010,-87.261,-240.903,4.0,6.0,6.0,0.9465441193553086,0.9631879887856916,0.7777777777777778,0.9624230644638808,0.6278578088751823,23.299080169600032
1011,-73.738,-245.381,4.0,6.0,6.0,0.9493483639807914,0.963187910607732,0.7037037037037037,0.9699248120300752,0.5741856873669653,21.307369555802342
1012,-59.987,-249.099,4.0,6.0,6.0,0.9516714302002451,0.9631879858931379,0.7037037037037037,0.9674185463659147,0.5741034565949191,21.30431806655871
1013,-46.05,-252.048,4.0,6.0,6.0,0.9535094815267415,0.9631879769122016,0.8148148148148148,0.95856524427953,0.6599400586798283,24.489615510012086
1014,-31.972,-254.218,4.0,6.0,6.0,0.9548594803546666,0.9631879361472753,0.8888888888888888,0.9503968253968254,0.7148102652116733,26.52578567917553
1015,-17.794,-255.602,4.0,6.0,6.0,0.9557196790602358,0.9631879344381881,0.9629629629629629,0.945054945054945,0.7707189411865575,28.600492253341876
1016,-3.562,-256.196,4.0,6.0,6.0,0.9560885313062399,0.9631879205323286,1.0,0.9417989417989417,0.7979123030984437,29.60960659469419
1017,10.682,-255.998,4.0,6.0,6.0,0.9559655569995424,0.9631879199578257,1.0,0.9407911312673217,0.7969559443888984,29.57411722444249
1018,24.892,-255.008,4.0,6.0,6.0,0.9553510585602916,0.9631879979605371,0.9259259259259259,0.9469387755102041,0.7422667793647885,27.544665297121576
1019,39.026,-253.231,4.0,6.0,6.0,0.9542455950950461,0.9631879426116399,0.8518518518518519,0.953564034309376,0.6868674922990812,25.488861558700286
1020,53.039,-250.671,4.0,6.0,6.0,0.9526512030896068,0.9631879190295667,0.7777777777777778,0.9614512471655329,0.6312706123768904,23.425725376946968
1021,66.888,-247.336,4.0,6.0,6.0,0.9505703311768372,0.9631879158890312,0.6666666666666666,0.9761904761904762,0.5481840751677527,20.342479673722785
1022,80.53,-243.236,4.0,6.0,6.0,0.9480063033556955,0.9631879697425185,0.7407407407407407,0.967687074829932,0.6021591275090289,22.345431701843143
1023,93.923,-238.385,4.0,6.0,6.0,0.9449630062158287,0.9631879485976539,0.8148148148148148,0.9588744588744589,0.6542358549343539,24.27793907867545
1024,107.026,-232.796,4.0,6.0,6.0,0.9414452737956409,0.963188027894891,0.9259259259259259,0.9510204081632653,0.7346154600701521,27.26073365029168
1025,119.799,-226.489,4.0,6.0,6.0,0.9374583794344616,0.9631879226833093,1.0,0.9450743260267069,0.7850852469289186,29.133609313448073
1026,132.201,-219.481,4.0,6.0,6.0,0.9330092948707951,0.963187933452238,1.0,0.9440665154950869,0.7805260911413694,28.964424293052918
1027,144.194,-211.795,4.0,6.0,6.0,0.9281051457163721,0.9631879298668012,1.0,0.9453262786596119,0.77745949214023,28.850626335990693
1028,155.741,-203.454,4.0,6.0,6.0,0.9227539261465927,0.9631879784359998,0.9259259259259259,0.9496598639455782,0.7190003646205655,26.681275442409135
1029,166.808,-194.484,4.0,6.0,6.0,0.9169637690202787,0.9631879492054097,0.8148148148148148,0.9628942486085343,0.6375122777718778,23.657346391090535
1030,177.358,-184.913,4.0,6.0,6.0,0.910745608253941,0.9631880007639517,0.7407407407407407,0.9680272108843537,0.5786950578772931,21.47470710189862
1031,187.361,-174.771,4.0,6.0,6.0,0.9041089940399443,0.963187926841846,0.6666666666666666,0.9799697656840514,0.5234088541929696,19.42309975751984
1032,196.784,-164.088,4.0,6.0,6.0,0.8970660465059597,0.9631879733874544,0.7777777777777778,0.9630709426627794,0.5954387688739133,22.096046932880036
1033,205.599,-152.898,4.0,6.0,6.0,0.889628836705104,0.9631879868476404,0.9012345679012346,0.9558289069052278,0.6790875029754503,25.200155115286528
1034,213.779,-141.236,4.0,6.0,6.0,0.8818107352610473,0.9631879224799899,0.9753086419753086,0.9514337380521829,0.7250949112615821,26.90743704903278
1035,221.297,-129.137,4.0,6.0,6.0,0.8736264793850403,0.9631879908994193,1.0,0.9448223733938019,0.7314334947065166,27.142654580387223
1036,228.132,-116.639,4.0,6.0,6.0,0.8650904918158604,0.9631879631022704,1.0,0.9470899470899471,0.7260251069723295,26.941955540531595
1037,234.262,-103.78,4.0,6.0,6.0,0.8562191802617034,0.9631879416086627,1.0,0.9480977576215671,0.7193445141585715,26.694046435399887
1038,239.667,-90.601,4.0,6.0,6.0,0.8470309564735454,0.9631879738501826,0.9012345679012346,0.9563880346659211,0.6469491354983898,24.00753731268314
1039,244.332,-77.141,4.0,6.0,6.0,0.8375425833923762,0.9631879642320479,0.8148148148148148,0.9700061842918986,0.5865961273156923,21.767906688920775
1040,248.241,-63.443,4.0,6.0,6.0,0.8277750241502637,0.9631880146664488,0.7407407407407407,0.9717687074829932,0.52800782319868,19.593762200587193
1041,251.384,-49.549,4.0,6.0,6.0,0.8177480120906864,0.9631879324316334,0.8024691358024691,0.976138147566719,0.5676203802644709,21.063738570638517
1042,253.749,-35.502,4.0,6.0,6.0,0.8074843979570516,0.9631879468246655,0.8518518518518519,0.9650990831115055,0.58825954300649,21.82963412941355
1043,255.33,-21.345,4.0,6.0,6.0,0.7970065980764977,0.9631879326183269,0.9629629629629629,0.95578231292517,0.6500239377607204,24.121639683320296
1044,256.121,-7.122,4.0,6.0,6.0,0.7863395921701948,0.9631879984018321,0.9876543209876543,0.9551020408163265,0.6573002144104789,24.3916539295437
1045,269.281,15.123,4.0,6.0,6.0,0.7665927820052532,0.9618042312682478,1.0,0.9528848576467625,0.6463677239666914,23.98596180036636
1046,268.01,30.197,4.0,6.0,6.0,0.75537508771036,0.9618041824358207,1.0,0.9538926681783825,0.6375828945501794,23.6599668984024
1047,265.895,45.177,4.0,6.0,6.0,0.7440599418671575,0.9618042026965354,0.9876543209876543,0.9599489795918368,0.6242169267332298,23.163971226596857
1048,262.944,60.015,4.0,6.0,6.0,0.7326797373299342,0.9618041580115593,0.9876543209876543,0.9594387755102041,0.6143429702966918,22.797560075291464
1049,259.165,74.664,4.0,6.0,6.0,0.7212684363213137,0.961804184106799,0.9876543209876543,0.9596938775510204,0.6049355524001567,22.448461631882797
1050,254.571,89.078,4.0,6.0,6.0,0.7098611443067632,0.9618041700354455,0.9753086419753086,0.9620253164556962,0.5893543064089782,21.870259538416605
1051,249.176,103.212,4.0,6.0,6.0,0.6984945793979154,0.9618041487784061,0.9753086419753086,0.9622836476362697,0.580073054022655,21.525842951784288
1052,242.996,117.021,4.0,6.0,6.0,0.6872077802267862,0.9618042296773169,0.9876543209876543,0.9581632653061225,0.5754492950461857,21.354260581453232
1053,236.053,130.462,4.0,6.0,6.0,0.6760409189104488,0.9618041570813796,1.0,0.9566641471403377,0.5722778789032181,21.23657298097799
1054,228.366,143.492,4.0,6.0,6.0,0.6650363979946271,0.9618042270984004,1.0,0.9579239103048627,0.5637037678182941,20.918397593610283
1055,219.961,156.071,4.0,6.0,6.0,0.6542372723223682,0.9618042243333338,1.0,0.9584278155706727,0.5548418350745237,20.58954147597337
1056,210.864,168.159,4.0,6.0,6.0,0.6436890172773296,0.961804209651409,1.0,0.9581758629377677,0.5457526166170094,20.252251047269418
1057,201.104,179.717,4.0,6.0,6.0,0.6334389483866991,0.9618042204652453,1.0,0.9589317208364827,0.5374857495955923,19.94547713323865
1058,190.711,190.711,4.0,6.0,6.0,0.6235329340594128,0.9618041535087828,1.0,0.9599395313681028,0.5296363080221262,19.65419339682321
1059,179.717,201.104,4.0,6.0,6.0,0.6140211182699198,0.9618042204652453,1.0,0.9584278155706727,0.5207355451576801,19.32389633812953
1060,168.159,210.864,4.0,6.0,6.0,0.6049527111625177,0.961804209651409,1.0,0.9581758629377677,0.5129099863206968,19.033498862558687
1061,156.071,219.961,4.0,6.0,6.0,0.596376082198317,0.9618042243333338,1.0,0.9574200050390527,0.5052394141807427,18.748852764812977
1062,143.492,228.366,4.0,6.0,6.0,0.5883407964071867,0.9618042270984004,1.0,0.9571680524061477,0.498300895319842,18.49137232113095
1063,130.462,236.053,4.0,6.0,6.0,0.5808949623495308,0.9618041570813796,1.0,0.9569160997732427,0.491865032417884,18.252544861165276
1064,117.021,242.996,4.0,6.0,6.0,0.5740861443375036,0.9618042296773169,1.0,0.9584278155706727,0.4868677237758011,18.06710049296873
1065,103.212,249.176,4.0,6.0,6.0,0.5679576540554048,0.9618041487784061,1.0,0.9569160997732427,0.48091053567139364,17.84603610343978
1066,89.078,254.571,4.0,6.0,6.0,0.5625525671708984,0.9618041700354455,1.0,0.9574200050390527,0.47658469533182835,17.685509150604734
1067,74.664,259.165,4.0,6.0,6.0,0.5579087158504029,0.961804184106799,1.0,0.9586797682035777,0.47327242120265645,17.562594472490712
1068,60.015,262.944,4.0,6.0,6.0,0.5540597482490589,0.9618041580115593,1.0,0.9622071050642479,0.47173667042974515,17.505604530066186
1069,45.177,265.895,4.0,6.0,6.0,0.5510350334252764,0.9618042026965354,1.0,0.9654824892920131,0.4707584349575376,17.469303338348045
1070,30.197,268.01,4.0,6.0,6.0,0.5488572585511196,0.9618041824358207,1.0,0.9685059208868733,0.4703662807021592,17.4547509455837
1071,15.123,269.281,4.0,6.0,6.0,0.5475439955233301,0.9618042312682478,1.0,0.9722852103804485,0.4710719133210844,17.480936159379286
1072,0.0,269.706,4.0,6.0,6.0,0.547104685083934,0.961804161990302,1.0,0.9705215419501134,0.469840113535469,17.43522548802622
1073,-15.123,269.281,4.0,6.0,6.0,0.5475439955233301,0.9618042312682478,1.0,0.9722852103804485,0.4710719133210844,17.480936159379286
1074,-30.197,268.01,4.0,6.0,6.0,0.5488572585511196,0.9618041824358207,1.0,0.9692617787855883,0.47073337197221804,17.46837327982843
1075,-45.177,265.895,4.0,6.0,6.0,0.5510350334252764,0.9618042026965354,1.0,0.9657344419249181,0.4708812842359712,17.47386213358248
1076,-60.015,262.944,4.0,6.0,6.0,0.5540597482490588,0.9618041580115593,0.9876543209876543,0.9614795918367347,0.46556048987947346,17.27641358308967
1077,-74.664,259.165,4.0,6.0,6.0,0.5579087158504028,0.961804184106799,1.0,0.9609473418997229,0.47439185662731437,17.60413543182117
1078,-89.078,254.571,4.0,6.0,6.0,0.5625525671708984,0.9618041700354455,1.0,0.9594356261022927,0.4775880315325269,17.722741801448112
1079,-103.212,249.176,4.0,6.0,6.0,0.5679576540554048,0.9618041487784061,1.0,0.9576719576719577,0.4812904018133142,17.860132498466193
1080,-117.021,242.996,4.0,6.0,6.0,0.5740861443375035,0.9618042296773169,1.0,0.9569160997732427,0.48609979361211686,18.038603489036603
1081,-130.462,236.053,4.0,6.0,6.0,0.5808949623495308,0.9618041570813796,1.0,0.9571680524061477,0.49199453874553484,18.25735069182909
1082,-143.492,228.366,4.0,6.0,6.0,0.5883407964071868,0.9618042270984004,1.0,0.9581758629377677,0.4988255606478966,18.51084204718637
1083,-156.071,219.961,4.0,6.0,6.0,0.5963760821983168,0.9618042243333338,1.0,0.9584278155706727,0.5057712451430381,18.76858839930225
1084,-168.159,210.864,4.0,6.0,6.0,0.6049527111625179,0.961804209651409,0.9876543209876543,0.9607142857142857,0.5079198023885736,18.84831888414306
1085,-179.717,201.104,4.0,6.0,6.0,0.6140211182699199,0.9618042204652453,0.9629629629629629,0.9597069597069597,0.5021182911772795,18.633031484821014
1086,-190.711,190.711,4.0,6.0,6.0,0.6235329340594128,0.9618041535087828,0.9629629629629629,0.9599686028257457,0.5100355942606773,18.926833483712425
1087,-201.104,179.717,4.0,6.0,6.0,0.6334389483866991,0.9618042204652453,0.9629629629629629,0.9618001046572475,0.51912706660888,19.264207551703965
1088,-210.864,168.159,4.0,6.0,6.0,0.6436890172773297,0.961804209651409,0.9259259259259259,0.9619047619047619,0.5072930580439465,18.825061123349304
1089,-219.961,156.071,4.0,6.0,6.0,0.6542372723223683,0.9618042243333338,0.9259259259259259,0.9627210884353742,0.5160437467123199,19.1497891014705
1090,-228.366,143.492,4.0,6.0,6.0,0.665036397994627,0.9618042270984004,0.8888888888888888,0.9634353741496599,0.5039529476103055,18.701113472036123
1091,-236.053,130.462,4.0,6.0,6.0,0.6760409189104488,0.9618041570813796,0.8888888888888888,0.9651360544217688,0.5131962543232704,19.044121938432987
1092,-242.996,117.021,4.0,6.0,6.0,0.6872077802267861,0.9618042296773169,0.8888888888888888,0.965702947845805,0.5219796986747482,19.370065442228743
1093,-249.176,103.212,4.0,6.0,6.0,0.6984945793979154,0.9618041487784061,0.8518518518518519,0.966282165039929,0.5087513201320842,18.879175549927318
1094,-254.571,89.078,4.0,6.0,6.0,0.7098611443067633,0.9618041700354455,0.8518518518518519,0.9677610174504584,0.5178215065977918,19.21575972333489
1095,-259.165,74.664,4.0,6.0,6.0,0.7212684363213135,0.961804184106799,0.8148148148148148,0.9681508967223253,0.5034697540044898,18.68318271382909
1096,-262.944,60.015,4.0,6.0,6.0,0.7326797373299341,0.9618041580115593,0.8148148148148148,0.969078540507112,0.5119252509731007,18.996956467950927
1097,-265.895,45.177,4.0,6.0,6.0,0.7440599418671574,0.9618042026965354,0.8148148148148148,0.9700061842918986,0.5203743021956263,19.310491027859243
1098,-268.01,30.197,4.0,6.0,6.0,0.75537508771036,0.9618041824358207,0.7777777777777778,0.9708454810495627,0.5047110234989138,18.72924479516957
1099,-269.281,15.123,4.0,6.0,6.0,0.766592782005253,0.9618042312682478,0.7777777777777778,0.9692257855523162,0.5113517266283291,18.975673640057153
1100,-269.706,0.0,4.0,6.0,6.0,0.777684127821192,0.961804161990302,0.7777777777777778,0.9692257855523162,0.5187501137810674,19.250219266408767
1101,-269.281,-15.123,4.0,6.0,6.0,0.7886198058513402,0.9618042312682478,0.7407407407407407,0.9693877551020408,0.5010787112603272,18.594453871410153
1102,-268.01,-30.197,4.0,6.0,6.0,0.7993708937076024,0.9618041824358207,0.7407407407407407,0.9700680272108844,0.5082662140167173,18.861173820693523
1103,-265.895,-45.177,4.0,6.0,6.0,0.8099137571138625,0.9618042026965354,0.7407407407407407,0.9697278911564626,0.5147891585472678,19.103232779602422
1104,-262.944,-60.015,4.0,6.0,6.0,0.8202228842874084,0.9618041580115593,0.7037037037037037,0.9706408879341211,0.49574093123701396,18.39637500238459
1105,-259.165,-74.664,4.0,6.0,6.0,0.8302753780137049,0.961804184106799,0.7037037037037037,0.9699248120300752,0.5014464424613059,18.608099952754294
1106,-254.571,-89.078,4.0,6.0,6.0,0.8400490566649149,0.9618041700354455,0.7037037037037037,0.9688506981740065,0.5067874188435738,18.80629743497935
1107,-249.176,-103.212,4.0,6.0,6.0,0.849523651904684,0.9618041487784061,0.6666666666666666,0.981103552532124,0.49166980462943183,18.245300182783986
1108,-242.996,-117.021,4.0,6.0,6.0,0.8586798863559675,0.9618042296773169,0.6666666666666666,0.9822373393801965,0.49754341268894536,18.463263013107916
1109,-236.053,-130.462,4.0,6.0,6.0,0.8674986148878059,0.9618041570813796,0.6666666666666666,0.9814814814814815,0.502266390410313,18.638527276789716
1110,-228.366,-143.492,4.0,6.0,6.0,0.8759636132151676,0.9618042270984004,0.7037037037037037,0.974579305406373,0.5315787322454457,19.726274522617555
1111,-219.961,-156.071,4.0,6.0,6.0,0.8840583885865931,0.9618042243333338,0.7037037037037037,0.974937343358396,0.5366881415439895,19.91587881706655
1112,-210.864,-168.159,4.0,6.0,6.0,0.8917679008058381,0.961804209651409,0.7037037037037037,0.974579305406373,0.541169558206297,20.08217902805786
1113,-201.104,-179.717,4.0,6.0,6.0,0.8990777021159413,0.9618042204652453,0.7037037037037037,0.9735051915503043,0.5450041903278738,20.224477809658747
1114,-190.711,-190.711,4.0,6.0,6.0,0.905975621051811,0.9618041535087828,0.7407407407407407,0.9693877551020408,0.5756450149484952,21.361523521612988
1115,-179.717,-201.104,4.0,6.0,6.0,0.912449276449867,0.9618042204652453,0.7407407407407407,0.9670068027210884,0.5783343631247229,21.46132213505088
1116,-168.159,-210.864,4.0,6.0,6.0,0.9184866668211493,0.961804209651409,0.7407407407407407,0.9663265306122449,0.581751473542496,21.588127167092615
1117,-156.071,-219.961,4.0,6.0,6.0,0.9240785743149351,0.9618042243333338,0.7407407407407407,0.9659863945578231,0.5850872705661612,21.711914752729445
1118,-143.492,-228.366,4.0,6.0,6.0,0.9292151363476582,0.9618042270984004,0.7777777777777778,0.9601554907677357,0.6140275887475894,22.785856629236196
1119,-130.462,-236.053,4.0,6.0,6.0,0.9338876878889042,0.9618041570813796,0.7777777777777778,0.9611273080660836,0.6177397875813538,22.923612052535496
1120,-117.021,-242.996,4.0,6.0,6.0,0.9380888973419435,0.9618042296773169,0.7777777777777778,0.9611273080660836,0.6205188133768598,23.026738499141103
1121,-103.212,-249.176,4.0,6.0,6.0,0.9418116668387704,0.9618041487784061,0.8148148148148148,0.95578231292517,0.6490175574114136,24.08429406762808
1122,-89.078,-254.571,4.0,6.0,6.0,0.9450501949471004,0.9618041700354455,0.8148148148148148,0.9548546691403834,0.6506172172652013,24.14365560243842
1123,-74.664,-259.165,4.0,6.0,6.0,0.947799148209866,0.961804184106799,0.8148148148148148,0.9545454545454546,0.6522984311867494,24.206043514775725
1124,-60.015,-262.944,4.0,6.0,6.0,0.9500541946503926,0.9618041580115593,0.8148148148148148,0.9564007421150278,0.6551212375078501,24.310794606263155
1125,-45.177,-265.895,4.0,6.0,6.0,0.9518118947521381,0.9618042026965354,0.8518518518518519,0.9526767228630583,0.683494857799177,25.363706976746766
1126,-30.197,-268.01,4.0,6.0,6.0,0.9530692831982754,0.9618041824358207,0.8518518518518519,0.9526767228630583,0.6843977723557199,25.397213096033358
1127,-15.123,-269.281,4.0,6.0,6.0,0.953824546009331,0.9618042312682478,0.8518518518518519,0.9520851818988465,0.684514863750308,25.40155822282977
1128,0.0,-269.706,4.0,6.0,6.0,0.9540763433233348,0.961804161990302,0.8518518518518519,0.950606329488317,0.683631995398005,25.36879599509486
1129,15.123,-269.281,4.0,6.0,6.0,0.953824546009331,0.9618042312682478,0.8888888888888888,0.9478458049886621,0.7110959007086145,26.387949890382963
1130,30.197,-268.01,4.0,6.0,6.0,0.9530692831982754,0.9618041824358207,0.8888888888888888,0.947562358276644,0.710320320703251,26.35916900963661
1131,45.177,-265.895,4.0,6.0,6.0,0.9518118947521381,0.9618042026965354,0.8888888888888888,0.947562358276644,0.7093832069613937,26.324393797970956
1132,60.015,-262.944,4.0,6.0,6.0,0.9500541946503926,0.9618041580115593,0.8888888888888888,0.949546485260771,0.7095558181866468,26.330799201739925
1133,74.664,-259.165,4.0,6.0,6.0,0.947799148209866,0.961804184106799,0.9259259259259259,0.9474829931972789,0.7357638929032267,27.30335067005153
1134,89.078,-254.571,4.0,6.0,6.0,0.9450501949471004,0.9618041700354455,0.9259259259259259,0.948843537414966,0.7346833667758279,27.26325358992965
1135,103.212,-249.176,4.0,6.0,6.0,0.9418116668387702,0.9618041487784061,0.9012345679012346,0.9488398098965614,0.7126384955853567,26.44519380961815
1136,117.021,-242.996,4.0,6.0,6.0,0.9380888973419435,0.9618042296773169,0.9506172839506173,0.9475218658892128,0.7476760221847905,27.745396068226974
1137,130.462,-236.053,4.0,6.0,6.0,0.9338876878889042,0.9618041570813796,0.9506172839506173,0.9475218658892128,0.7443275162127874,27.6211368681545
1138,143.492,-228.366,4.0,6.0,6.0,0.9292151363476582,0.9618042270984004,0.9506172839506173,0.9477869069705804,0.7408106131448648,27.49062864579913
1139,156.071,-219.961,4.0,6.0,6.0,0.9240785743149351,0.9618042243333338,0.9506172839506173,0.9475218658892128,0.7365095043218403,27.331019451059074
1140,168.159,-210.864,4.0,6.0,6.0,0.9184866668211493,0.961804209651409,1.0,0.9448223733938019,0.7678873726801689,28.49541600725002
1141,179.717,-201.104,4.0,6.0,6.0,0.9124492764498668,0.9618042204652453,1.0,0.9448223733938019,0.7628399091514985,28.308110448976706
1142,190.711,-190.711,4.0,6.0,6.0,0.9059756210518111,0.9618041535087828,1.0,0.9465860418241371,0.7588415161970165,28.159734691473687
1143,201.104,-179.717,4.0,6.0,6.0,0.8990777021159413,0.9618042204652453,1.0,0.9470899470899471,0.753464785377888,27.960210403275916
1144,210.864,-168.159,4.0,6.0,6.0,0.8917679008058381,0.961804209651409,1.0,0.9475938523557571,0.7477364836200893,27.747639722456135
1145,219.961,-156.071,4.0,6.0,6.0,0.8840583885865932,0.9618042243333338,1.0,0.9470899470899471,0.7408779743165101,27.49312834129753
1146,228.366,-143.492,4.0,6.0,6.0,0.8759636132151676,0.9618042270984004,1.0,0.9475938523557571,0.7344847949945339,27.255884819825354
1147,236.053,-130.462,4.0,6.0,6.0,0.8674986148878059,0.9618041570813796,1.0,0.9473418997228521,0.7271935417569414,26.985314809676296
1148,242.996,-117.021,4.0,6.0,6.0,0.8586798863559675,0.9618042296773169,1.0,0.9473418997228521,0.7198011664911254,26.710992277524344
1149,249.176,-103.212,4.0,6.0,6.0,0.849523651904684,0.9618041487784061,1.0,0.9480977576215671,0.7126939425348813,26.447251382055523
1150,254.571,-89.078,4.0,6.0,6.0,0.840049056664915,0.9618041700354455,1.0,0.9486016628873771,0.7051199674597397,26.166189890132028
1151,259.165,-74.664,4.0,6.0,6.0,0.8302753780137049,0.961804184106799,1.0,0.9496094734189973,0.6976565676030498,25.88923171721334
1152,262.944,-60.015,4.0,6.0,6.0,0.8202228842874084,0.9618041580115593,1.0,0.9508692365835223,0.6901240407556216,25.609708321283446
1153,265.895,-45.177,4.0,6.0,6.0,0.8099137571138626,0.9618042026965354,1.0,0.9496094734189973,0.6805472951822703,25.254326322806573
1154,268.01,-30.197,4.0,6.0,6.0,0.7993708937076025,0.9618041824358207,1.0,0.9511211892164273,0.6727576991280184,24.965263384683755
1155,269.281,-15.123,4.0,6.0,6.0,0.7886198058513403,0.9618042312682478,1.0,0.9513731418493323,0.663885338147016,24.636020287173594
1156,269.706,0.0,4.0,6.0,6.0,0.777684127821192,0.961804161990302,1.0,0.9523809523809523,0.655372804175279,24.32012995555653
1157,283.067,8.392,4.0,6.0,6.0,0.7688057084688643,0.9604219287551929,1.0,0.9518770471151423,0.6466173432653913,23.995224885049037
1158,282.072,25.146,4.0,6.0,6.0,0.7569202708188489,0.9604220042825804,0.9876543209876543,0.9571428571428572,0.6322397480633729,23.461688886097274
1159,280.087,41.812,4.0,6.0,6.0,0.7449089821795916,0.9604219976977308,0.9259259259259259,0.9627210884353742,0.5867186140792708,21.772452031646452
1160,277.118,58.331,4.0,6.0,6.0,0.7328094083692049,0.9604220120613235,0.9012345679012346,0.9630975677942409,0.5620165392425737,20.855786484383852
1161,273.176,74.645,4.0,6.0,6.0,0.7206606105970798,0.9604219918950065,0.8518518518518519,0.9671694764862466,0.5246230433465054,19.46815691859899
1162,268.274,90.698,4.0,6.0,6.0,0.7085028763988426,0.9604219804517728,0.8271604938271605,0.9695400548279013,0.5020501205276467,18.630501750526793
1163,262.43,106.431,4.0,6.0,6.0,0.6963815787372704,0.9604219811062246,0.7777777777777778,0.9789439585357953,0.46850103416775457,17.385533794937732
1164,255.664,121.791,4.0,6.0,6.0,0.6843405723175984,0.9604219691861263,0.7407407407407407,0.9615646258503401,0.43069210555778376,15.982487999603013
1165,248.0,136.722,4.0,6.0,6.0,0.6724291828110489,0.9604220095659408,0.7777777777777778,0.9614512471655329,0.4443030374091189,16.487574004594094
1166,239.465,151.174,4.0,6.0,6.0,0.6606955058145346,0.9604219807734832,0.8518518518518519,0.9627329192546584,0.4787636452812133,17.766367473681445
1167,230.089,165.094,4.0,6.0,6.0,0.6491932197684782,0.9604219966409144,0.9259259259259259,0.9597278911564626,0.5097394683642962,18.915844592752478
1168,219.904,178.435,4.0,6.0,6.0,0.6379747366612075,0.9604220252704534,0.9506172839506173,0.959713755632123,0.5142814334109291,19.08439168455119
1169,208.948,191.149,4.0,6.0,6.0,0.6270970075629942,0.960421955021477,1.0,0.9589317208364827,0.5313397659679664,19.717406759283055
1170,197.257,203.192,4.0,6.0,6.0,0.6166163204723195,0.9604219358512537,1.0,0.9579239103048627,0.5219103711449878,19.367492777445385
1171,184.873,214.52,4.0,6.0,6.0,0.6065922831052561,0.9604220183826954,1.0,0.9574200050390527,0.5131558852920408,19.042623890177964
1172,171.84,225.096,4.0,6.0,6.0,0.5970822867881825,0.9604219572076226,1.0,0.9564121945074326,0.5045790328826584,18.72434677541685
1173,158.204,234.88,4.0,6.0,6.0,0.588147286690915,0.9604219707342777,1.0,0.9569160997732427,0.49729016836864853,18.4538654080488
1174,144.011,243.84,4.0,6.0,6.0,0.5798440639495048,0.9604219718726508,1.0,0.9559082892416225,0.4897532847737225,18.17418033823702
1175,129.313,251.943,4.0,6.0,6.0,0.5722313005723675,0.9604219694318847,1.0,0.9561602418745276,0.4834507120491452,17.940299123240692
1176,114.161,259.161,4.0,6.0,6.0,0.5653636935115927,0.9604219638939124,1.0,0.9561602418745276,0.47764859829491657,17.72498936424431
1177,98.608,265.469,4.0,6.0,6.0,0.5592930057758967,0.9604219331907733,1.0,0.9554043839758125,0.47214621763933956,17.520802355329636
1178,82.708,270.844,4.0,6.0,6.0,0.5540673535128601,0.9604219769579878,1.0,0.9569160997732427,0.4684749135742926,17.384564489798027
1179,66.518,275.268,4.0,6.0,6.0,0.5497292390592078,0.9604219714337578,1.0,0.9594356261022927,0.46603076956787887,17.29386512069485
1180,50.094,278.725,4.0,6.0,6.0,0.5463152639475134,0.9604219862058494,1.0,0.9627110103300579,0.46471767896627997,17.245137840785073
1181,33.494,281.203,4.0,6.0,6.0,0.5438549153500575,0.9604219969143413,1.0,0.9667422524565382,0.4645620013445595,17.239360823540395
1182,16.776,282.694,4.0,6.0,6.0,0.5423695900891999,0.960421932433607,1.0,0.9687578735197783,0.46425915112778904,17.22812240079535
1183,0.0,283.191,4.0,6.0,6.0,0.5418732369756771,0.9604219666717595,1.0,0.9705215419501134,0.46467872958536216,17.243692474118077
1184,-16.776,282.694,4.0,6.0,6.0,0.5423695900891999,0.960421932433607,1.0,0.9697656840513983,0.4647421255372848,17.246045024879404
1185,-33.494,281.203,4.0,6.0,6.0,0.5438549153500575,0.9604219969143413,1.0,0.9664902998236331,0.4644409270674303,17.234867896560058
1186,-50.094,278.725,4.0,6.0,6.0,0.5463152639475134,0.9604219862058494,1.0,0.9629629629629629,0.46483930097072024,17.249651093295093
1187,-66.518,275.268,4.0,6.0,6.0,0.5497292390592077,0.9604219714337578,1.0,0.9589317208364827,0.46578600550823174,17.28478220834154
1188,-82.708,270.844,4.0,6.0,6.0,0.55406735351286,0.9604219769579878,1.0,0.9594356261022927,0.46970839149312943,17.430337434742196
1189,-98.608,265.469,4.0,6.0,6.0,0.5592930057758967,0.9604219331907733,1.0,0.9569160997732427,0.47289328443940176,17.548525143866545
1190,-114.161,259.161,4.0,6.0,6.0,0.5653636935115927,0.9604219638939124,1.0,0.9559082892416225,0.47752273568667014,17.720318747811042
1191,-129.313,251.943,4.0,6.0,6.0,0.5722313005723675,0.9604219694318847,1.0,0.9561602418745276,0.4834507120491452,17.940299123240692
1192,-144.011,243.84,4.0,6.0,6.0,0.5798440639495048,0.9604219718726508,1.0,0.9566641471403377,0.4901405435650565,18.18855106596889
1193,-158.204,234.88,4.0,6.0,6.0,0.5881472866909148,0.9604219707342777,1.0,0.9571680524061477,0.49742110311545423,18.458724245702307
1194,-171.84,225.096,4.0,6.0,6.0,0.5970822867881824,0.9604219572076226,1.0,0.9566641471403377,0.5047119567585494,18.729279427359792
1195,-184.873,214.52,4.0,6.0,6.0,0.6065922831052561,0.9604220183826954,1.0,0.9574200050390527,0.5131558852920408,19.042623890177964
1196,-197.257,203.192,4.0,6.0,6.0,0.6166163204723195,0.9604219358512537,1.0,0.9581758629377677,0.5220476437307704,19.3725868050039
1197,-208.948,191.149,4.0,6.0,6.0,0.6270970075629942,0.960421955021477,1.0,0.9581758629377677,0.5309209484961052,19.701864925263653
1198,-219.904,178.435,4.0,6.0,6.0,0.6379747366612075,0.9604220252704534,0.9506172839506173,0.9586535913066525,0.5137133235700995,19.0633097826627
1199,-230.089,165.094,4.0,6.0,6.0,0.6491932197684782,0.9604219966409144,0.9259259259259259,0.9610884353741497,0.510462093071362,18.942660363368798
1200,-239.465,151.174,4.0,6.0,6.0,0.6606955058145346,0.9604219807734832,0.8518518518518519,0.9627329192546584,0.4787636452812133,17.766367473681445
1201,-248.0,136.722,4.0,6.0,6.0,0.6724291828110488,0.9604220095659408,0.7777777777777778,0.9627470035633301,0.4449018285646567,16.509794454735054
1202,-255.664,121.791,4.0,6.0,6.0,0.6843405723175984,0.9604219691861263,0.7407407407407407,0.9629251700680272,0.4313015036554956,16.0051020611518
1203,-262.43,106.431,4.0,6.0,6.0,0.6963815787372704,0.9604219811062246,0.7777777777777778,0.9799157758341431,0.4689661245391984,17.40279276296712
1204,-268.274,90.698,4.0,6.0,6.0,0.7085028763988425,0.9604219804517728,0.8271604938271605,0.9713676515382272,0.5029964921026282,18.665620509717233
1205,-273.176,74.645,4.0,6.0,6.0,0.7206606105970796,0.9604219918950065,0.8518518518518519,0.9683525584146702,0.5252647840723115,19.49197117782663
1206,-277.118,58.331,4.0,6.0,6.0,0.7328094083692049,0.9604220120613235,0.9012345679012346,0.9647749510763209,0.5629953779175971,20.892110060263768
1207,-280.087,41.812,4.0,6.0,6.0,0.7449089821795915,0.9604219976977308,0.9259259259259259,0.9638095238095238,0.5873819477300104,21.797067579449326
1208,-282.072,25.146,4.0,6.0,6.0,0.756920270818849,0.9604220042825804,0.9876543209876543,0.9584183673469387,0.6330822850410693,23.492954462971074
1209,-283.067,8.392,4.0,6.0,6.0,0.7688057084688642,0.9604219287551929,1.0,0.9538926681783825,0.6479865700377904,24.046035313603937
1210,-283.067,-8.392,4.0,6.0,6.0,0.7805310927440736,0.9604219287551929,1.0,0.9531368102796675,0.6573479989836984,24.393427160021325
1211,-282.072,-25.146,4.0,6.0,6.0,0.7920626201508647,0.9604220042825804,1.0,0.9523809523809523,0.666530685361521,24.734186075598842
1212,-280.087,-41.812,4.0,6.0,6.0,0.8033691906397428,0.9604219976977308,1.0,0.9523809523809523,0.6760453024057033,25.087262555913057
1213,-277.118,-58.331,4.0,6.0,6.0,0.8144212127200745,0.9604220120613235,1.0,0.9513731418493323,0.6846204949992215,25.4054780768191
1214,-273.176,-74.645,4.0,6.0,6.0,0.825190702296807,0.9604219918950065,0.9506172839506173,0.9530877285979327,0.6606064862123107,24.514345868203144
1215,-268.274,-90.698,4.0,6.0,6.0,0.8356524464436627,0.9604219804517728,0.8518518518518519,0.9565217391304348,0.601636981713915,22.326055472753357
1216,-262.43,-106.431,4.0,6.0,6.0,0.8457801358058066,0.9604219811062246,0.8024691358024691,0.9588697017268446,0.5750363957117375,21.338938362697178
1217,-255.664,-121.791,4.0,6.0,6.0,0.8555520122272839,0.9604219691861263,0.7037037037037037,0.9606158252774795,0.5110176541209916,18.963276594068574
1218,-248.0,-136.722,4.0,6.0,6.0,0.8649453848383277,0.9604220095659408,0.7407407407407407,0.9659863945578231,0.5468596223806864,20.293330756196394
1219,-239.465,-151.174,4.0,6.0,6.0,0.8739409521137314,0.9604219807734832,0.6666666666666666,0.9788359788359788,0.5039073279451299,18.699420578802638
1220,-230.089,-165.094,4.0,6.0,6.0,0.8825188977014804,0.9604219966409144,0.7037037037037037,0.9731471535982814,0.5340012736770212,19.816172245048644
1221,-219.904,-178.435,4.0,6.0,6.0,0.8906625967169004,0.9604220252704534,0.7407407407407407,0.9673469387755103,0.5639124021852848,20.92613977468048
1222,-208.948,-191.149,4.0,6.0,6.0,0.8983543378931912,0.960421955021477,0.8148148148148148,0.9598021026592455,0.6207806761659277,23.036455925650234
1223,-197.257,-203.192,4.0,6.0,6.0,0.9055801251961215,0.9604219358512537,0.8518518518518519,0.9562259686483289,0.651780534727711,24.186824973653646
1224,-184.873,-214.52,4.0,6.0,6.0,0.9123252619097114,0.9604220183826954,0.9259259259259259,0.9526530612244898,0.7110672027121977,26.386884940788054
1225,-171.84,-225.096,4.0,6.0,6.0,0.9185771226149719,0.9604219572076226,0.9629629629629629,0.9518576661433804,0.7439557907146629,27.6073425630436
1226,-158.204,-234.88,4.0,6.0,6.0,0.9243235600570358,0.9604219707342777,1.0,0.9433106575963719,0.7704220034864311,28.58947323727992
1227,-144.011,-243.84,4.0,6.0,6.0,0.929554809225169,0.9604219718726508,1.0,0.9423028470647519,0.7739544822522012,28.72055945584354
1228,-129.313,-251.943,4.0,6.0,6.0,0.9342604587450001,0.9604219694318847,1.0,0.9417989417989417,0.7774564656840964,28.85051402768921
1229,-114.161,-259.161,4.0,6.0,6.0,0.9384322695409578,0.9604219638939124,1.0,0.9402872260015117,0.779674589320225,28.93282604116378
1230,-98.608,-265.469,4.0,6.0,6.0,0.9420628250684883,0.9604219331907733,0.9506172839506173,0.9440763318314339,0.7470378031066834,27.721712493289484
1231,-82.708,-270.844,4.0,6.0,6.0,0.9451458524371158,0.9604219769579878,0.9012345679012346,0.9463237349734415,0.7122399397299578,26.430403860849907
1232,-66.518,-275.268,4.0,6.0,6.0,0.9476755999535998,0.9604219714337578,0.8024691358024691,0.9510204081632653,0.6390396236760665,23.71402443851684
1233,-50.094,-278.725,4.0,6.0,6.0,0.9496478329122969,0.9604219862058494,0.7530864197530864,0.9514887922382067,0.6012581766425632,22.311998452833688
1234,-33.494,-281.203,4.0,6.0,6.0,0.9510590277182782,0.9604219969143413,0.7037037037037037,0.9516648764769066,0.5627704374812696,20.883762779740543
1235,-16.776,-282.694,4.0,6.0,6.0,0.9519066422476155,0.960421932433607,0.7037037037037037,0.9588256355173649,0.5675102730710965,21.059652619505286
1236,0.0,-283.191,4.0,6.0,6.0,0.9521893947107314,0.9604219666717595,0.6666666666666666,0.9705215419501134,0.5443612122622673,20.200617634176183
1237,16.776,-282.694,4.0,6.0,6.0,0.9519066422476155,0.960421932433607,0.7037037037037037,0.9606158252774795,0.5685698516242539,21.09897235927285
1238,33.494,-281.203,4.0,6.0,6.0,0.9510590277182782,0.9604219969143413,0.7037037037037037,0.9538131041890441,0.5640407996426269,20.930904456444246
1239,50.094,-278.725,4.0,6.0,6.0,0.9496478329122969,0.9604219862058494,0.7530864197530864,0.9514887922382067,0.6012581766425632,22.311998452833688
1240,66.518,-275.268,4.0,6.0,6.0,0.9476755999535998,0.9604219714337578,0.8024691358024691,0.9488226059654631,0.6375628071142532,23.65922147679032
1241,82.708,-270.844,4.0,6.0,6.0,0.9451458524371158,0.9604219769579878,0.9012345679012346,0.9463237349734415,0.7122399397299578,26.430403860849907
1242,98.608,-265.469,4.0,6.0,6.0,0.9420628250684883,0.9604219331907733,0.9506172839506173,0.9451364961569043,0.7478767001343158,27.752842995808617
1243,114.161,-259.161,4.0,6.0,6.0,0.9384322695409578,0.9604219638939124,1.0,0.9420508944318469,0.7811370014652523,28.98709447157325
1244,129.313,-251.943,4.0,6.0,6.0,0.9342604587450001,0.9604219694318847,1.0,0.9423028470647519,0.7778724402510757,28.865950364782684
1245,144.011,-243.84,4.0,6.0,6.0,0.929554809225169,0.9604219718726508,1.0,0.9425547996976569,0.774161421953338,28.728238749815684
1246,158.204,-234.88,4.0,6.0,6.0,0.9243235600570358,0.9604219707342777,1.0,0.9435626102292769,0.7706277785941998,28.597109314533462
1247,171.84,-225.096,4.0,6.0,6.0,0.9185771226149718,0.9604219572076226,0.9629629629629629,0.9515960230245945,0.743751294895335,27.59975395871071
1248,184.873,-214.52,4.0,6.0,6.0,0.9123252619097114,0.9604220183826954,0.9259259259259259,0.9529251700680272,0.7112703067403932,26.394421897354974
1249,197.257,-203.192,4.0,6.0,6.0,0.9055801251961215,0.9604219358512537,0.8518518518518519,0.9556344276841171,0.6513773299428501,24.17186250846735
1250,208.948,-191.149,4.0,6.0,6.0,0.8983543378931913,0.960421955021477,0.8148148148148148,0.9579468150896723,0.6195807135186998,22.99192669383519
1251,219.904,-178.435,4.0,6.0,6.0,0.8906625967169004,0.9604220252704534,0.7407407407407407,0.9670068027210884,0.5637141207499171,20.91878177897911
1252,230.089,-165.094,4.0,6.0,6.0,0.8825188977014806,0.9604219966409144,0.7037037037037037,0.9713569638381668,0.5330189313781306,19.77971865372222
1253,239.465,-151.174,4.0,6.0,6.0,0.8739409521137315,0.9604219807734832,0.6666666666666666,0.9769463340891912,0.5029345338757378,18.663321311275993
1254,248.0,-136.722,4.0,6.0,6.0,0.8649453848383278,0.9604220095659408,0.7407407407407407,0.9656462585034014,0.546667066175623,20.28618521719774
1255,255.664,-121.791,4.0,6.0,6.0,0.8555520122272839,0.9604219691861263,0.7037037037037037,0.9602577873254565,0.5108271890989562,18.956208656463627
1256,262.43,-106.431,4.0,6.0,6.0,0.8457801358058066,0.9604219811062246,0.8024691358024691,0.957613814756672,0.5742832373676487,21.310989523977206
1257,268.274,-90.698,4.0,6.0,6.0,0.8356524464436627,0.9604219804517728,0.8518518518518519,0.9571132800946466,0.6020090515851048,22.339862557152088
1258,273.176,-74.645,4.0,6.0,6.0,0.8251907022968072,0.9604219918950065,0.9506172839506173,0.9517625231910947,0.6596879566152415,24.48026029274681
1259,277.118,-58.331,4.0,6.0,6.0,0.8144212127200743,0.9604220120613235,1.0,0.9491055681531873,0.6829887194549965,25.34492476572498
1260,280.087,-41.812,4.0,6.0,6.0,0.8033691906397428,0.9604219976977308,1.0,0.9503653313177123,0.6746145186969081,25.034167820344987
1261,282.072,-25.146,4.0,6.0,6.0,0.7920626201508648,0.9604220042825804,1.0,0.9506172839506173,0.6652963692775183,24.688382027310702
1262,283.067,-8.392,4.0,6.0,6.0,0.7805310927440738,0.9604219287551929,1.0,0.9513731418493323,0.6561316532282437,24.348289969928775
1263,296.174,17.25,4.0,6.0,6.0,0.760266064074693,0.9590420348927023,1.0,0.9518770471151423,0.6385162143619173,23.694601321690875
1264,294.67,34.442,4.0,6.0,6.0,0.7484576316671866,0.9590420246431371,1.0,0.9508692365835223,0.627933254642384,23.301879875128325
1265,292.169,51.517,4.0,6.0,6.0,0.7365422042585699,0.9590420133429132,1.0,0.9526329050138574,0.619082711374538,22.973446407825456
1266,288.679,68.418,4.0,6.0,6.0,0.7245552857435045,0.9590420371344507,1.0,0.9526329050138574,0.6090074124375127,22.5995636682176
1267,284.213,85.088,4.0,6.0,6.0,0.7125346567206363,0.959041966605353,1.0,0.9546485260770975,0.6001709054120449,22.271651069703534
1268,278.784,101.469,4.0,6.0,6.0,0.700521536884902,0.9590420562848564,1.0,0.9556563366087175,0.5906751705815029,21.919275286590445
1269,272.413,117.507,4.0,6.0,6.0,0.6885569457277867,0.959042011315331,1.0,0.9554043839758125,0.580433610542325,21.539222788968306
1270,265.12,133.148,4.0,6.0,6.0,0.6766848300899788,0.9590419653663728,1.0,0.9546485260770975,0.5699744465738404,21.151095260148864
1271,256.929,148.338,4.0,6.0,6.0,0.6649520819303073,0.9590420223996671,1.0,0.9561602418745276,0.5609788604125195,20.817279418118257
1272,247.869,163.026,4.0,6.0,6.0,0.653406769884008,0.9590420491827952,1.0,0.9556563366087175,0.5509483036288823,20.4450570082921
1273,237.971,177.163,4.0,6.0,6.0,0.6420987221339144,0.9590419789594938,1.0,0.9561602418745276,0.5416988725771104,20.101821274735645
1274,227.267,190.7,4.0,6.0,6.0,0.6310805471880155,0.9590420041355753,1.0,0.9574200050390527,0.5331049895693147,19.782912174081936
1275,215.794,203.592,4.0,6.0,6.0,0.6204055077849774,0.9590420086822999,1.0,0.9574200050390527,0.5240872576380196,19.44827452803336
1276,203.592,215.794,4.0,6.0,6.0,0.6101298015498128,0.9590420086822999,1.0,0.9576719576719577,0.5155424930670921,19.131188156001034
1277,190.7,227.267,4.0,6.0,6.0,0.6003076036637346,0.9590420041355753,1.0,0.9561602418745276,0.506442310864528,18.79349087534547
1278,177.163,237.971,4.0,6.0,6.0,0.5909966646066483,0.9590419789594938,1.0,0.9546485260770975,0.4977989554839046,18.47274591191455
1279,163.026,247.869,4.0,6.0,6.0,0.5822539600064204,0.9590420491827952,1.0,0.9554043839758125,0.49082328440694306,18.213886792283535
1280,148.338,256.929,4.0,6.0,6.0,0.5741351390983154,0.9590420223996671,1.0,0.9541446208112875,0.48334118076355786,17.936234543382156
1281,133.148,265.12,4.0,6.0,6.0,0.5666951093310637,0.9590419653663728,1.0,0.9546485260770975,0.4773296473546265,17.713153462193013
1282,117.507,272.413,4.0,6.0,6.0,0.5599870921489375,0.959042011315331,0.9753086419753086,0.9529837251356239,0.45923082573465046,17.04152703668981
1283,101.469,278.784,4.0,6.0,6.0,0.5540606199085286,0.9590420562848564,0.9506172839506173,0.9525576464351975,0.4426696398398596,16.426960502019075
1284,85.088,284.213,4.0,6.0,6.0,0.5489606361994179,0.959041966605353,0.9629629629629629,0.9549973835688121,0.4454289179993069,16.529354136594336
1285,68.418,288.679,4.0,6.0,6.0,0.5447286860420912,0.9590420371344507,0.9506172839506173,0.9552080572488736,0.4364247791734725,16.19522091503393
1286,51.517,292.169,4.0,6.0,6.0,0.5413990146850928,0.9590420133429132,1.0,0.9599395313681028,0.4585501059749693,17.01626631040808
1287,34.442,294.67,4.0,6.0,6.0,0.5390000903461508,0.9590420246431371,1.0,0.963214915595868,0.4580759622303537,16.99867138212726
1288,17.25,296.174,4.0,6.0,6.0,0.5375522980220894,0.9590420348927023,1.0,0.9654824892920131,0.45792103575233994,16.99292223896043
1289,0.0,296.676,4.0,6.0,6.0,0.5370682613355633,0.9590420265880181,1.0,0.9652305366591081,0.4573893071135658,16.97319040157918
1290,-17.25,296.174,4.0,6.0,6.0,0.5375522980220894,0.9590420348927023,1.0,0.9644746787603931,0.4574430388465442,16.97518432430598
1291,-34.442,294.67,4.0,6.0,6.0,0.5390000903461508,0.9590420246431371,1.0,0.963718820861678,0.4583156043764328,17.007564226167084
1292,-51.517,292.169,4.0,6.0,6.0,0.5413990146850928,0.9590420133429132,1.0,0.9604434366339129,0.4587908146920165,17.025198733668137
1293,-68.418,288.679,4.0,6.0,6.0,0.5447286860420912,0.9590420371344507,0.9506172839506173,0.9552080572488736,0.4364247791734725,16.19522091503393
1294,-85.088,284.213,4.0,6.0,6.0,0.5489606361994179,0.959041966605353,0.9629629629629629,0.9547357404500262,0.44530688267930707,16.524825546419926
1295,-101.469,278.784,4.0,6.0,6.0,0.5540606199085285,0.9590420562848564,0.9506172839506173,0.9512324410283594,0.4420537944867155,16.404107190246645
1296,-117.507,272.413,4.0,6.0,6.0,0.5599870921489375,0.959042011315331,0.9753086419753086,0.9529837251356239,0.45923082573465046,17.04152703668981
1297,-133.148,265.12,4.0,6.0,6.0,0.5666951093310636,0.9590419653663728,1.0,0.9549004787100025,0.4774556250921178,17.717828350939964
1298,-148.338,256.929,4.0,6.0,6.0,0.5741351390983153,0.9590420223996671,1.0,0.9538926681783825,0.48321354908128594,17.931498278649283
1299,-163.026,247.869,4.0,6.0,6.0,0.5822539600064203,0.9590420491827952,1.0,0.9551524313429075,0.49069384788679343,18.209083552095695
1300,-177.163,237.971,4.0,6.0,6.0,0.5909966646066483,0.9590419789594938,1.0,0.9546485260770975,0.4977989554839046,18.47274591191455
1301,-190.7,227.267,4.0,6.0,6.0,0.6003076036637345,0.9590420041355753,1.0,0.9559082892416225,0.506308860980242,18.788538703836807
1302,-203.592,215.794,4.0,6.0,6.0,0.6101298015498129,0.9590420086822999,1.0,0.9566641471403377,0.5149999595305839,19.111055361309113
1303,-215.794,203.592,4.0,6.0,6.0,0.6204055077849774,0.9590420086822999,1.0,0.9576719576719577,0.524225175337398,19.45339249501442
1304,-227.267,190.7,4.0,6.0,6.0,0.6310805471880155,0.9590420041355753,1.0,0.9569160997732427,0.5328244079958573,19.77250011504295
1305,-237.971,177.163,4.0,6.0,6.0,0.6420987221339144,0.9590419789594938,1.0,0.9566641471403377,0.5419843528788638,20.112415119939726
1306,-247.869,163.026,4.0,6.0,6.0,0.6534067698840079,0.9590420491827952,1.0,0.9561602418745276,0.5512388115664666,20.455837423271422
1307,-256.929,148.338,4.0,6.0,6.0,0.6649520819303072,0.9590420223996671,1.0,0.9569160997732427,0.5614223219622527,20.833735765484356
1308,-265.12,133.148,4.0,6.0,6.0,0.6766848300899788,0.9590419653663728,1.0,0.9556563366087175,0.5705761614818096,21.1734242073752
1309,-272.413,117.507,4.0,6.0,6.0,0.6885569457277866,0.959042011315331,1.0,0.9564121945074326,0.5810458822834035,21.56194348811279
1310,-278.784,101.469,4.0,6.0,6.0,0.700521536884902,0.9590420562848564,1.0,0.9549004787100025,0.5902079874779584,21.901938659683047
1311,-284.213,85.088,4.0,6.0,6.0,0.7125346567206363,0.959041966605353,1.0,0.9559082892416225,0.6009628965778037,22.30104094971106
1312,-288.679,68.418,4.0,6.0,6.0,0.7245552857435043,0.9590420371344507,1.0,0.9551524313429075,0.6106181170459163,22.65933506115125
1313,-292.169,51.517,4.0,6.0,6.0,0.7365422042585699,0.9590420133429132,1.0,0.9536407155454775,0.619737652090089,22.997750503469813
1314,-294.67,34.442,4.0,6.0,6.0,0.7484576316671867,0.9590420246431371,1.0,0.9533887629125725,0.6295970947447751,23.363623065046525
1315,-296.174,17.25,4.0,6.0,6.0,0.7602660640746932,0.9590420348927023,1.0,0.9523809523809523,0.6388542324743378,23.707144784539846
1316,-296.676,0.0,4.0,6.0,6.0,0.7719327757015921,0.9590420265880181,1.0,0.9528848576467625,0.6490010106268089,24.0836800355087
1317,-296.174,-17.25,4.0,6.0,6.0,0.7834257983331412,0.9590420348927023,1.0,0.9528848576467625,0.6586637532134941,24.44225328410573
1318,-294.67,-34.442,4.0,6.0,6.0,0.7947147805751675,0.9590420246431371,1.0,0.9511211892164273,0.6669182668353374,24.74856877770599
1319,-292.169,-51.517,4.0,6.0,6.0,0.8057703910951961,0.9590420133429132,1.0,0.9503653313177123,0.6756586641675664,25.072914856195627
1320,-288.679,-68.418,4.0,6.0,6.0,0.8165660542046145,0.9590420371344507,1.0,0.9501133786848073,0.6845295905059026,25.402104715768754
1321,-284.213,-85.088,4.0,6.0,6.0,0.8270758293482963,0.959041966605353,1.0,0.9491055681531873,0.6926044691139069,25.701754160895085
1322,-278.784,-101.469,4.0,6.0,6.0,0.837275446290296,0.9590420562848564,1.0,0.9478458049886621,0.700215189452649,25.984179227230463
1323,-272.413,-117.507,4.0,6.0,6.0,0.8471420555490639,0.959042011315331,0.9753086419753086,0.9535003874967709,0.695095773990184,25.794203615562665
1324,-265.12,-133.148,4.0,6.0,6.0,0.8566549468107059,0.9590419653663728,0.9629629629629629,0.95578231292517,0.6956646558283358,25.815314165382656
1325,-256.929,-148.338,4.0,6.0,6.0,0.8657939271508168,0.9590420223996671,0.9629629629629629,0.95578231292517,0.703086198720166,26.090719074542992
1326,-247.869,-163.026,4.0,6.0,6.0,0.8745399633706873,0.9590420491827952,0.9259259259259259,0.9548299319727891,0.6821932310228862,25.31540510619103
1327,-237.971,-177.163,4.0,6.0,6.0,0.8828756247924747,0.9590419789594938,0.9259259259259259,0.9545578231292517,0.6884992272508663,25.549413363455713
1328,-227.267,-190.7,4.0,6.0,6.0,0.8907848394266379,0.9590420041355753,0.8888888888888888,0.9552154195011338,0.667339874217365,24.764214142078465
1329,-215.794,-203.592,4.0,6.0,6.0,0.8982523699260833,0.9590420086822999,0.8888888888888888,0.953798185941043,0.6719358296317296,24.934764754241794
1330,-203.592,-215.794,4.0,6.0,6.0,0.9052634640968046,0.9590420086822999,0.8518518518518519,0.9544513457556936,0.6494090216303637,24.098820853935297
1331,-190.7,-227.267,4.0,6.0,6.0,0.9118064861443853,0.9590420041355753,0.8518518518518519,0.953564034309376,0.6534946968883037,24.25043555719468
1332,-177.163,-237.971,4.0,6.0,6.0,0.9178687707088227,0.9590419789594938,0.8148148148148148,0.956091527520099,0.6309056619342943,23.41218248634374
1333,-163.026,-247.869,4.0,6.0,6.0,0.9234397005324702,0.9590420491827952,0.8148148148148148,0.9551638837353124,0.6341190900881892,23.531429104158335
1334,-148.338,-256.929,4.0,6.0,6.0,0.9285091478317498,0.9590420223996671,0.8148148148148148,0.9536178107606679,0.6365681740074479,23.62231178773778
1335,-133.148,-265.12,4.0,6.0,6.0,0.9330684381273491,0.9590419653663728,0.7037037037037037,0.9552452559971357,0.5534057461647491,20.53624987050707
1336,-117.507,-272.413,4.0,6.0,6.0,0.9371098048875854,0.959042011315331,0.7037037037037037,0.9538131041890441,0.554969432351495,20.594276463965162
1337,-101.469,-278.784,4.0,6.0,6.0,0.9406260819617842,0.9590420562848564,0.654320987654321,0.9572583750481325,0.5198314153676588,19.290345122928162
1338,-85.088,-284.213,4.0,6.0,6.0,0.9436112994362125,0.959041966605353,0.654320987654321,0.9564882556796304,0.5210615950089978,19.33599567259309
1339,-68.418,-288.679,4.0,6.0,6.0,0.9460608551150406,0.9590420371344507,0.654320987654321,0.954562957258375,0.5213627180805129,19.347170002966898
1340,-51.517,-292.169,4.0,6.0,6.0,0.9479701729051336,0.9590420133429132,0.6049382716049383,0.9550187421907539,0.4832179838647118,17.931662848354577
1341,-34.442,-294.67,4.0,6.0,6.0,0.9493362478449522,0.9590420246431371,0.6049382716049383,0.9525197834235735,0.48264809314280865,17.91051486002053
1342,-17.25,-296.174,4.0,6.0,6.0,0.9501568273546824,0.9590420348927023,0.5555555555555556,0.964625850340136,0.44926972572296603,16.67188208767592
1343,0.0,-296.676,4.0,6.0,6.0,0.9504304830289927,0.9590420265880181,0.5555555555555556,0.964625850340136,0.4493991164810593,16.676683629686558
1344,17.25,-296.174,4.0,6.0,6.0,0.9501568273546824,0.9590420348927023,0.5555555555555556,0.9664399092970521,0.4501146147229152,16.70323494538664
1345,34.442,-294.67,4.0,6.0,6.0,0.9493362478449522,0.9590420246431371,0.6049382716049383,0.9529362765514369,0.48285913297365374,17.91834630508394
1346,51.517,-292.169,4.0,6.0,6.0,0.9479701729051336,0.9590420133429132,0.6049382716049383,0.9546022490628905,0.4830072477182379,17.92384267266842
1347,68.418,-288.679,4.0,6.0,6.0,0.9460608551150406,0.9590420371344507,0.654320987654321,0.9534077782056218,0.5207317829638363,19.323756727448988
1348,85.088,-284.213,4.0,6.0,6.0,0.9436112994362125,0.959041966605353,0.654320987654321,0.954177897574124,0.5198029921225026,19.2892903690361
1349,101.469,-278.784,4.0,6.0,6.0,0.9406260819617842,0.9590420562848564,0.654320987654321,0.954177897574124,0.5181585869996211,19.228268388823803
1350,117.507,-272.413,4.0,6.0,6.0,0.9371098048875854,0.959042011315331,0.7037037037037037,0.9530970282849982,0.5545527886335134,20.578815295448674
1351,133.148,-265.12,4.0,6.0,6.0,0.9330684381273491,0.9590419653663728,0.7037037037037037,0.9527389903329753,0.5519537820631174,20.482369154954764
1352,148.338,-256.929,4.0,6.0,6.0,0.9285091478317498,0.9590420223996671,0.8148148148148148,0.9529993815708101,0.6361553541799464,23.606992519392946
1353,163.026,-247.869,4.0,6.0,6.0,0.9234397005324702,0.9590420491827952,0.8148148148148148,0.9542362399505256,0.6335032411823088,23.50857566054795
1354,177.163,-237.971,4.0,6.0,6.0,0.9178687707088227,0.9590419789594938,0.8148148148148148,0.9548546691403834,0.6300894838464103,23.38189505751276
1355,190.7,-227.267,4.0,6.0,6.0,0.9118064861443851,0.9590420041355753,0.8518518518518519,0.9541555752735877,0.6539000906208646,24.265479251709063
1356,203.592,-215.794,4.0,6.0,6.0,0.9052634640968047,0.9590420086822999,0.8518518518518519,0.9550428867199053,0.6498115063044453,24.11375659663994
1357,215.794,-203.592,4.0,6.0,6.0,0.8982523699260831,0.9590420086822999,0.8888888888888888,0.9540816326530612,0.6721355133849634,24.942174788344094
1358,227.267,-190.7,4.0,6.0,6.0,0.890784839426638,0.9590420041355753,0.8888888888888888,0.9532312925170068,0.6659537083065279,24.71277512160531
1359,237.971,-177.163,4.0,6.0,6.0,0.8828756247924747,0.9590419789594938,0.9259259259259259,0.9531972789115646,0.6875178999600297,25.51299743790916
1360,247.869,-163.026,4.0,6.0,6.0,0.8745399633706874,0.9590420491827952,0.9259259259259259,0.953469387755102,0.6812211688527198,25.279332998601706
1361,256.929,-148.338,4.0,6.0,6.0,0.8657939271508168,0.9590420223996671,0.9629629629629629,0.9531658817373103,0.7011615170921339,26.019296356025222
1362,265.12,-133.148,4.0,6.0,6.0,0.8566549468107059,0.9590419653663728,0.9629629629629629,0.9534275248560963,0.6939507270294157,25.751712241624528
1363,272.413,-117.507,4.0,6.0,6.0,0.8471420555490639,0.959042011315331,0.9753086419753086,0.9519504004133299,0.6939658431736191,25.752273184326317
1364,278.784,-101.469,4.0,6.0,6.0,0.8372754462902963,0.9590420562848564,1.0,0.9463340891912321,0.6990984188155638,25.942737155097728
1365,284.213,-85.088,4.0,6.0,6.0,0.8270758293482962,0.959041966605353,1.0,0.9468379944570421,0.6909497199177228,25.640348324036026
1366,288.679,-68.418,4.0,6.0,6.0,0.8165660542046146,0.9590420371344507,1.0,0.9480977576215671,0.6830773930187514,25.348215339548613
1367,292.169,-51.517,4.0,6.0,6.0,0.8057703910951962,0.9590420133429132,1.0,0.9486016628873771,0.6744047907186871,25.026385056621567
1368,294.67,-34.442,4.0,6.0,6.0,0.7947147805751676,0.9590420246431371,1.0,0.9501133786848073,0.6662115984731278,24.722345128670014
1369,296.174,-17.25,4.0,6.0,6.0,0.7834257983331411,0.9590420348927023,1.0,0.9503653313177123,0.6569221779802483,24.37762543301078
1370,296.676,0.0,4.0,6.0,6.0,0.7719327757015921,0.9590420265880181,1.0,0.9508692365835223,0.6476281898745577,24.032736238500753
1371,310.046,8.472,4.0,6.0,6.0,0.7638932280479565,0.9576648691967217,1.0,0.9493575207860923,0.6389455336633022,23.71053286650871
1372,309.12,25.391,4.0,6.0,6.0,0.7528070682171873,0.9576649381953145,1.0,0.9503653313177123,0.6303411910886328,23.39123562337483
1373,307.273,42.234,4.0,6.0,6.0,0.7416059122894976,0.957664851045974,1.0,0.9503653313177123,0.6209621711414146,23.043190995158767
1374,304.508,58.951,4.0,6.0,6.0,0.7303188222607226,0.9576648617044088,1.0,0.9511211892164273,0.6119976166605428,22.71052670304975
1375,300.834,75.492,4.0,6.0,6.0,0.7189761813639788,0.9576648953873566,1.0,0.9518770471151423,0.6029714553095507,22.37557625094457
1376,296.263,91.807,4.0,6.0,6.0,0.707610406289331,0.9576648702625656,0.9506172839506173,0.9560031804929764,0.5665792151892984,21.025102133831766
1377,290.807,107.849,4.0,6.0,6.0,0.6962539326677418,0.9576648986052807,0.8518518518518519,0.9580005915409642,0.5006092927952852,18.577034292812098
1378,284.484,123.569,4.0,6.0,6.0,0.6849428085228594,0.9576648450060864,0.8024691358024691,0.9579277864992151,0.4638919022075755,17.21449421633495
1379,277.311,138.92,4.0,6.0,6.0,0.6737138821228881,0.9576648921807784,0.7777777777777778,0.9582118561710399,0.4423784482519878,16.41615471756496
1380,269.311,153.856,4.0,6.0,6.0,0.6626059144611156,0.9576649042934601,0.7037037037037037,0.9598997493734336,0.39434144415137473,14.633556820673805
1381,260.507,168.333,4.0,6.0,6.0,0.6516585871186197,0.9576649351275122,0.7777777777777778,0.974408811143505,0.4351292406850412,16.14714497382864
1382,250.926,182.308,4.0,6.0,6.0,0.6409136144001014,0.9576649074368979,0.8271604938271605,0.9692354553761803,0.45270988163321724,16.799542311401513
1383,240.596,195.739,4.0,6.0,6.0,0.6304143486383944,0.9576648865545919,0.8888888888888888,0.9631519274376418,0.47552106059909305,17.64603889068463
1384,229.548,208.586,4.0,6.0,6.0,0.6202053686065032,0.95766485163546,0.9506172839506173,0.96448449509674,0.501000147167602,18.59153844841313
1385,217.814,220.81,4.0,6.0,6.0,0.6103326449358621,0.9576649188885707,1.0,0.9554043839758125,0.5137540227981338,19.064820084140848
1386,205.431,232.375,4.0,6.0,6.0,0.6008430467560062,0.9576649120334176,1.0,0.9538926681783825,0.5049657858170344,18.738698731379618
1387,192.435,243.247,4.0,6.0,6.0,0.5917834982307129,0.9576648633867053,1.0,0.9546485260770975,0.49774595342486583,18.47077906654727
1388,178.864,253.393,4.0,6.0,6.0,0.5832018296208394,0.9576648616254817,1.0,0.9533887629125725,0.4898806513894012,18.178906766653903
1389,164.76,262.782,4.0,6.0,6.0,0.5751463020786234,0.9576648790257709,1.0,0.9533887629125725,0.48311413976353673,17.927809313359525
1390,150.163,271.387,4.0,6.0,6.0,0.5676627966275569,0.9576649459142336,1.0,0.9538926681783825,0.4770801657222337,17.703895486148443
1391,135.119,279.183,4.0,6.0,6.0,0.5607972856650539,0.9576648700599861,1.0,0.9516250944822373,0.4701897665765295,17.448200709676815
1392,119.671,286.145,4.0,6.0,6.0,0.5545939200681833,0.9576649000496471,1.0,0.9523809523809523,0.4653580195693521,17.26890014307061
1393,103.867,292.253,4.0,6.0,6.0,0.5490939705328778,0.9576648901127239,0.9753086419753086,0.9522087315939034,0.4492853936119982,16.672463504992848
1394,87.752,297.489,4.0,6.0,6.0,0.5443348862411684,0.9576648985107327,0.9629629629629629,0.9523809523809523,0.4398330403183405,16.321697560750057
1395,71.375,301.837,4.0,6.0,6.0,0.5403509586868251,0.9576649237396325,0.9259259259259259,0.952108843537415,0.4197011682804373,15.574626975746815
1396,54.786,305.285,4.0,6.0,6.0,0.537171234124171,0.9576648461564471,1.0,0.9576719576719577,0.45324277679081154,16.81931743695267
1397,38.033,307.821,4.0,6.0,6.0,0.5348199972515129,0.9576648724475294,1.0,0.9601914840010078,0.4524461241928796,16.789754576565876
1398,21.166,309.438,4.0,6.0,6.0,0.5333150946953702,0.9576649385046105,1.0,0.9619551524313429,0.45200174971017454,16.773264351308633
1399,4.236,310.133,4.0,6.0,6.0,0.5326676821637817,0.9576648487274936,1.0,0.963718820861678,0.45228070763539324,16.783616158631474
1400,-12.706,309.901,4.0,6.0,6.0,0.5328837180538692,0.957664906138382,1.0,0.9624590576971529,0.4518727113959558,16.768475888084264
1401,-29.611,308.745,4.0,6.0,6.0,0.5339608085891279,0.95766487093213,1.0,0.9601914840010078,0.4517192684946417,16.76278179874009
1402,-46.427,306.667,4.0,6.0,6.0,0.5358909723621497,0.9576648990709508,1.0,0.9586797682035777,0.45263840545356193,16.796889912695207
1403,-63.104,303.674,4.0,6.0,6.0,0.5386590285087502,0.957664915863687,1.0,0.9571680524061477,0.4542590023628984,16.857028397523294
1404,-79.593,299.775,4.0,6.0,6.0,0.5422440047456232,0.9576649021859412,1.0,0.9541446208112875,0.45583782914424964,16.91561684100943
1405,-95.845,294.981,4.0,6.0,6.0,0.546619538063901,0.9576649090736495,1.0,0.9513731418493323,0.45818138331790875,17.002583437270623
1406,-111.811,289.307,4.0,6.0,6.0,0.5517536271642421,0.9576648785577991,1.0,0.9503653313177123,0.4619948876136468,17.14409818958802
1407,-127.443,282.769,4.0,6.0,6.0,0.5576105215227811,0.9576649138053324,1.0,0.9508692365835223,0.4671465657683056,17.335271032605466
1408,-142.694,275.388,4.0,6.0,6.0,0.5641498157154029,0.9576648969395898,0.9135802469135802,0.9600110314396029,0.4359320211436563,16.176935232067795
1409,-157.52,267.184,4.0,6.0,6.0,0.5713301266820663,0.9576649442833994,0.8888888888888888,0.9600340136054422,0.42955881991917527,15.940433074784448
1410,-171.876,258.184,4.0,6.0,6.0,0.5791053070574724,0.9576648625648777,0.8271604938271605,0.9491318915625951,0.4005670992806957,14.864583712297872
1411,-185.719,248.412,4.0,6.0,6.0,0.5874303407172695,0.9576649067191543,0.8518518518518519,0.950606329488317,0.41910471625222967,15.552493327927055
1412,-199.007,237.9,4.0,6.0,6.0,0.5962563138131114,0.957664885779791,0.8518518518518519,0.9514936409346347,0.4257987124361115,15.8008998166871
1413,-211.702,226.677,4.0,6.0,6.0,0.6055371939725847,0.9576648852726846,0.9012345679012346,0.9538719597428013,0.4586381092412123,17.019532010263045
1414,-223.764,214.778,4.0,6.0,6.0,0.6152240651326341,0.9576649316675405,1.0,0.9561602418745276,0.5182811433178145,19.23281631264113
1415,-235.159,202.238,4.0,6.0,6.0,0.6252705491861323,0.9576649239482963,1.0,0.9561602418745276,0.526744564897918,19.546884139968505
1416,-245.853,189.094,4.0,6.0,6.0,0.6356305855769626,0.957664878808557,1.0,0.9551524313429075,0.5349077127753865,19.849809156022978
1417,-255.812,175.386,4.0,6.0,6.0,0.646258082057345,0.9576649133564341,1.0,0.9556563366087175,0.5441380985720423,20.192338142096915
1418,-265.008,161.155,4.0,6.0,6.0,0.6571093474554826,0.9576648893907055,1.0,0.9554043839758125,0.5531287947255493,20.52597252156948
1419,-273.413,146.443,4.0,6.0,6.0,0.6681420984882949,0.9576648817069893,1.0,0.9543965734441925,0.5618224604152813,20.84858444262792
1420,-281.002,131.293,4.0,6.0,6.0,0.6793160284308635,0.9576649219869557,1.0,0.9549004787100025,0.5715199308810666,21.208446402821483
1421,-287.753,115.752,4.0,6.0,6.0,0.6905905863355596,0.9576648663005927,1.0,0.9546485260770975,0.5808520715691096,21.55475139572144
1422,-293.644,99.865,4.0,6.0,6.0,0.7019289357965949,0.9576649481138373,0.9753086419753086,0.9607336605528287,0.5794815919372855,21.503894474996223
1423,-298.66,83.681,4.0,6.0,6.0,0.7132939827076966,0.9576648678054681,0.9259259259259259,0.9629931972789115,0.5603629422570107,20.794423404733916
1424,-302.784,67.246,4.0,6.0,6.0,0.7246529025444026,0.9576648892126262,0.8765432098765432,0.964070135096292,0.5395272542689538,20.021235020420903
1425,-306.004,50.611,4.0,6.0,6.0,0.7359715781501388,0.9576649309511117,0.7777777777777778,0.9663103336572725,0.48734286146349093,18.08473230533229
1426,-308.312,33.825,4.0,6.0,6.0,0.7472191060401789,0.9576648489603282,0.7037037037037037,0.9727891156462585,0.4506692038411592,16.723815108832095
1427,-309.699,16.938,4.0,6.0,6.0,0.75836608494735,0.9576648577613466,0.7037037037037037,0.9638381668456857,0.4531836547640918,16.81712348663325
1428,-310.161,0.0,4.0,6.0,6.0,0.7693846564467521,0.9576649433518936,0.654320987654321,0.9564882556796304,0.4242437283324871,15.743196147511263
1429,-309.699,-16.938,4.0,6.0,6.0,0.7802473396254188,0.9576648577613466,0.7530864197530864,0.9588491134158581,0.4963965586180125,18.420704579392858
1430,-308.312,-33.825,4.0,6.0,6.0,0.7909289406113774,0.9576648489603282,0.8518518518518519,0.9550428867199053,0.5669252331840762,21.037942463101373
1431,-306.004,-50.611,4.0,6.0,6.0,0.8014058068813595,0.9576649309511117,0.8765432098765432,0.9517102615694165,0.5890226269613698,21.85795129611843
1432,-302.784,-67.246,4.0,6.0,6.0,0.8116547129763938,0.9576648892126262,1.0,0.9475938523557571,0.6776336152910784,25.146203017794164
1433,-298.66,-83.681,4.0,6.0,6.0,0.8216549026833767,0.9576648678054681,1.0,0.9483497102544721,0.6865297310422769,25.476327627467406
1434,-293.644,-99.865,4.0,6.0,6.0,0.8313851660670832,0.9576649481138373,1.0,0.9473418997228521,0.6939216487055572,25.75063317851629
1435,-287.753,-115.752,4.0,6.0,6.0,0.840826806591549,0.9576648663005927,1.0,0.9463340891912321,0.7010555243763719,26.015363088417452
1436,-281.002,-131.293,4.0,6.0,6.0,0.8499618317943932,0.9576649219869557,1.0,0.9458301839254221,0.7082947139019639,26.284001074177105
1437,-273.413,-146.443,4.0,6.0,6.0,0.8587731349612578,0.9576648817069893,1.0,0.9445704207608969,0.7146841993731838,26.521107521102007
1438,-265.008,-161.155,4.0,6.0,6.0,0.8672442036277886,0.9576648893907055,1.0,0.9440665154950869,0.7213489312281426,26.768428044320093
1439,-255.812,-175.386,4.0,6.0,6.0,0.8753603978007707,0.9576649133564341,0.9629629629629629,0.9515960230245945,0.7067250747534745,26.22575357316487
1440,-245.853,-189.094,4.0,6.0,6.0,0.8831075267985464,0.957664878808557,0.8888888888888888,0.9532312925170068,0.659266096982551,24.464605567642757
1441,-235.159,-202.238,4.0,6.0,6.0,0.8904729827829841,0.9576649239482963,0.8518518518518519,0.953564034309376,0.6372885121639099,23.649042707094658
1442,-223.764,-214.778,4.0,6.0,6.0,0.8974434716228072,0.9576649316675405,0.7037037037037037,0.9559613319011815,0.5319106389955699,19.738591199850298
1443,-211.702,-226.677,4.0,6.0,6.0,0.9040076810364152,0.9576648852726846,0.6049382716049383,0.9625156184922948,0.46375900745540477,17.209562645139727
1444,-199.007,-237.9,4.0,6.0,6.0,0.910155806263901,0.957664885779791,0.5555555555555556,0.9687074829931973,0.43155612457474196,16.014550750212475
1445,-185.719,-248.412,4.0,6.0,6.0,0.9158771167955313,0.9576649067191543,0.654320987654321,0.9487870619946092,0.500954420659283,18.589841590353643
1446,-171.876,-258.184,4.0,6.0,6.0,0.921163448835371,0.9576648625648777,0.7037037037037037,0.9491586108127461,0.5420841466054482,20.116118350198626
1447,-157.52,-267.184,4.0,6.0,6.0,0.9260061504142512,0.9576649442833994,0.8024691358024691,0.9472527472527472,0.6201682094356957,23.01372799068284
1448,-142.694,-275.388,4.0,6.0,6.0,0.9303978880372163,0.9576648969395898,0.8518518518518519,0.9461697722567288,0.6606983970196032,24.517756572406057
1449,-127.443,-282.769,4.0,6.0,6.0,0.9343317630323387,0.9576649138053324,0.9506172839506173,0.9430161675059634,0.7379507214851333,27.38450136010712
1450,-111.811,-289.307,4.0,6.0,6.0,0.9378022599381806,0.9576648785577991,1.0,0.9375157470395565,0.7746245088879659,28.745423372612233
1451,-95.845,-294.981,4.0,6.0,6.0,0.9408041197737552,0.9576649090736495,1.0,0.9367598891408415,0.7764775409607578,28.814187258655423
1452,-79.593,-299.775,4.0,6.0,6.0,0.9433327688165748,0.9576649021859412,1.0,0.9367598891408415,0.7785645151579814,28.89163246749994
1453,-63.104,-303.674,4.0,6.0,6.0,0.9453844717455573,0.957664915863687,1.0,0.9349962207105065,0.7787888493246481,28.899957250054307
1454,-46.427,-306.667,4.0,6.0,6.0,0.94695624083931,0.9576648990709508,1.0,0.9352481733434115,0.7802938361071757,28.955805576227263
1455,-29.611,-308.745,4.0,6.0,6.0,0.9480458622384283,0.95766487093213,1.0,0.9344923154446964,0.7805603123444037,28.965694202484205
1456,-12.706,-309.901,4.0,6.0,6.0,0.9486518002476747,0.957664906138382,0.9506172839506173,0.941956003180493,0.7484185789392959,27.772951494167593
1457,4.236,-310.133,4.0,6.0,6.0,0.9487729552583023,0.9576648487274936,0.8518518518518519,0.9446909198461994,0.6726938910579244,24.962895540691736
1458,21.166,-309.438,4.0,6.0,6.0,0.9484094486770505,0.9576649385046105,0.8024691358024691,0.9478806907378335,0.6355932861872813,23.58613482353131
1459,38.033,-307.821,4.0,6.0,6.0,0.9475614390985776,0.9576648724475294,0.7037037037037037,0.9513068385248836,0.5588808377643297,20.73942421398313
1460,54.786,-305.285,4.0,6.0,6.0,0.9462304324961176,0.9576648461564471,0.654320987654321,0.9514824797843666,0.5190269767538463,19.26049333245937
1461,71.375,-301.837,4.0,6.0,6.0,0.9444184628902125,0.9576649237396325,0.5555555555555556,0.964625850340136,0.44591519121669587,16.547399175639995
1462,87.752,-297.489,4.0,6.0,6.0,0.9421277964652481,0.9576648985107327,0.6419753086419753,0.9540816326530612,0.5084111588422958,18.86655255623457
1463,103.867,-292.253,4.0,6.0,6.0,0.9393620275076066,0.9576648901127239,0.7037037037037037,0.9488005728607233,0.5525850975273866,20.505796544733776
1464,119.671,-286.145,4.0,6.0,6.0,0.9361254432575455,0.9576649000496471,0.8024691358024691,0.9447409733124019,0.6252828764091132,23.203527391391013
1465,135.119,-279.183,4.0,6.0,6.0,0.9324223836999108,0.9576648700599861,0.8518518518518519,0.9461697722567288,0.6621360225399415,24.571105199720627
1466,150.163,-271.387,4.0,6.0,6.0,0.9282588337999913,0.9576649459142336,0.9629629629629629,0.9445316588173731,0.7438692601180213,27.60413151226144
1467,164.76,-262.782,4.0,6.0,6.0,0.9236405564967337,0.9576648790257709,1.0,0.9382716049382716,0.7635420429173797,28.334165824365535
1468,178.864,-253.393,4.0,6.0,6.0,0.9185753517855093,0.9576648616254817,1.0,0.9395313681027967,0.7603743395940841,28.21661600235218
1469,192.435,-243.247,4.0,6.0,6.0,0.9130702885654227,0.9576648633867053,1.0,0.9400352733686067,0.7562227562064481,28.062555524307633
1470,205.431,-232.375,4.0,6.0,6.0,0.9071344776669963,0.9576649120334176,1.0,0.9402872260015117,0.7515080078421768,27.88759664258974
1471,217.814,-220.81,4.0,6.0,6.0,0.9007771242238838,0.9576649188885707,1.0,0.9407911312673217,0.746641231597615,27.70699618132815
1472,229.548,-208.586,4.0,6.0,6.0,0.8940079960210685,0.95766485163546,1.0,0.9420508944318469,0.7420226204963719,27.53560484271782
1473,240.596,-195.739,4.0,6.0,6.0,0.8868387320801687,0.9576648865545919,0.9506172839506173,0.9446064139941691,0.7016210983794043,26.03635088828587
1474,250.926,-182.308,4.0,6.0,6.0,0.8792809795949512,0.9576649074368979,0.9012345679012346,0.9460441710930948,0.6605083845859735,24.51070542983559
1475,260.507,-168.333,4.0,6.0,6.0,0.8713475425368867,0.9576649351275122,0.8024691358024691,0.952276295133438,0.5866568357746359,21.770159509912894
1476,269.311,-153.856,4.0,6.0,6.0,0.8630519608251028,0.9576649042934601,0.7037037037037037,0.9534550662370211,0.5101858514496113,18.932409354939224
1477,277.311,-138.92,4.0,6.0,6.0,0.8544090493285035,0.9576648921807784,0.654320987654321,0.9522525991528686,0.4690403992172824,17.405549010727025
1478,284.484,-123.569,4.0,6.0,6.0,0.8454337992396429,0.9576648450060864,0.5555555555555556,0.9714285714285714,0.40199379208874936,14.917526639251006
1479,290.807,-107.849,4.0,6.0,6.0,0.8361433579326188,0.9576648986052807,0.7037037037037037,0.9681346222699606,0.5018890602317493,18.62452498844275
1480,296.263,-91.807,4.0,6.0,6.0,0.8265546631989105,0.9576648702625656,0.7777777777777778,0.9591836734693877,0.5432882005113554,20.160799403911263
1481,300.834,-75.492,4.0,6.0,6.0,0.8166875086316617,0.9576648953873566,0.8518518518518519,0.9547471162377995,0.5852073007604844,21.716368934999345
1482,304.508,-58.951,4.0,6.0,6.0,0.8065602700762642,0.9576648617044088,0.8888888888888888,0.9560657596371882,0.6039117059822803,22.41046787050202
1483,307.273,-42.234,4.0,6.0,6.0,0.7961944886914187,0.957664851045974,0.9753086419753086,0.9555670369413588,0.6537681736565276,24.26058396509421
1484,309.12,-25.391,4.0,6.0,6.0,0.7856124928461639,0.9576649381953145,1.0,0.9493575207860923,0.6571122916519754,24.384680332410444
1485,310.046,-8.472,4.0,6.0,6.0,0.7748369045434247,0.9576648691967217,1.0,0.9498614260519023,0.6484431879356533,24.06297987789667
1486,323.275,15.517,4.0,6.0,6.0,0.7573061466329024,0.9562911044999313,1.0,0.9498614260519023,0.6328629573635878,23.484815465464283
1487,322.159,30.999,4.0,6.0,6.0,0.7474845543113648,0.956291127074337,1.0,0.9493575207860923,0.6243239159977285,23.167941474980495
1488,320.302,46.409,4.0,6.0,6.0,0.7375787698249548,0.9562911573759513,0.8395061728395061,0.9534813925570228,0.5194245723549624,19.27524764729712
1489,317.709,61.712,4.0,6.0,6.0,0.7276082666694595,0.9562911238770602,0.7037037037037037,0.9527389903329753,0.42917987838756916,15.926370990981907
1490,314.385,76.874,4.0,6.0,6.0,0.7175930401881674,0.9562910986553144,0.7037037037037037,0.9709989258861439,0.43138470695437175,16.00818963974601
1491,310.337,91.859,4.0,6.0,6.0,0.7075554704528368,0.9562911631966898,0.8148148148148148,0.963821892393321,0.4888708771354328,18.14143520706853
1492,305.576,106.632,4.0,6.0,6.0,0.697518505593021,0.9562911717230875,0.9506172839506173,0.9626292075271667,0.561562952793285,20.83895441365632
1493,300.112,121.16,4.0,6.0,6.0,0.6875050953025207,0.9562911901206257,1.0,0.9523809523809523,0.5760558671778804,21.376769774657852
1494,293.958,135.41,4.0,6.0,6.0,0.6775395778290109,0.9562911562162043,1.0,0.9526329050138574,0.5678559941150529,21.07248192927192
1495,287.128,149.348,4.0,6.0,6.0,0.6676483756457336,0.9562911342717084,1.0,0.9531368102796675,0.5598620060303574,20.775834238302174
1496,279.637,162.942,4.0,6.0,6.0,0.6578579488967605,0.9562911918512108,0.9382716049382716,0.9540816326530612,0.5181126765276213,19.226564704083998
1497,271.503,176.162,4.0,6.0,6.0,0.6481951263580475,0.956291194661388,0.8024691358024691,0.9538461538461539,0.43650619952977865,16.19824233068282
1498,262.745,188.977,4.0,6.0,6.0,0.638688908417011,0.956291145577466,0.7037037037037037,0.9570354457572503,0.37842968477908007,14.043089756293979
1499,253.383,201.357,4.0,6.0,6.0,0.6293690749033563,0.9562910914197594,0.8271604938271605,0.9677124581175753,0.4432201053122245,16.44738764171525
1500,243.437,213.274,4.0,6.0,6.0,0.6202653290541985,0.9562911250683966,0.9629629629629629,0.9620617477760335,0.5055545107723571,18.76054563642406
1501,232.932,224.7,4.0,6.0,6.0,0.6114094905411066,0.9562911196336709,1.0,0.9536407155454775,0.5129734771038605,19.03585493239815
1502,221.891,235.609,4.0,6.0,6.0,0.6028328598886805,0.956291149473988,1.0,0.9533887629125725,0.5056440600742681,18.763868707882057
1503,210.339,245.977,4.0,6.0,6.0,0.594566972139913,0.9562911553382608,1.0,0.9526329050138574,0.4983154191587711,18.49191128406618
1504,198.304,255.779,4.0,6.0,6.0,0.5866453690879619,0.9562911248779086,1.0,0.9513731418493323,0.491025996882076,18.221409218767267
1505,185.813,264.992,4.0,6.0,6.0,0.5791007968452604,0.9562911472310359,0.8888888888888888,0.9486961451247166,0.4296420090071054,15.943520126026819
1506,172.894,273.596,4.0,6.0,6.0,0.5719650740555606,0.9562911668112534,0.8518518518518519,0.9473528541851524,0.4060909598512913,15.06956781611999
1507,159.578,281.571,4.0,6.0,6.0,0.5652708403438593,0.9562911259988337,0.9012345679012346,0.9603019289907744,0.430407844813043,15.971939410755086
1508,145.894,288.898,4.0,6.0,6.0,0.559049531869832,0.9562911656815254,1.0,0.9488536155202821,0.46668890484142606,17.3182877627072
1509,131.875,295.561,4.0,6.0,6.0,0.5533316307987188,0.9562911331938472,1.0,0.9491055681531873,0.4620382972450778,17.14570907101459
1510,117.553,301.544,4.0,6.0,6.0,0.5481464512733312,0.9562911062553442,1.0,0.9506172839506173,0.45843762843878605,17.012092398583192
1511,102.96,306.833,4.0,6.0,6.0,0.5435212106630588,0.9562911440159968,1.0,0.9501133786848073,0.4543284065791599,16.859603908054382
1512,88.131,311.416,4.0,6.0,6.0,0.539481253754814,0.9562911838224035,1.0,0.9506172839506173,0.45119060069552674,16.743163545593358
1513,73.099,315.284,4.0,6.0,6.0,0.5360484866835455,0.9562911105441533,0.9506172839506173,0.9507023588656242,0.4262185017473679,15.816477714547169
1514,57.898,318.426,4.0,6.0,6.0,0.5332432732575593,0.9562911370391307,0.9012345679012346,0.9533128319821079,0.40306642536533227,14.957330824769473
1515,42.565,320.836,4.0,6.0,6.0,0.5310818798795403,0.956291102109873,1.0,0.9564121945074326,0.4468734275139044,16.582958221007416
1516,27.134,322.507,4.0,6.0,6.0,0.5295774654097839,0.9562911805551807,1.0,0.9584278155706727,0.4465466996446031,16.570833726077375
1517,11.64,323.437,4.0,6.0,6.0,0.5287385496256523,0.9562911862817797,1.0,0.9604434366339129,0.44677693958555165,16.579377665113533
1518,-3.881,323.623,4.0,6.0,6.0,0.5285705434117004,0.956291197956117,1.0,0.9611992945326279,0.4469864786299369,16.587153417719907
1519,-19.392,323.065,4.0,6.0,6.0,0.5290743195814707,0.9562911766441954,1.0,0.9581758629377677,0.44600516143318236,16.550737866753117
1520,-34.859,321.764,4.0,6.0,6.0,0.5302469039347582,0.9562911487172215,1.0,0.9576719576719577,0.4467585528193621,16.578695353396686
1521,-50.246,319.723,4.0,6.0,6.0,0.5320811960020426,0.9562911116776514,1.0,0.9564121945074326,0.44771429634541776,16.614161894897602
1522,-65.517,316.946,4.0,6.0,6.0,0.5345663497605937,0.9562911451608123,0.9259259259259259,0.948843537414966,0.4131905946745443,15.333027087604085
1523,-80.638,313.44,4.0,6.0,6.0,0.5376876210691718,0.9562911645807165,0.9506172839506173,0.9499072356215214,0.42716426170129923,15.851573777184853
1524,-95.573,309.214,4.0,6.0,6.0,0.5414264257982252,0.956291105566947,1.0,0.9508692365835223,0.45293740709938546,16.80798551940489
1525,-110.288,304.276,4.0,6.0,6.0,0.5457621737791734,0.9562911321291881,1.0,0.9486016628873771,0.45547576017870484,16.902180878700918
1526,-124.75,298.638,4.0,6.0,6.0,0.5506708850214657,0.9562911493510822,1.0,0.9498614260519023,0.460182744750194,17.076851655010397
1527,-138.925,292.313,4.0,6.0,6.0,0.556126133026587,0.9562911763762227,1.0,0.9498614260519023,0.4647415807100352,17.24602480696766
1528,-152.78,285.317,4.0,6.0,6.0,0.5620989492891582,0.9562911019891679,0.9135802469135802,0.9578047435190292,0.43272740473019733,16.0580156077921
1529,-166.284,277.663,4.0,6.0,6.0,0.5685609806887676,0.9562911662182562,0.8024691358024691,0.9494505494505494,0.3811147092007104,14.142727920178528
1530,-179.405,269.372,4.0,6.0,6.0,0.575479476753547,0.9562911162097578,0.8148148148148148,0.943104514533086,0.3890689107514139,14.437899178694867
1531,-192.114,260.46,4.0,6.0,6.0,0.5828242181392449,0.9562911520147745,0.9506172839506173,0.951497482109727,0.4637980349850781,17.21101091181703
1532,-204.38,250.95,4.0,6.0,6.0,0.59056115017007,0.9562911698842145,1.0,0.9533887629125725,0.4953508077224118,18.381897968071605
1533,-216.177,240.862,4.0,6.0,6.0,0.5986590632585632,0.9562911837978852,1.0,0.9523809523809523,0.5016123748107384,18.614257511133772
1534,-227.477,230.221,4.0,6.0,6.0,0.6070841287678567,0.9562911058427773,1.0,0.9538926681783825,0.509479053977481,18.906180914782787
1535,-238.253,219.05,4.0,6.0,6.0,0.6158045005301037,0.9562911215377657,0.9753086419753086,0.9622836476362697,0.5084707649604945,18.868764470631234
1536,-248.481,207.375,4.0,6.0,6.0,0.6247882190510696,0.9562911524249844,0.8765432098765432,0.9652198907732107,0.4650615019777935,17.257896716753756
1537,-258.138,195.223,4.0,6.0,6.0,0.6340038954561182,0.9562911447572036,0.7037037037037037,0.9681346222699606,0.38001039459424035,14.101748076996039
1538,-267.201,182.622,4.0,6.0,6.0,0.6434206495605365,0.9562911569358792,0.7777777777777778,0.9533527696793003,0.41974170768796015,15.576131346469854
1539,-275.65,169.601,4.0,6.0,6.0,0.653008718101476,0.9562911172640433,0.8518518518518519,0.9556344276841171,0.4676842963393914,17.35522559478224
1540,-283.464,156.19,4.0,6.0,6.0,0.6627388409962061,0.9562911591187935,1.0,0.9531368102796675,0.5557450900351708,20.623060227264222
1541,-290.627,142.42,4.0,6.0,6.0,0.6725831042299084,0.956291103460263,1.0,0.9531368102796675,0.5640000448733617,20.92939209389499
1542,-297.121,128.322,4.0,6.0,6.0,0.6825146875627575,0.9562911168516335,1.0,0.9536407155454775,0.572630842097535,21.24967103860355
1543,-302.931,113.929,4.0,6.0,6.0,0.6925071546428644,0.9562911823159416,1.0,0.9526329050138574,0.580400558627499,21.537996270475734
1544,-308.045,99.274,4.0,6.0,6.0,0.7025355487124565,0.9562911758250322,0.9259259259259259,0.9621768707482993,0.5506522749707637,20.434071725732093
1545,-312.451,84.391,4.0,6.0,6.0,0.7125755196549252,0.9562911099429845,0.7407407407407407,0.967687074829932,0.4493761465421052,16.67583124170696
1546,-316.137,69.313,4.0,6.0,6.0,0.7226048312018825,0.9562912000860684,0.6049382716049383,0.9533527696793003,0.3666431211711374,13.60570395564984
1547,-319.097,54.076,4.0,6.0,6.0,0.7326003977077642,0.9562911663817116,0.8024691358024691,0.9563579277864992,0.4946453395399121,18.355718856322387
1548,-321.323,38.715,4.0,6.0,6.0,0.7425411025798735,0.9562911330039877,0.9382716049382716,0.9524704618689581,0.5838194297277757,21.66486663941736
1549,-322.81,23.265,4.0,6.0,6.0,0.752406912455056,0.9562910961054164,1.0,0.9501133786848073,0.6289355590953172,23.339074239000414
1550,-323.554,7.761,4.0,6.0,6.0,0.7621789077579215,0.956291116896898,1.0,0.9498614260519023,0.6369350176299244,23.63592493206595
1551,-323.554,-7.761,4.0,6.0,6.0,0.7718382969318993,0.956291116896898,1.0,0.9486016628873771,0.6441516952265274,23.903727526068305
1552,-322.81,-23.265,4.0,6.0,6.0,0.7813672481061076,0.9562910961054164,0.9259259259259259,0.9605442176870749,0.6114018511195988,22.6884185299817
1553,-321.323,-38.715,4.0,6.0,6.0,0.7907489088966738,0.9562911330039877,0.8148148148148148,0.9607297464440322,0.5445988399608768,20.20943572439049
1554,-319.097,-54.076,4.0,6.0,6.0,0.7999674699241244,0.9562911663817116,0.5555555555555556,0.9709750566893424,0.3796521528105149,14.088454136996992
1555,-316.137,-69.313,4.0,6.0,6.0,0.8090078645846356,0.9562912000860684,0.7037037037037037,0.9520229144289295,0.47683482790458614,17.694791282296546
1556,-312.451,-84.391,4.0,6.0,6.0,0.8178552056884116,0.9562911099429845,0.8148148148148148,0.9502164502164502,0.557103426275765,20.67346652072671
1557,-308.045,-99.274,4.0,6.0,6.0,0.8264957026327577,0.9562911758250322,1.0,0.9458301839254221,0.6877518144991974,25.521677737053118
1558,-302.931,-113.929,4.0,6.0,6.0,0.8349162936774662,0.9562911823159416,1.0,0.9455782312925171,0.694573773469739,25.774832777448527
1559,-297.121,-128.322,4.0,6.0,6.0,0.8431042314404238,0.9562911168516335,1.0,0.9440665154950869,0.7002640191476478,25.985991240973622
1560,-290.627,-142.42,4.0,6.0,6.0,0.8510481441286373,0.956291103460263,0.9629629629629629,0.9515960230245945,0.6861108290630945,25.460782657478646
1561,-283.464,-156.19,4.0,6.0,6.0,0.8587365645897547,0.9562911591187935,0.8518518518518519,0.9541555752735877,0.6140746757625519,22.787603974130295
1562,-275.65,-169.601,4.0,6.0,6.0,0.8661585651554163,0.9562911172640433,0.6049382716049383,0.963765097875885,0.4442808653942015,16.486751226656512
1563,-267.201,-182.622,4.0,6.0,6.0,0.8733047093357393,0.9562911569358792,0.654320987654321,0.9491721216788602,0.47717710052144285,17.70749262490514
1564,-258.138,-195.223,4.0,6.0,6.0,0.880164897192636,0.9562911447572036,0.8024691358024691,0.9469387755102041,0.588426528141368,21.835830755448388
1565,-248.481,-207.375,4.0,6.0,6.0,0.8867304584975118,0.9562911524249844,0.9382716049382716,0.9430719656283566,0.6903081483253417,25.61654034115499
1566,-238.253,-219.05,4.0,6.0,6.0,0.8929926566137949,0.9562911215377657,1.0,0.9385235575711767,0.7373454705538055,27.362041195126462
1567,-227.477,-230.221,4.0,6.0,6.0,0.8989437404158905,0.9562911058427773,1.0,0.9387755102040817,0.7424585420590158,27.551781389847008
1568,-216.177,-240.862,4.0,6.0,6.0,0.9045765363933245,0.9562911837978852,1.0,0.9387755102040817,0.7471108601625456,27.724423556491097
1569,-204.38,-250.95,4.0,6.0,6.0,0.9098839713817728,0.9562911698842145,0.8518518518518519,0.9494232475598935,0.6474226976079562,24.025110657157168
1570,-192.114,-260.46,4.0,6.0,6.0,0.9148590893447954,0.9562911520147745,0.654320987654321,0.9549480169426261,0.5029244551020448,18.66294729959219
1571,-179.405,-269.372,4.0,6.0,6.0,0.9194968256515865,0.9562911162097578,0.6049382716049383,0.9471053727613494,0.46348698600362026,17.19946824235714
1572,-166.284,-277.663,4.0,6.0,6.0,0.9237909428358128,0.9562911662182562,0.7530864197530864,0.944463031114085,0.5780713564417053,21.451562259954724
1573,-152.78,-285.317,4.0,6.0,6.0,0.9277368912834423,0.9562911019891679,0.9012345679012346,0.9426894045289349,0.6934405526865509,25.732780259339915
1574,-138.925,-292.313,4.0,6.0,6.0,0.9313297325022324,0.9562911763762227,1.0,0.9355001259763165,0.7665231827294591,28.444792489346987
1575,-124.75,-298.638,4.0,6.0,6.0,0.9345655597398936,0.9562911493510822,1.0,0.9347442680776014,0.7685649006089629,28.520558288363627
1576,-110.288,-304.276,4.0,6.0,6.0,0.937440542736196,0.9562911321291881,1.0,0.9352481733434115,0.771344800889308,28.623717186094453
1577,-95.573,-309.214,4.0,6.0,6.0,0.9399512816521823,0.956291105566947,0.8518518518518519,0.9452824608104111,0.6658999156886339,24.710778939509417
1578,-80.638,-313.44,4.0,6.0,6.0,0.9420951696350962,0.9562911645807165,0.7037037037037037,0.9470103831006087,0.5523537732380737,20.497212366778687
1579,-65.517,-316.946,4.0,6.0,6.0,0.943869697288524,0.9562911451608123,0.5555555555555556,0.963265306122449,0.4443891211372232,16.490768472599505
1580,-50.246,-319.723,4.0,6.0,6.0,0.9452727745812015,0.9562911116776514,0.7037037037037037,0.9466523451485858,0.5540072499869602,20.558570984584033
1581,-34.859,-321.764,4.0,6.0,6.0,0.9463030311199794,0.9562911487172215,0.8518518518518519,0.9417332150251405,0.6678826393130061,24.784355529663113
1582,-19.392,-323.065,4.0,6.0,6.0,0.9469591924680587,0.9562911766441954,1.0,0.9324766943814563,0.7768679887785442,28.82867632748607
1583,-3.881,-323.623,4.0,6.0,6.0,0.9472405380067441,0.956291197956117,1.0,0.9339884101788863,0.7783586365789736,28.883992550547884
1584,11.64,-323.437,4.0,6.0,6.0,0.947146737831404,0.9562911862817797,1.0,0.9352481733434115,0.7793312961950803,28.920086828667962
1585,27.134,-322.507,4.0,6.0,6.0,0.9466779155852436,0.9562911805551807,0.9012345679012346,0.9426894045289349,0.707598153205494,26.258152508975506
1586,42.565,-320.836,4.0,6.0,6.0,0.9458345551509558,0.956291102109873,0.7530864197530864,0.9461358313817331,0.5929136174832157,22.002341473044083
1587,57.898,-318.426,4.0,6.0,6.0,0.9446177840719264,0.9562911370391307,0.6049382716049383,0.9479383590170762,0.47656839179058635,17.684904144966396
1588,73.099,-315.284,4.0,6.0,6.0,0.9430286483793446,0.9562911105441533,0.654320987654321,0.947631882941856,0.5144383626110764,19.090215146429816
1589,88.131,-311.416,4.0,6.0,6.0,0.9410692648188905,0.9562911838224035,0.8024691358024691,0.9428571428571428,0.6264318090321546,23.246162957780907
1590,102.96,-306.833,4.0,6.0,6.0,0.9387416447000676,0.9562911440159968,0.9506172839506173,0.9408958388550225,0.7387054445742027,27.41250826471117
1591,117.553,-301.544,4.0,6.0,6.0,0.9360483202746412,0.9562911062553442,1.0,0.9317208364827413,0.7672943853640812,28.473410930906645
1592,131.875,-295.561,4.0,6.0,6.0,0.932992622299248,0.9562911331938472,1.0,0.9314688838498363,0.7645827887441394,28.37278670334655
1593,145.894,-288.898,4.0,6.0,6.0,0.9295778143943858,0.9562911656815254,0.9506172839506173,0.9387755102040817,0.729845910963278,27.08374117613103
1594,159.578,-281.571,4.0,6.0,6.0,0.9258077378049474,0.9562911259988337,0.8024691358024691,0.9416012558869702,0.6154519133220246,22.838711673767296
1595,172.894,-273.596,4.0,6.0,6.0,0.9216871768138585,0.9562911668112534,0.654320987654321,0.9449364651520986,0.5013661123623899,18.60511899530148
1596,185.813,-264.992,4.0,6.0,6.0,0.9172205107691374,0.9562911472310359,0.6049382716049383,0.9529362765514369,0.4651860061838225,17.262516924445237
1597,198.304,-255.779,4.0,6.0,6.0,0.9124134455117521,0.9562911248779086,0.7530864197530864,0.9491468718634996,0.5737832498207227,21.292435561957525
1598,210.339,-245.977,4.0,6.0,6.0,0.9072713789962763,0.9562911553382608,0.9012345679012346,0.9485602460162147,0.6823668776600387,25.321848932903077
1599,221.891,-235.609,4.0,6.0,6.0,0.9018002842789758,0.956291149473988,1.0,0.9380196523053665,0.7442181697326976,27.617079146215136
1600,232.932,-224.7,4.0,6.0,6.0,0.8960075294514955,0.9562911196336709,1.0,0.9375157470395565,0.7390404008891902,27.424938107783746
1601,243.437,-213.274,4.0,6.0,6.0,0.8898999984070366,0.9562911250683966,1.0,0.9387755102040817,0.7349891199789235,27.274599739153786
1602,253.383,-201.357,4.0,6.0,6.0,0.8834848510603606,0.9562910914197594,0.8765432098765432,0.9430870939925265,0.6425429694141128,23.844029563974782
1603,262.745,-188.977,4.0,6.0,6.0,0.8767711606454398,0.956291145577466,0.7037037037037037,0.9480844969566774,0.5146371105994038,19.097590455374178
1604,271.503,-176.162,4.0,6.0,6.0,0.869766932930131,0.956291194661388,0.5555555555555556,0.9673469387755103,0.4112355332443472,15.260477009617064
1605,279.637,-162.942,4.0,6.0,6.0,0.8624815037073812,0.9562911918512108,0.7037037037037037,0.9548872180451128,0.5098820109300745,18.921134183199076
1606,287.128,-149.348,4.0,6.0,6.0,0.8549250136037861,0.9562911342717084,0.8888888888888888,0.9546485260770975,0.6382590253572933,23.685057333939554
1607,293.958,-135.41,4.0,6.0,6.0,0.8471076463146925,0.9562911562162043,1.0,0.9433106575963719,0.7030258753295254,26.08848054299211
1608,300.112,-121.16,4.0,6.0,6.0,0.8390400230605812,0.9562911901206257,1.0,0.9433106575963719,0.6963304724352891,25.840021852830947
1609,305.576,-106.632,4.0,6.0,6.0,0.8307341675729468,0.9562911717230875,1.0,0.9425547996976569,0.6888848855042866,25.56372469706898
1610,310.337,-91.859,4.0,6.0,6.0,0.8222022474401716,0.9562911631966898,0.9382716049382716,0.9449516648764769,0.6413495545652912,23.799743313417352
1611,314.385,-76.874,4.0,6.0,6.0,0.8134563171812359,0.9562910986553144,0.8024691358024691,0.9513343799058085,0.5463534708757092,20.274548056792597
1612,317.709,-61.712,4.0,6.0,6.0,0.8045105902399363,0.9562911238770602,0.6049382716049383,0.9546022490628905,0.4087363212450758,15.16773413072197
1613,320.302,-46.409,4.0,6.0,6.0,0.7953796629095036,0.9562911573759513,0.7407407407407407,0.9649659863945578,0.5001850264040731,18.561290255671228
1614,322.159,-30.999,4.0,6.0,6.0,0.786077564148183,0.956291127074337,0.8518518518518519,0.9577048210588583,0.564207818494791,20.937102333688742
1615,323.275,-15.517,4.0,6.0,6.0,0.776619843474771,0.9562911044999313,1.0,0.9486016628873771,0.6481422134975952,24.05181106313927
1616,323.647,0.0,4.0,6.0,6.0,0.7670238193001491,0.9562911237224064,1.0,0.9483497102544721,0.6399636676543176,23.7483146463078
1617,337.032,8.21,4.0,6.0,6.0,0.7598864408536493,0.9549212057979743,1.0,0.9458301839254221,0.6314183945688606,23.431209403886953
1618,336.233,24.609,4.0,6.0,6.0,0.7499118327764702,0.9549211666759694,1.0,0.9480977576215671,0.6246240084941904,23.179077561901014
1619,334.636,40.95,4.0,6.0,6.0,0.739838815789261,0.9549211784366667,1.0,0.9491055681531873,0.6168889441098154,22.892038231241997
1620,332.245,57.194,4.0,6.0,6.0,0.729687797693322,0.9549212177526069,1.0,0.9491055681531873,0.6084248946868542,22.577947105389274
1621,329.066,73.303,4.0,6.0,6.0,0.7194796886623245,0.9549212375352372,1.0,0.9501133786848073,0.6005502486168256,22.285728059134968
1622,325.107,89.237,4.0,6.0,6.0,0.7092379367798087,0.9549212312989293,0.9753086419753086,0.9571170240247998,0.5816402438649156,21.583999561863294
1623,320.377,104.96,4.0,6.0,6.0,0.6989847347444007,0.9549211981848211,0.9753086419753086,0.9578920175665203,0.5736958118614742,21.28919083999405
1624,314.887,120.434,4.0,6.0,6.0,0.6887449083719728,0.9549211760101781,0.9506172839506173,0.9613040021203286,0.5529428027383468,20.51907057313549
1625,308.65,135.622,4.0,6.0,6.0,0.678544079415185,0.9549211792809505,0.9506172839506173,0.9626292075271667,0.5455042762869555,20.243035423640183
1626,301.681,150.489,4.0,6.0,6.0,0.6684081226446121,0.9549211468608877,0.9259259259259259,0.9624489795918367,0.5233003414433708,19.41907297435877
1627,293.996,164.998,4.0,6.0,6.0,0.6583656943490205,0.9549212035569795,0.9259259259259259,0.963265306122449,0.5158752829550594,19.143537605462004
1628,285.614,179.117,4.0,6.0,6.0,0.6484440422474969,0.9549211631383132,0.9012345679012346,0.9647749510763209,0.49532666778998086,18.381002162981588
1629,276.554,192.81,4.0,6.0,6.0,0.6386743479963267,0.9549212301859531,0.9012345679012346,0.9644953871959743,0.48772256109850487,18.09882252147917
1630,266.839,206.046,4.0,6.0,6.0,0.629086700706495,0.9549212008464533,0.8765432098765432,0.964932451853981,0.4674510172540014,17.34656887659611
1631,256.49,218.794,4.0,6.0,6.0,0.6197122419835331,0.9549212116032588,0.8765432098765432,0.964070135096292,0.4600736945907432,17.072804929188663
1632,245.534,231.022,4.0,6.0,6.0,0.6105850482750912,0.9549211852601418,0.8518518518518519,0.9645075421472937,0.44072858686688665,16.354930261745793
1633,233.995,242.703,4.0,6.0,6.0,0.6017369426069596,0.9549211406397922,0.8518518518518519,0.9648033126293996,0.4344750764874579,16.122869693871735
1634,221.901,253.807,4.0,6.0,6.0,0.5932032415376762,0.9549211946763473,0.8271604938271605,0.9631434663417606,0.41518307611549354,15.406965779092666
1635,209.28,264.31,4.0,6.0,6.0,0.5850169587278102,0.9549212176263854,0.8024691358024691,0.963265306122449,0.3972812627798566,14.742650104122477
1636,196.163,274.186,4.0,6.0,6.0,0.5772135436556525,0.9549212190307688,0.8024691358024691,0.9629513343799058,0.3918542495810113,14.541259894724744
1637,182.581,283.412,4.0,6.0,6.0,0.5698273800553496,0.9549211741777875,0.7777777777777778,0.9630709426627794,0.3749837726851504,13.915215927221602
1638,168.566,291.965,4.0,6.0,6.0,0.5628931846537346,0.9549211930920356,0.7777777777777778,0.9611273080660836,0.3696730554834318,13.718141328336566
1639,154.151,299.826,4.0,6.0,6.0,0.5564439644804415,0.9549211775218253,0.7777777777777778,0.9591836734693877,0.3646986006192309,13.533545037516019
1640,139.37,306.975,4.0,6.0,6.0,0.5505128305127834,0.9549212547820132,0.8024691358024691,0.9463108320251178,0.36726959980774254,13.628951856324923
1641,124.259,313.397,4.0,6.0,6.0,0.5451304244882405,0.9549212049606101,0.9012345679012346,0.947441990494828,0.40892744209138693,15.17482640521046
1642,108.853,319.075,4.0,6.0,6.0,0.5403265805503433,0.9549212271442998,0.9012345679012346,0.947441990494828,0.4053238668871532,15.0411018796988
1643,93.189,323.997,4.0,6.0,6.0,0.536127964418183,0.9549211647864111,0.9012345679012346,0.948280682135868,0.4025302766346471,14.937434962868124
1644,77.304,328.149,4.0,6.0,6.0,0.5325596720767973,0.9549212507062128,0.9012345679012346,0.9488398098965614,0.40008696409710376,14.84676644861711
1645,61.236,331.524,4.0,6.0,6.0,0.5296421139629106,0.9549212002093285,0.9012345679012346,0.950796757058988,0.3987157632773747,14.795882765439346
1646,45.022,334.112,4.0,6.0,6.0,0.527393555639957,0.9549212304850334,0.9012345679012346,0.9505171931786414,0.3969063189976712,14.728736372196643
1647,28.701,335.908,4.0,6.0,6.0,0.5258276983054385,0.9549212120050914,0.9012345679012346,0.9516354487000279,0.396193439218932,14.702282224647078
1648,12.313,336.907,4.0,6.0,6.0,0.5249546342105329,0.9549212112900369,0.8888888888888888,0.95578231292517,0.3918173009174028,14.539888772372828
1649,-4.105,337.107,4.0,6.0,6.0,0.5247797105428028,0.9549212046922203,1.0,0.9576719576719577,0.44151876976100984,16.384253038875546
1650,-20.513,336.507,4.0,6.0,6.0,0.5253042135263316,0.9549212402352356,0.8888888888888888,0.9543650793650794,0.39149685950004104,14.527997560434018
1651,-36.873,335.11,4.0,6.0,6.0,0.5265244169753052,0.9549211520741702,0.9012345679012346,0.9502376292982947,0.3961356445367365,14.700137530554219
1652,-53.144,332.917,4.0,6.0,6.0,0.5284331067438223,0.9549211997048941,0.9012345679012346,0.949958065417948,0.39745471798719867,14.749086827094732
1653,-69.29,329.935,4.0,6.0,6.0,0.5310180454565735,0.9549211704137145,0.9012345679012346,0.948280682135868,0.3986937003504641,14.795064035632057
1654,-85.272,326.17,4.0,6.0,6.0,0.5342636280655323,0.9549211742411238,0.9012345679012346,0.9477215543751747,0.4008940024557074,14.87671471262092
1655,-101.051,321.631,4.0,6.0,6.0,0.5381501235366598,0.9549212311268226,0.9012345679012346,0.948280682135868,0.4040485621421308,14.993776789407766
1656,-116.591,316.33,4.0,6.0,6.0,0.542654465457127,0.9549211821699,0.9012345679012346,0.947441990494828,0.4070701014551293,15.105902633339326
1657,-131.854,310.278,4.0,6.0,6.0,0.5477511983402381,0.9549212146024857,0.9012345679012346,0.9480011182555214,0.41113589594967787,15.256779584366367
1658,-146.804,303.491,4.0,6.0,6.0,0.5534114810912449,0.9549211714409364,0.7777777777777778,0.9575639779721412,0.3620985994978411,13.437061990380178
1659,-161.406,295.983,4.0,6.0,6.0,0.5596058804446074,0.9549212268598125,0.7777777777777778,0.9598315516682864,0.36701870351804233,13.619641383976967
1660,-175.626,287.774,4.0,6.0,6.0,0.5663017390950097,0.9549211465494718,0.7777777777777778,0.9608033689666343,0.37178621347035773,13.796558187460484
1661,-189.428,278.881,4.0,6.0,6.0,0.5734664140196765,0.9549212650392156,0.8024691358024691,0.9610675039246468,0.3885488344928789,14.41859974772399
1662,-202.782,269.328,4.0,6.0,6.0,0.5810652658016071,0.954921185039292,0.8024691358024691,0.9623233908948194,0.39421182829682166,14.628746925592793
1663,-215.654,259.136,4.0,6.0,6.0,0.5890639925099176,0.9549211845723181,0.8271604938271605,0.9634480657934815,0.41241639820244547,15.30429754818374
1664,-228.015,248.329,4.0,6.0,6.0,0.5974284128921978,0.9549211818261385,0.8271604938271605,0.9634480657934815,0.41827250800104654,15.521611038198342
1665,-239.835,236.933,4.0,6.0,6.0,0.6061236485572262,0.9549211906649441,0.8518518518518519,0.9645075421472937,0.43750829038782574,16.23542876829469
1666,-251.087,224.975,4.0,6.0,6.0,0.6151157298955175,0.9549211367343073,0.8518518518518519,0.9645075421472937,0.4439988718786556,16.476286772072786
1667,-261.742,212.483,4.0,6.0,6.0,0.6243707103809399,0.9549212168210652,0.8765432098765432,0.9643575740155217,0.463670341780721,17.206272364070433
1668,-271.777,199.487,4.0,6.0,6.0,0.6338558764328058,0.9549212317081338,0.8765432098765432,0.9637826961770624,0.47043362103121106,17.45724986763747
1669,-281.167,186.019,4.0,6.0,6.0,0.6435381171790272,0.9549212092392014,0.9012345679012346,0.9644953871959743,0.49143675924180374,18.236652136852648
1670,-289.891,172.109,4.0,6.0,6.0,0.6533875486594017,0.9549211566577013,0.9259259259259259,0.9654421768707483,0.5131315392415162,19.041720436282883
1671,-297.926,157.79,4.0,6.0,6.0,0.6633736186883282,0.9549212641018052,0.9259259259259259,0.963265306122449,0.5197993727206237,19.28915605720092
1672,-305.256,143.098,4.0,6.0,6.0,0.6734661925240492,0.9549211621672067,0.9506172839506173,0.9634243307712695,0.541869193293129,20.108141680344954
1673,-311.861,128.066,4.0,6.0,6.0,0.6836380003566862,0.9549211741218229,0.9506172839506173,0.9628942486085343,0.5497507681392879,20.400617845501426
1674,-317.726,112.73,4.0,6.0,6.0,0.6938618588294013,0.9549212222185013,0.9753086419753086,0.9586670111082408,0.5699519492002724,21.150260408526474
1675,-322.838,97.127,4.0,6.0,6.0,0.7041114128314157,0.9549211974861652,0.9753086419753086,0.9576336863859468,0.5777477093103558,21.439552087661923
1676,-327.184,81.294,4.0,6.0,6.0,0.7143617313846684,0.9549211890735618,1.0,0.9496094734189973,0.5959620113836925,22.115463859787944
1677,-330.754,65.268,4.0,6.0,6.0,0.7245893432390218,0.9549211836504058,1.0,0.9501133786848073,0.6048152470868562,22.443997240264512
1678,-333.539,49.087,4.0,6.0,6.0,0.7347714915157517,0.9549212321305773,1.0,0.9488536155202821,0.6125011262087091,22.729211362479095
1679,-335.534,32.789,4.0,6.0,6.0,0.7448864978644689,0.9549211741218229,1.0,0.9483497102544721,0.6206031401119602,23.029867767159708
1680,-336.732,16.414,4.0,6.0,6.0,0.7549129186798276,0.9549212229340072,1.0,0.9470899470899471,0.6281212078427247,23.3088546019231
1681,-337.132,0.0,4.0,6.0,6.0,0.764831242881712,0.9549212039475288,1.0,0.9460821365583271,0.6356965097774973,23.589965332079327
1682,-336.732,-16.414,4.0,6.0,6.0,0.7746226404962913,0.9549212229340072,1.0,0.9470899470899471,0.6445205751965795,23.9174162369097
1683,-335.534,-32.789,4.0,6.0,6.0,0.7842688470388763,0.9549211741218229,1.0,0.9473418997228521,0.6527202115830456,24.221695299508447
1684,-333.539,-49.087,4.0,6.0,6.0,0.7937535188606045,0.9549212321305773,1.0,0.9453262786596119,0.6592084588220373,24.46246668188924
1685,-330.754,-65.268,4.0,6.0,6.0,0.8030590562714327,0.9549211836504058,1.0,0.9435626102292769,0.6656923440254167,24.703076194152313
1686,-327.184,-81.294,4.0,6.0,6.0,0.8121704910751066,0.9549211890735618,1.0,0.9438145628621819,0.673425004222606,24.990026308193826
1687,-322.838,-97.127,4.0,6.0,6.0,0.8210729248623834,0.9549211974861652,1.0,0.9450743260267069,0.6817153263616587,25.29767061462627
1688,-317.726,-112.73,4.0,6.0,6.0,0.829752654372053,0.9549212222185013,1.0,0.9440665154950869,0.6881872419761631,25.537835949231834
1689,-311.861,-128.066,4.0,6.0,6.0,0.8381960412724421,0.9549211741218229,1.0,0.9423028470647519,0.6938913271887723,25.749507981950366
1690,-305.256,-143.098,4.0,6.0,6.0,0.8463904241736433,0.9549211621672067,1.0,0.9407911312673217,0.6995508702633095,25.95952710722521
1691,-297.926,-157.79,4.0,6.0,6.0,0.8543239354377825,0.9549212641018052,1.0,0.9397833207357017,0.7053516694919448,26.174788085690793
1692,-289.891,-172.109,4.0,6.0,6.0,0.8619850043993142,0.9549211566577013,1.0,0.9395313681027967,0.7114859656355053,26.402424750573456
1693,-281.167,-186.019,4.0,6.0,6.0,0.8693632019684696,0.9549212092392014,1.0,0.9390274628369867,0.7171911373185061,26.614137100956906
1694,-271.777,-199.487,4.0,6.0,6.0,0.8764476706351743,0.9549212317081338,0.9382716049382716,0.9414607948442535,0.6801617121667334,25.240017781184502
1695,-261.742,-212.483,4.0,6.0,6.0,0.8832298325298353,0.9549212168210652,0.9382716049382716,0.9406552094522019,0.6848384539653609,25.41356628302436
1696,-251.087,-224.975,4.0,6.0,6.0,0.8896999388412943,0.9549211367343073,0.8765432098765432,0.94021270480023,0.644166802769841,23.90428814960098
1697,-239.835,-236.933,4.0,6.0,6.0,0.895850277683202,0.9549211906649441,0.8765432098765432,0.9405001437194597,0.6488181450102891,24.076894103090034
1698,-228.015,-248.329,4.0,6.0,6.0,0.9016722503424721,0.9549211818261385,0.8148148148148148,0.9393939393939394,0.6063323345617051,22.500294609192878
1699,-215.654,-259.136,4.0,6.0,6.0,0.9071588511847997,0.9549211845723181,0.8148148148148148,0.9400123685837971,0.6104234126220625,22.652109804227436
1700,-202.782,-269.328,4.0,6.0,6.0,0.9123029801780647,0.954921185039292,0.8148148148148148,0.9397031539888683,0.613682940081961,22.773067114194234
1701,-189.428,-278.881,4.0,6.0,6.0,0.9170988065949028,0.9549212650392156,0.7530864197530864,0.9401137504182001,0.5704226230277082,21.167726572177138
1702,-175.626,-287.774,4.0,6.0,6.0,0.9215398684000592,0.9549211465494718,0.8024691358024691,0.9406593406593406,0.6111251783866986,22.678151523513893
1703,-161.406,-295.983,4.0,6.0,6.0,0.9256214275260164,0.9549212268598125,0.7530864197530864,0.9407828705252593,0.5761333186074301,21.379643908005914
1704,-146.804,-303.491,4.0,6.0,6.0,0.9293380649987059,0.9549211714409364,0.7530864197530864,0.9411174305787889,0.578652333256311,21.473121640420867
1705,-131.854,-310.278,4.0,6.0,6.0,0.9326855500531264,0.9549212146024857,0.7037037037037037,0.9402076620121733,0.5421309982647328,20.11785696131458
1706,-116.591,-316.33,4.0,6.0,6.0,0.9356600281691863,0.9549211821699,0.7037037037037037,0.9405656999641963,0.5440670250216602,20.18970068449922
1707,-101.051,-321.631,4.0,6.0,6.0,0.9382580845581866,0.9549212311268226,0.7037037037037037,0.9409237379162191,0.5457854501609272,20.253469462269084
1708,-85.272,-326.17,4.0,6.0,6.0,0.9404764193890696,0.9549211742411238,0.654320987654321,0.941470927993839,0.5089803619746588,18.887675028912692
1709,-69.29,-329.935,4.0,6.0,6.0,0.9423127596510159,0.9549211704137145,0.654320987654321,0.9418559876780901,0.510182754983107,18.93229444863352
1710,-53.144,-332.917,4.0,6.0,6.0,0.9437648498489973,0.9549211997048941,0.6049382716049383,0.9437734277384423,0.4733669875894529,17.566103722190523
1711,-36.873,-335.11,4.0,6.0,6.0,0.944830912495314,0.9549211520741702,0.6049382716049383,0.9446064139941691,0.47431994376987985,17.60146682850541
1712,-20.513,-336.507,4.0,6.0,6.0,0.9455100819265091,0.9549212402352356,0.6049382716049383,0.9433569346105789,0.47403308291553353,17.590821752584624
1713,-4.105,-337.107,4.0,6.0,6.0,0.9458012048523055,0.9549212046922203,0.5555555555555556,0.9587301587301588,0.44256708555610763,16.423154830663083
1714,12.313,-336.907,4.0,6.0,6.0,0.945704143439196,0.9549212112900369,0.5555555555555556,0.9573696145124716,0.4418936836042633,16.398165659802096
1715,28.701,-335.908,4.0,6.0,6.0,0.9452189851951389,0.9549212120050914,0.6049382716049383,0.9396084964598084,0.4720041318593202,17.51552971567646
1716,45.022,-334.112,4.0,6.0,6.0,0.9443462411297407,0.9549212304850334,0.6049382716049383,0.941274468971262,0.4724044419536588,17.530384762231353
1717,61.236,-331.524,4.0,6.0,6.0,0.9430868855072119,0.9549212002093285,0.654320987654321,0.9407008086253369,0.5099756454122237,18.92460885099073
1718,77.304,-328.149,4.0,6.0,6.0,0.941442551070345,0.9549212507062128,0.654320987654321,0.9395456295725837,0.5084613386407081,18.868414670760462
1719,93.189,-323.997,4.0,6.0,6.0,0.9394148608363317,0.9549211647864111,0.654320987654321,0.9391605698883327,0.5071582259214215,18.820057658571546
1720,108.853,-319.075,4.0,6.0,6.0,0.9370063800313964,0.9549212271442998,0.7037037037037037,0.9377013963480129,0.543190695707666,20.15718111294479
1721,124.259,-313.397,4.0,6.0,6.0,0.9342197200144575,0.9549212049606101,0.7037037037037037,0.9377013963480129,0.5415752322334509,20.09723312398177
1722,139.37,-306.975,4.0,6.0,6.0,0.9310582817433364,0.9549212547820132,0.7530864197530864,0.9364335898293744,0.5768382550723252,21.405803288327217
1723,154.151,-299.826,4.0,6.0,6.0,0.9275255519971703,0.9549211775218253,0.7530864197530864,0.936768149882904,0.574854806991987,21.33219981444699
1724,168.566,-291.965,4.0,6.0,6.0,0.923625937007497,0.9549211930920356,0.7530864197530864,0.9387755102040817,0.5736645950254846,21.288032419163596
1725,182.581,-283.412,4.0,6.0,6.0,0.9193640608270386,0.9549211741777875,0.7777777777777778,0.9365079365079365,0.5883149248803371,21.83168928696748
1726,196.163,-274.186,4.0,6.0,6.0,0.9147449133621917,0.9549212190307688,0.7530864197530864,0.9381063900970225,0.5677436489447627,21.068312929392874
1727,209.28,-264.31,4.0,6.0,6.0,0.9097740834192515,0.9549212176263854,0.8148148148148148,0.9393939393939394,0.6117804605768844,22.702468290888664
1728,221.901,-253.807,4.0,6.0,6.0,0.9044575891459324,0.9549211946763473,0.8148148148148148,0.9393939393939394,0.6082053525661462,22.569800150141326
1729,233.995,-242.703,4.0,6.0,6.0,0.8988025437821672,0.9549211406397922,0.8765432098765432,0.9399252658810003,0.6505583899163306,24.141472587274595
1730,245.534,-231.022,4.0,6.0,6.0,0.8928154740091185,0.9549211852601418,0.8765432098765432,0.9390629491233113,0.6456320780585204,23.95866282797384
1731,256.49,-218.794,4.0,6.0,6.0,0.8865046156191644,0.9549212116032588,0.9382716049382716,0.9406552094522019,0.6873776504327263,25.507792939479423
1732,266.839,-206.046,4.0,6.0,6.0,0.8798770189667653,0.9549212008464533,0.9382716049382716,0.9406552094522019,0.6822387390863051,25.31709385801186
1733,276.554,-192.81,4.0,6.0,6.0,0.872942645002295,0.9549212301859531,1.0,0.9375157470395565,0.7189847145558013,26.680694686530263
1734,285.614,-179.117,4.0,6.0,6.0,0.8657099925907971,0.9549211631383132,1.0,0.9390274628369867,0.714177345894155,26.502298772249638
1735,293.996,-164.998,4.0,6.0,6.0,0.8581889482121488,0.9549212035569795,1.0,0.9395313681027967,0.708352720045245,26.286153615347306
1736,301.681,-150.489,4.0,6.0,6.0,0.850390481959995,0.9549211468608877,1.0,0.9397833207357017,0.702104023597853,26.05427168694682
1737,308.65,-135.622,4.0,6.0,6.0,0.8423250416694822,0.9549211792809505,1.0,0.9402872260015117,0.6958179072154806,25.82100114785658
1738,314.887,-120.434,4.0,6.0,6.0,0.8340047837139744,0.9549211760101781,1.0,0.9410430839002267,0.6894986187292785,25.58649963019827
1739,320.377,-104.96,4.0,6.0,6.0,0.8254416838999707,0.9549211981848211,1.0,0.9410430839002267,0.6824192441347667,25.323792192468606
1740,325.107,-89.237,4.0,6.0,6.0,0.8166488465353374,0.9549212312989293,1.0,0.9433106575963719,0.6767768128424927,25.114408065725527
1741,329.066,-73.303,4.0,6.0,6.0,0.8076402643552383,0.9549212375352372,1.0,0.9428067523305619,0.6689536474631108,24.82409940860967
1742,332.245,-57.194,4.0,6.0,6.0,0.7984293602785539,0.9549212177526069,1.0,0.9435626102292769,0.6618546011193371,24.560661974921288
1743,334.636,-40.95,4.0,6.0,6.0,0.7890323606747701,0.9549211784366667,1.0,0.9445704207608969,0.6547635723562614,24.29752206441858
1744,336.233,-24.609,4.0,6.0,6.0,0.7794650261483689,0.9549211666759694,1.0,0.9443184681279919,0.6466517604048645,23.996502065455903
1745,337.032,-8.21,4.0,6.0,6.0,0.7697442860672086,0.9549212057979743,1.0,0.9448223733938019,0.6389281277993271,23.70988695494331
