mirror_id,zone,width_m,height_m,installation_height_m,x_m,y_m
1,4,6.36,6.36,3.23,-72.79999999999973,-339.99740658628974
2,4,6.36,6.36,3.23,-61.249999999999716,-339.99740658628974
3,4,6.36,6.36,3.23,-49.699999999999704,-339.99740658628974
4,4,6.36,6.36,3.23,-38.14999999999969,-339.99740658628974
5,4,6.36,6.36,3.23,-26.59999999999968,-339.99740658628974
6,4,6.36,6.36,3.23,-15.04999999999967,-339.99740658628974
7,4,6.36,6.36,3.23,-3.499999999999659,-339.99740658628974
8,4,6.36,6.36,3.23,8.050000000000352,-339.99740658628974
9,4,6.36,6.36,3.23,19.600000000000364,-339.99740658628974
10,4,6.36,6.36,3.23,31.150000000000375,-339.99740658628974
11,4,6.36,6.36,3.23,42.70000000000039,-339.99740658628974
12,4,6.36,6.36,3.23,54.2500000000004,-339.99740658628974
13,4,6.36,6.36,3.23,65.80000000000041,-339.99740658628974
14,4,6.36,6.36,3.23,77.35000000000042,-339.99740658628974
15,4,6.36,6.36,3.23,-113.22499999999977,-329.9948131725795
16,4,6.36,6.36,3.23,-101.67499999999976,-329.9948131725795
17,4,6.36,6.36,3.23,-90.12499999999974,-329.9948131725795
18,4,6.36,6.36,3.23,-78.57499999999973,-329.9948131725795
19,4,6.36,6.36,3.23,-67.02499999999972,-329.9948131725795
20,4,6.36,6.36,3.23,-55.47499999999972,-329.9948131725795
21,4,6.36,6.36,3.23,-43.924999999999706,-329.9948131725795
22,4,6.36,6.36,3.23,-32.374999999999694,-329.9948131725795
23,4,6.36,6.36,3.23,-20.824999999999683,-329.9948131725795
24,4,6.36,6.36,3.23,-9.27499999999967,-329.9948131725795
25,4,6.36,6.36,3.23,2.2750000000003414,-329.9948131725795
26,4,6.36,6.36,3.23,13.825000000000353,-329.9948131725795
27,4,6.36,6.36,3.23,25.375000000000362,-329.9948131725795
28,4,6.36,6.36,3.23,36.925000000000374,-329.9948131725795
29,4,6.36,6.36,3.23,48.475000000000385,-329.9948131725795
30,4,6.36,6.36,3.23,60.0250000000004,-329.9948131725795
31,4,6.36,6.36,3.23,71.57500000000041,-329.9948131725795
32,4,6.36,6.36,3.23,83.12500000000043,-329.9948131725795
33,4,6.36,6.36,3.23,94.67500000000044,-329.9948131725795
34,4,6.36,6.36,3.23,106.22500000000045,-329.9948131725795
35,4,6.36,6.36,3.23,-130.54999999999978,-319.9922197588692
36,4,6.36,6.36,3.23,-118.99999999999977,-319.9922197588692
37,4,6.36,6.36,3.23,-107.44999999999976,-319.9922197588692
38,4,6.36,6.36,3.23,-95.89999999999975,-319.9922197588692
39,4,6.36,6.36,3.23,-84.34999999999974,-319.9922197588692
40,4,6.36,6.36,3.23,-72.79999999999973,-319.9922197588692
41,4,6.36,6.36,3.23,-61.249999999999716,-319.9922197588692
42,4,6.36,6.36,3.23,-49.699999999999704,-319.9922197588692
43,4,6.36,6.36,3.23,-38.14999999999969,-319.9922197588692
44,4,6.36,6.36,3.23,-26.59999999999968,-319.9922197588692
45,4,6.36,6.36,3.23,-15.04999999999967,-319.9922197588692
46,4,6.36,6.36,3.23,-3.499999999999659,-319.9922197588692
47,4,6.36,6.36,3.23,8.050000000000352,-319.9922197588692
48,4,6.36,6.36,3.23,19.600000000000364,-319.9922197588692
49,4,6.36,6.36,3.23,31.150000000000375,-319.9922197588692
50,4,6.36,6.36,3.23,42.70000000000039,-319.9922197588692
51,4,6.36,6.36,3.23,54.2500000000004,-319.9922197588692
52,4,6.36,6.36,3.23,65.80000000000041,-319.9922197588692
53,4,6.36,6.36,3.23,77.35000000000042,-319.9922197588692
54,4,6.36,6.36,3.23,88.90000000000043,-319.9922197588692
55,4,6.36,6.36,3.23,100.45000000000044,-319.9922197588692
56,4,6.36,6.36,3.23,112.00000000000045,-319.9922197588692
57,4,6.36,6.36,3.23,123.55000000000047,-319.9922197588692
58,4,6.36,6.36,3.23,135.10000000000048,-319.9922197588692
59,4,6.36,6.36,3.23,-159.4249999999998,-309.98962634515897
60,4,6.36,6.36,3.23,-147.8749999999998,-309.98962634515897
61,4,6.36,6.36,3.23,-136.3249999999998,-309.98962634515897
62,4,6.36,6.36,3.23,-124.77499999999978,-309.98962634515897
63,4,6.36,6.36,3.23,-113.22499999999977,-309.98962634515897
64,4,6.36,6.36,3.23,-101.67499999999976,-309.98962634515897
65,4,6.36,6.36,3.23,-90.12499999999974,-309.98962634515897
66,4,6.36,6.36,3.23,-78.57499999999973,-309.98962634515897
67,4,6.36,6.36,3.23,-67.02499999999972,-309.98962634515897
68,4,6.36,6.36,3.23,-55.47499999999972,-309.98962634515897
69,4,6.36,6.36,3.23,-43.924999999999706,-309.98962634515897
70,4,6.36,6.36,3.23,-32.374999999999694,-309.98962634515897
71,4,6.36,6.36,3.23,-20.824999999999683,-309.98962634515897
72,4,6.36,6.36,3.23,-9.27499999999967,-309.98962634515897
73,4,6.36,6.36,3.23,2.2750000000003414,-309.98962634515897
74,4,6.36,6.36,3.23,13.825000000000353,-309.98962634515897
75,4,6.36,6.36,3.23,25.375000000000362,-309.98962634515897
76,4,6.36,6.36,3.23,36.925000000000374,-309.98962634515897
77,4,6.36,6.36,3.23,48.475000000000385,-309.98962634515897
78,4,6.36,6.36,3.23,60.0250000000004,-309.98962634515897
79,4,6.36,6.36,3.23,71.57500000000041,-309.98962634515897
80,4,6.36,6.36,3.23,83.12500000000043,-309.98962634515897
81,4,6.36,6.36,3.23,94.67500000000044,-309.98962634515897
82,4,6.36,6.36,3.23,106.22500000000045,-309.98962634515897
83,4,6.36,6.36,3.23,117.77500000000046,-309.98962634515897
84,4,6.36,6.36,3.23,129.32500000000047,-309.98962634515897
85,4,6.36,6.36,3.23,140.87500000000048,-309.98962634515897
86,4,6.36,6.36,3.23,152.4250000000005,-309.98962634515897
87,4,6.36,6.36,3.23,-176.74999999999983,-299.9870329314487
88,4,6.36,6.36,3.23,-165.19999999999982,-299.9870329314487
89,4,6.36,6.36,3.23,-153.6499999999998,-299.9870329314487
90,4,6.36,6.36,3.23,-142.0999999999998,-299.9870329314487
91,4,6.36,6.36,3.23,-130.54999999999978,-299.9870329314487
92,4,6.36,6.36,3.23,-118.99999999999977,-299.9870329314487
93,4,6.36,6.36,3.23,-107.44999999999976,-299.9870329314487
94,4,6.36,6.36,3.23,-95.89999999999975,-299.9870329314487
95,4,6.36,6.36,3.23,-84.34999999999974,-299.9870329314487
96,4,6.36,6.36,3.23,-72.79999999999973,-299.9870329314487
97,4,6.36,6.36,3.23,-61.249999999999716,-299.9870329314487
98,4,6.36,6.36,3.23,-49.699999999999704,-299.9870329314487
99,4,6.36,6.36,3.23,-38.14999999999969,-299.9870329314487
100,4,6.36,6.36,3.23,-26.59999999999968,-299.9870329314487
101,4,6.36,6.36,3.23,-15.04999999999967,-299.9870329314487
102,4,6.36,6.36,3.23,-3.499999999999659,-299.9870329314487
103,4,6.36,6.36,3.23,8.050000000000352,-299.9870329314487
104,4,6.36,6.36,3.23,19.600000000000364,-299.9870329314487
105,4,6.36,6.36,3.23,31.150000000000375,-299.9870329314487
106,4,6.36,6.36,3.23,42.70000000000039,-299.9870329314487
107,4,6.36,6.36,3.23,54.2500000000004,-299.9870329314487
108,4,6.36,6.36,3.23,65.80000000000041,-299.9870329314487
109,4,6.36,6.36,3.23,77.35000000000042,-299.9870329314487
110,4,6.36,6.36,3.23,88.90000000000043,-299.9870329314487
111,4,6.36,6.36,3.23,100.45000000000044,-299.9870329314487
112,4,6.36,6.36,3.23,112.00000000000045,-299.9870329314487
113,4,6.36,6.36,3.23,123.55000000000047,-299.9870329314487
114,4,6.36,6.36,3.23,135.10000000000048,-299.9870329314487
115,4,6.36,6.36,3.23,146.6500000000005,-299.9870329314487
116,4,6.36,6.36,3.23,158.20000000000044,-299.9870329314487
117,4,6.36,6.36,3.23,169.7500000000005,-299.9870329314487
118,4,6.36,6.36,3.23,-194.07499999999985,-289.98443951773845
119,4,6.36,6.36,3.23,-182.52499999999984,-289.98443951773845
120,4,6.36,6.36,3.23,-170.97499999999982,-289.98443951773845
121,4,6.36,6.36,3.23,-159.4249999999998,-289.98443951773845
122,4,6.36,6.36,3.23,-147.8749999999998,-289.98443951773845
123,4,6.36,6.36,3.23,-136.3249999999998,-289.98443951773845
124,4,6.36,6.36,3.23,-124.77499999999978,-289.98443951773845
125,4,6.36,6.36,3.23,-113.22499999999977,-289.98443951773845
126,4,6.36,6.36,3.23,-101.67499999999976,-289.98443951773845
127,4,6.36,6.36,3.23,-90.12499999999974,-289.98443951773845
128,4,6.36,6.36,3.23,-78.57499999999973,-289.98443951773845
129,4,6.36,6.36,3.23,-67.02499999999972,-289.98443951773845
130,4,6.36,6.36,3.23,-55.47499999999972,-289.98443951773845
131,4,6.36,6.36,3.23,-43.924999999999706,-289.98443951773845
132,4,6.36,6.36,3.23,-32.374999999999694,-289.98443951773845
133,4,6.36,6.36,3.23,-20.824999999999683,-289.98443951773845
134,4,6.36,6.36,3.23,-9.27499999999967,-289.98443951773845
135,4,6.36,6.36,3.23,2.2750000000003414,-289.98443951773845
136,4,6.36,6.36,3.23,13.825000000000353,-289.98443951773845
137,4,6.36,6.36,3.23,25.375000000000362,-289.98443951773845
138,4,6.36,6.36,3.23,36.925000000000374,-289.98443951773845
139,4,6.36,6.36,3.23,48.475000000000385,-289.98443951773845
140,4,6.36,6.36,3.23,60.0250000000004,-289.98443951773845
141,4,6.36,6.36,3.23,71.57500000000041,-289.98443951773845
142,4,6.36,6.36,3.23,83.12500000000043,-289.98443951773845
143,4,6.36,6.36,3.23,94.67500000000044,-289.98443951773845
144,4,6.36,6.36,3.23,106.22500000000045,-289.98443951773845
145,4,6.36,6.36,3.23,117.77500000000046,-289.98443951773845
146,4,6.36,6.36,3.23,129.32500000000047,-289.98443951773845
147,4,6.36,6.36,3.23,140.87500000000048,-289.98443951773845
148,4,6.36,6.36,3.23,152.4250000000005,-289.98443951773845
149,4,6.36,6.36,3.23,163.97500000000045,-289.98443951773845
150,4,6.36,6.36,3.23,175.52500000000052,-289.98443951773845
151,4,6.36,6.36,3.23,187.07500000000059,-289.98443951773845
152,4,6.36,6.36,3.23,-199.84999999999985,-279.9818461040282
153,4,6.36,6.36,3.23,-188.29999999999984,-279.9818461040282
154,4,6.36,6.36,3.23,-176.74999999999983,-279.9818461040282
155,4,6.36,6.36,3.23,-165.19999999999982,-279.9818461040282
156,4,6.36,6.36,3.23,-153.6499999999998,-279.9818461040282
157,4,6.36,6.36,3.23,-142.0999999999998,-279.9818461040282
158,4,6.36,6.36,3.23,-130.54999999999978,-279.9818461040282
159,4,6.36,6.36,3.23,-118.99999999999977,-279.9818461040282
160,4,6.36,6.36,3.23,-107.44999999999976,-279.9818461040282
161,4,6.36,6.36,3.23,-95.89999999999975,-279.9818461040282
162,4,6.36,6.36,3.23,-84.34999999999974,-279.9818461040282
163,4,6.36,6.36,3.23,-72.79999999999973,-279.9818461040282
164,4,6.36,6.36,3.23,-61.249999999999716,-279.9818461040282
165,4,6.36,6.36,3.23,-49.699999999999704,-279.9818461040282
166,4,6.36,6.36,3.23,-38.14999999999969,-279.9818461040282
167,4,6.36,6.36,3.23,-26.59999999999968,-279.9818461040282
168,4,6.36,6.36,3.23,-15.04999999999967,-279.9818461040282
169,4,6.36,6.36,3.23,-3.499999999999659,-279.9818461040282
170,4,6.36,6.36,3.23,8.050000000000352,-279.9818461040282
171,4,6.36,6.36,3.23,19.600000000000364,-279.9818461040282
172,4,6.36,6.36,3.23,31.150000000000375,-279.9818461040282
173,4,6.36,6.36,3.23,42.70000000000039,-279.9818461040282
174,4,6.36,6.36,3.23,54.2500000000004,-279.9818461040282
175,4,6.36,6.36,3.23,65.80000000000041,-279.9818461040282
176,4,6.36,6.36,3.23,77.35000000000042,-279.9818461040282
177,4,6.36,6.36,3.23,88.90000000000043,-279.9818461040282
178,4,6.36,6.36,3.23,100.45000000000044,-279.9818461040282
179,4,6.36,6.36,3.23,112.00000000000045,-279.9818461040282
180,4,6.36,6.36,3.23,123.55000000000047,-279.9818461040282
181,4,6.36,6.36,3.23,135.10000000000048,-279.9818461040282
182,4,6.36,6.36,3.23,146.6500000000005,-279.9818461040282
183,4,6.36,6.36,3.23,158.20000000000044,-279.9818461040282
184,4,6.36,6.36,3.23,169.7500000000005,-279.9818461040282
185,4,6.36,6.36,3.23,181.30000000000058,-279.9818461040282
186,4,6.36,6.36,3.23,192.85000000000053,-279.9818461040282
187,4,6.36,6.36,3.23,204.4000000000005,-279.9818461040282
188,4,6.36,6.36,3.23,-217.17499999999987,-269.97925269031794
189,4,6.36,6.36,3.23,-205.62499999999986,-269.97925269031794
190,4,6.36,6.36,3.23,-194.07499999999985,-269.97925269031794
191,4,6.36,6.36,3.23,-182.52499999999984,-269.97925269031794
192,4,6.36,6.36,3.23,-170.97499999999982,-269.97925269031794
193,4,6.36,6.36,3.23,-159.4249999999998,-269.97925269031794
194,4,6.36,6.36,3.23,-147.8749999999998,-269.97925269031794
195,4,6.36,6.36,3.23,-136.3249999999998,-269.97925269031794
196,4,6.36,6.36,3.23,-124.77499999999978,-269.97925269031794
197,4,6.36,6.36,3.23,-113.22499999999977,-269.97925269031794
198,4,6.36,6.36,3.23,-101.67499999999976,-269.97925269031794
199,4,6.36,6.36,3.23,-90.12499999999974,-269.97925269031794
200,4,6.36,6.36,3.23,-78.57499999999973,-269.97925269031794
201,4,6.36,6.36,3.23,-67.02499999999972,-269.97925269031794
202,4,6.36,6.36,3.23,-55.47499999999972,-269.97925269031794
203,4,6.36,6.36,3.23,-43.924999999999706,-269.97925269031794
204,4,6.36,6.36,3.23,-32.374999999999694,-269.97925269031794
205,4,6.36,6.36,3.23,-20.824999999999683,-269.97925269031794
206,4,6.36,6.36,3.23,-9.27499999999967,-269.97925269031794
207,4,6.36,6.36,3.23,2.2750000000003414,-269.97925269031794
208,4,6.36,6.36,3.23,13.825000000000353,-269.97925269031794
209,4,6.36,6.36,3.23,25.375000000000362,-269.97925269031794
210,4,6.36,6.36,3.23,36.925000000000374,-269.97925269031794
211,4,6.36,6.36,3.23,48.475000000000385,-269.97925269031794
212,4,6.36,6.36,3.23,60.0250000000004,-269.97925269031794
213,4,6.36,6.36,3.23,71.57500000000041,-269.97925269031794
214,4,6.36,6.36,3.23,83.12500000000043,-269.97925269031794
215,4,6.36,6.36,3.23,94.67500000000044,-269.97925269031794
216,4,6.36,6.36,3.23,106.22500000000045,-269.97925269031794
217,4,6.36,6.36,3.23,117.77500000000046,-269.97925269031794
218,4,6.36,6.36,3.23,129.32500000000047,-269.97925269031794
219,4,6.36,6.36,3.23,140.87500000000048,-269.97925269031794
220,4,6.36,6.36,3.23,152.4250000000005,-269.97925269031794
221,4,6.36,6.36,3.23,163.97500000000045,-269.97925269031794
222,4,6.36,6.36,3.23,175.52500000000052,-269.97925269031794
223,4,6.36,6.36,3.23,187.07500000000059,-269.97925269031794
224,4,6.36,6.36,3.23,198.62500000000054,-269.97925269031794
225,4,6.36,6.36,3.23,210.1750000000005,-269.97925269031794
226,4,6.36,6.36,3.23,221.72500000000056,-269.97925269031794
227,4,6.36,6.36,3.23,-222.94999999999987,-259.9766592766077
228,4,6.36,6.36,3.23,-211.39999999999986,-259.9766592766077
229,4,6.36,6.36,3.23,-199.84999999999985,-259.9766592766077
230,4,6.36,6.36,3.23,-188.29999999999984,-259.9766592766077
231,4,6.36,6.36,3.23,-176.74999999999983,-259.9766592766077
232,4,6.36,6.36,3.23,-165.19999999999982,-259.9766592766077
233,4,6.36,6.36,3.23,-153.6499999999998,-259.9766592766077
234,4,6.36,6.36,3.23,-142.0999999999998,-259.9766592766077
235,4,6.36,6.36,3.23,-130.54999999999978,-259.9766592766077
236,4,6.36,6.36,3.23,-118.99999999999977,-259.9766592766077
237,4,6.36,6.36,3.23,-107.44999999999976,-259.9766592766077
238,4,6.36,6.36,3.23,-95.89999999999975,-259.9766592766077
239,4,6.36,6.36,3.23,-84.34999999999974,-259.9766592766077
240,4,6.36,6.36,3.23,-72.79999999999973,-259.9766592766077
241,4,6.36,6.36,3.23,-61.249999999999716,-259.9766592766077
242,4,6.36,6.36,3.23,-49.699999999999704,-259.9766592766077
243,4,6.36,6.36,3.23,-38.14999999999969,-259.9766592766077
244,4,6.36,6.36,3.23,-26.59999999999968,-259.9766592766077
245,4,6.36,6.36,3.23,-15.04999999999967,-259.9766592766077
246,4,6.36,6.36,3.23,-3.499999999999659,-259.9766592766077
247,4,6.36,6.36,3.23,8.050000000000352,-259.9766592766077
248,4,6.36,6.36,3.23,19.600000000000364,-259.9766592766077
249,4,6.36,6.36,3.23,31.150000000000375,-259.9766592766077
250,4,6.36,6.36,3.23,42.70000000000039,-259.9766592766077
251,4,6.36,6.36,3.23,54.2500000000004,-259.9766592766077
252,4,6.36,6.36,3.23,65.80000000000041,-259.9766592766077
253,4,6.36,6.36,3.23,77.35000000000042,-259.9766592766077
254,4,6.36,6.36,3.23,88.90000000000043,-259.9766592766077
255,4,6.36,6.36,3.23,100.45000000000044,-259.9766592766077
256,4,6.36,6.36,3.23,112.00000000000045,-259.9766592766077
257,4,6.36,6.36,3.23,123.55000000000047,-259.9766592766077
258,4,6.36,6.36,3.23,135.10000000000048,-259.9766592766077
259,4,6.36,6.36,3.23,146.6500000000005,-259.9766592766077
260,4,6.36,6.36,3.23,158.20000000000044,-259.9766592766077
261,4,6.36,6.36,3.23,169.7500000000005,-259.9766592766077
262,4,6.36,6.36,3.23,181.30000000000058,-259.9766592766077
263,4,6.36,6.36,3.23,192.85000000000053,-259.9766592766077
264,4,6.36,6.36,3.23,204.4000000000005,-259.9766592766077
265,4,6.36,6.36,3.23,215.95000000000056,-259.9766592766077
266,4,6.36,6.36,3.23,227.50000000000063,-259.9766592766077
267,4,6.36,6.36,3.23,-240.2749999999999,-249.97406586289742
268,4,6.36,6.36,3.23,-228.72499999999988,-249.97406586289742
269,4,6.36,6.36,3.23,-217.17499999999987,-249.97406586289742
270,4,6.36,6.36,3.23,-205.62499999999986,-249.97406586289742
271,4,6.36,6.36,3.23,-194.07499999999985,-249.97406586289742
272,4,6.36,6.36,3.23,-182.52499999999984,-249.97406586289742
273,4,6.36,6.36,3.23,-170.97499999999982,-249.97406586289742
274,4,6.36,6.36,3.23,-159.4249999999998,-249.97406586289742
275,4,6.36,6.36,3.23,-147.8749999999998,-249.97406586289742
276,4,6.36,6.36,3.23,-136.3249999999998,-249.97406586289742
277,4,6.36,6.36,3.23,-124.77499999999978,-249.97406586289742
278,4,6.36,6.36,3.23,-113.22499999999977,-249.97406586289742
279,4,6.36,6.36,3.23,-101.67499999999976,-249.97406586289742
280,4,6.36,6.36,3.23,-90.12499999999974,-249.97406586289742
281,4,6.36,6.36,3.23,-78.57499999999973,-249.97406586289742
282,3,6.42,6.42,3.26,-67.02499999999972,-249.97406586289742
283,3,6.42,6.42,3.26,-55.47499999999972,-249.97406586289742
284,3,6.42,6.42,3.26,-43.924999999999706,-249.97406586289742
285,3,6.42,6.42,3.26,-32.374999999999694,-249.97406586289742
286,3,6.42,6.42,3.26,-20.824999999999683,-249.97406586289742
287,3,6.42,6.42,3.26,-9.27499999999967,-249.97406586289742
288,3,6.42,6.42,3.26,2.2750000000003414,-249.97406586289742
289,3,6.42,6.42,3.26,13.825000000000353,-249.97406586289742
290,3,6.42,6.42,3.26,25.375000000000362,-249.97406586289742
291,3,6.42,6.42,3.26,36.925000000000374,-249.97406586289742
292,3,6.42,6.42,3.26,48.475000000000385,-249.97406586289742
293,3,6.42,6.42,3.26,60.0250000000004,-249.97406586289742
294,3,6.42,6.42,3.26,71.57500000000041,-249.97406586289742
295,4,6.36,6.36,3.23,83.12500000000043,-249.97406586289742
296,4,6.36,6.36,3.23,94.67500000000044,-249.97406586289742
297,4,6.36,6.36,3.23,106.22500000000045,-249.97406586289742
298,4,6.36,6.36,3.23,117.77500000000046,-249.97406586289742
299,4,6.36,6.36,3.23,129.32500000000047,-249.97406586289742
300,4,6.36,6.36,3.23,140.87500000000048,-249.97406586289742
301,4,6.36,6.36,3.23,152.4250000000005,-249.97406586289742
302,4,6.36,6.36,3.23,163.97500000000045,-249.97406586289742
303,4,6.36,6.36,3.23,175.52500000000052,-249.97406586289742
304,4,6.36,6.36,3.23,187.07500000000059,-249.97406586289742
305,4,6.36,6.36,3.23,198.62500000000054,-249.97406586289742
306,4,6.36,6.36,3.23,210.1750000000005,-249.97406586289742
307,4,6.36,6.36,3.23,221.72500000000056,-249.97406586289742
308,4,6.36,6.36,3.23,233.27500000000063,-249.97406586289742
309,4,6.36,6.36,3.23,244.82500000000059,-249.97406586289742
310,4,6.36,6.36,3.23,-246.0499999999999,-239.97147244918716
311,4,6.36,6.36,3.23,-234.4999999999999,-239.97147244918716
312,4,6.36,6.36,3.23,-222.94999999999987,-239.97147244918716
313,4,6.36,6.36,3.23,-211.39999999999986,-239.97147244918716
314,4,6.36,6.36,3.23,-199.84999999999985,-239.97147244918716
315,4,6.36,6.36,3.23,-188.29999999999984,-239.97147244918716
316,4,6.36,6.36,3.23,-176.74999999999983,-239.97147244918716
317,4,6.36,6.36,3.23,-165.19999999999982,-239.97147244918716
318,4,6.36,6.36,3.23,-153.6499999999998,-239.97147244918716
319,4,6.36,6.36,3.23,-142.0999999999998,-239.97147244918716
320,4,6.36,6.36,3.23,-130.54999999999978,-239.97147244918716
321,4,6.36,6.36,3.23,-118.99999999999977,-239.97147244918716
322,4,6.36,6.36,3.23,-107.44999999999976,-239.97147244918716
323,3,6.42,6.42,3.26,-95.89999999999975,-239.97147244918716
324,3,6.42,6.42,3.26,-84.34999999999974,-239.97147244918716
325,3,6.42,6.42,3.26,-72.79999999999973,-239.97147244918716
326,3,6.42,6.42,3.26,-61.249999999999716,-239.97147244918716
327,3,6.42,6.42,3.26,-49.699999999999704,-239.97147244918716
328,3,6.42,6.42,3.26,-38.14999999999969,-239.97147244918716
329,3,6.42,6.42,3.26,-26.59999999999968,-239.97147244918716
330,3,6.42,6.42,3.26,-15.04999999999967,-239.97147244918716
331,3,6.42,6.42,3.26,-3.499999999999659,-239.97147244918716
332,3,6.42,6.42,3.26,8.050000000000352,-239.97147244918716
333,3,6.42,6.42,3.26,19.600000000000364,-239.97147244918716
334,3,6.42,6.42,3.26,31.150000000000375,-239.97147244918716
335,3,6.42,6.42,3.26,42.70000000000039,-239.97147244918716
336,3,6.42,6.42,3.26,54.2500000000004,-239.97147244918716
337,3,6.42,6.42,3.26,65.80000000000041,-239.97147244918716
338,3,6.42,6.42,3.26,77.35000000000042,-239.97147244918716
339,3,6.42,6.42,3.26,88.90000000000043,-239.97147244918716
340,3,6.42,6.42,3.26,100.45000000000044,-239.97147244918716
341,4,6.36,6.36,3.23,112.00000000000045,-239.97147244918716
342,4,6.36,6.36,3.23,123.55000000000047,-239.97147244918716
343,4,6.36,6.36,3.23,135.10000000000048,-239.97147244918716
344,4,6.36,6.36,3.23,146.6500000000005,-239.97147244918716
345,4,6.36,6.36,3.23,158.20000000000044,-239.97147244918716
346,4,6.36,6.36,3.23,169.7500000000005,-239.97147244918716
347,4,6.36,6.36,3.23,181.30000000000058,-239.97147244918716
348,4,6.36,6.36,3.23,192.85000000000053,-239.97147244918716
349,4,6.36,6.36,3.23,204.4000000000005,-239.97147244918716
350,4,6.36,6.36,3.23,215.95000000000056,-239.97147244918716
351,4,6.36,6.36,3.23,227.50000000000063,-239.97147244918716
352,4,6.36,6.36,3.23,239.05000000000058,-239.97147244918716
353,4,6.36,6.36,3.23,250.60000000000053,-239.97147244918716
354,4,6.36,6.36,3.23,-263.37499999999994,-229.9688790354769
355,4,6.36,6.36,3.23,-251.8249999999999,-229.9688790354769
356,4,6.36,6.36,3.23,-240.2749999999999,-229.9688790354769
357,4,6.36,6.36,3.23,-228.72499999999988,-229.9688790354769
358,4,6.36,6.36,3.23,-217.17499999999987,-229.9688790354769
359,4,6.36,6.36,3.23,-205.62499999999986,-229.9688790354769
360,4,6.36,6.36,3.23,-194.07499999999985,-229.9688790354769
361,4,6.36,6.36,3.23,-182.52499999999984,-229.9688790354769
362,4,6.36,6.36,3.23,-170.97499999999982,-229.9688790354769
363,4,6.36,6.36,3.23,-159.4249999999998,-229.9688790354769
364,4,6.36,6.36,3.23,-147.8749999999998,-229.9688790354769
365,4,6.36,6.36,3.23,-136.3249999999998,-229.9688790354769
366,3,6.42,6.42,3.26,-124.77499999999978,-229.9688790354769
367,3,6.42,6.42,3.26,-113.22499999999977,-229.9688790354769
368,3,6.42,6.42,3.26,-101.67499999999976,-229.9688790354769
369,3,6.42,6.42,3.26,-90.12499999999974,-229.9688790354769
370,3,6.42,6.42,3.26,-78.57499999999973,-229.9688790354769
371,3,6.42,6.42,3.26,-67.02499999999972,-229.9688790354769
372,3,6.42,6.42,3.26,-55.47499999999972,-229.9688790354769
373,3,6.42,6.42,3.26,-43.924999999999706,-229.9688790354769
374,3,6.42,6.42,3.26,-32.374999999999694,-229.9688790354769
375,3,6.42,6.42,3.26,-20.824999999999683,-229.9688790354769
376,3,6.42,6.42,3.26,-9.27499999999967,-229.9688790354769
377,3,6.42,6.42,3.26,2.2750000000003414,-229.9688790354769
378,3,6.42,6.42,3.26,13.825000000000353,-229.9688790354769
379,3,6.42,6.42,3.26,25.375000000000362,-229.9688790354769
380,3,6.42,6.42,3.26,36.925000000000374,-229.9688790354769
381,3,6.42,6.42,3.26,48.475000000000385,-229.9688790354769
382,3,6.42,6.42,3.26,60.0250000000004,-229.9688790354769
383,3,6.42,6.42,3.26,71.57500000000041,-229.9688790354769
384,3,6.42,6.42,3.26,83.12500000000043,-229.9688790354769
385,3,6.42,6.42,3.26,94.67500000000044,-229.9688790354769
386,3,6.42,6.42,3.26,106.22500000000045,-229.9688790354769
387,3,6.42,6.42,3.26,117.77500000000046,-229.9688790354769
388,3,6.42,6.42,3.26,129.32500000000047,-229.9688790354769
389,4,6.36,6.36,3.23,140.87500000000048,-229.9688790354769
390,4,6.36,6.36,3.23,152.4250000000005,-229.9688790354769
391,4,6.36,6.36,3.23,163.97500000000045,-229.9688790354769
392,4,6.36,6.36,3.23,175.52500000000052,-229.9688790354769
393,4,6.36,6.36,3.23,187.07500000000059,-229.9688790354769
394,4,6.36,6.36,3.23,198.62500000000054,-229.9688790354769
395,4,6.36,6.36,3.23,210.1750000000005,-229.9688790354769
396,4,6.36,6.36,3.23,221.72500000000056,-229.9688790354769
397,4,6.36,6.36,3.23,233.27500000000063,-229.9688790354769
398,4,6.36,6.36,3.23,244.82500000000059,-229.9688790354769
399,4,6.36,6.36,3.23,256.3750000000005,-229.9688790354769
400,4,6.36,6.36,3.23,-269.1499999999999,-219.96628562176664
401,4,6.36,6.36,3.23,-257.5999999999999,-219.96628562176664
402,4,6.36,6.36,3.23,-246.0499999999999,-219.96628562176664
403,4,6.36,6.36,3.23,-234.4999999999999,-219.96628562176664
404,4,6.36,6.36,3.23,-222.94999999999987,-219.96628562176664
405,4,6.36,6.36,3.23,-211.39999999999986,-219.96628562176664
406,4,6.36,6.36,3.23,-199.84999999999985,-219.96628562176664
407,4,6.36,6.36,3.23,-188.29999999999984,-219.96628562176664
408,4,6.36,6.36,3.23,-176.74999999999983,-219.96628562176664
409,4,6.36,6.36,3.23,-165.19999999999982,-219.96628562176664
410,4,6.36,6.36,3.23,-153.6499999999998,-219.96628562176664
411,3,6.42,6.42,3.26,-142.0999999999998,-219.96628562176664
412,3,6.42,6.42,3.26,-130.54999999999978,-219.96628562176664
413,3,6.42,6.42,3.26,-118.99999999999977,-219.96628562176664
414,3,6.42,6.42,3.26,-107.44999999999976,-219.96628562176664
415,3,6.42,6.42,3.26,-95.89999999999975,-219.96628562176664
416,3,6.42,6.42,3.26,-84.34999999999974,-219.96628562176664
417,3,6.42,6.42,3.26,-72.79999999999973,-219.96628562176664
418,3,6.42,6.42,3.26,-61.249999999999716,-219.96628562176664
419,3,6.42,6.42,3.26,-49.699999999999704,-219.96628562176664
420,3,6.42,6.42,3.26,-38.14999999999969,-219.96628562176664
421,3,6.42,6.42,3.26,-26.59999999999968,-219.96628562176664
422,3,6.42,6.42,3.26,-15.04999999999967,-219.96628562176664
423,3,6.42,6.42,3.26,-3.499999999999659,-219.96628562176664
424,3,6.42,6.42,3.26,8.050000000000352,-219.96628562176664
425,3,6.42,6.42,3.26,19.600000000000364,-219.96628562176664
426,3,6.42,6.42,3.26,31.150000000000375,-219.96628562176664
427,3,6.42,6.42,3.26,42.70000000000039,-219.96628562176664
428,3,6.42,6.42,3.26,54.2500000000004,-219.96628562176664
429,3,6.42,6.42,3.26,65.80000000000041,-219.96628562176664
430,3,6.42,6.42,3.26,77.35000000000042,-219.96628562176664
431,3,6.42,6.42,3.26,88.90000000000043,-219.96628562176664
432,3,6.42,6.42,3.26,100.45000000000044,-219.96628562176664
433,3,6.42,6.42,3.26,112.00000000000045,-219.96628562176664
434,3,6.42,6.42,3.26,123.55000000000047,-219.96628562176664
435,3,6.42,6.42,3.26,135.10000000000048,-219.96628562176664
436,3,6.42,6.42,3.26,146.6500000000005,-219.96628562176664
437,4,6.36,6.36,3.23,158.20000000000044,-219.96628562176664
438,4,6.36,6.36,3.23,169.7500000000005,-219.96628562176664
439,4,6.36,6.36,3.23,181.30000000000058,-219.96628562176664
440,4,6.36,6.36,3.23,192.85000000000053,-219.96628562176664
441,4,6.36,6.36,3.23,204.4000000000005,-219.96628562176664
442,4,6.36,6.36,3.23,215.95000000000056,-219.96628562176664
443,4,6.36,6.36,3.23,227.50000000000063,-219.96628562176664
444,4,6.36,6.36,3.23,239.05000000000058,-219.96628562176664
445,4,6.36,6.36,3.23,250.60000000000053,-219.96628562176664
446,4,6.36,6.36,3.23,262.1500000000006,-219.96628562176664
447,4,6.36,6.36,3.23,-274.92499999999995,-209.9636922080564
448,4,6.36,6.36,3.23,-263.37499999999994,-209.9636922080564
449,4,6.36,6.36,3.23,-251.8249999999999,-209.9636922080564
450,4,6.36,6.36,3.23,-240.2749999999999,-209.9636922080564
451,4,6.36,6.36,3.23,-228.72499999999988,-209.9636922080564
452,4,6.36,6.36,3.23,-217.17499999999987,-209.9636922080564
453,4,6.36,6.36,3.23,-205.62499999999986,-209.9636922080564
454,4,6.36,6.36,3.23,-194.07499999999985,-209.9636922080564
455,4,6.36,6.36,3.23,-182.52499999999984,-209.9636922080564
456,4,6.36,6.36,3.23,-170.97499999999982,-209.9636922080564
457,3,6.42,6.42,3.26,-159.4249999999998,-209.9636922080564
458,3,6.42,6.42,3.26,-147.8749999999998,-209.9636922080564
459,3,6.42,6.42,3.26,-136.3249999999998,-209.9636922080564
460,3,6.42,6.42,3.26,-124.77499999999978,-209.9636922080564
461,3,6.42,6.42,3.26,-113.22499999999977,-209.9636922080564
462,3,6.42,6.42,3.26,-101.67499999999976,-209.9636922080564
463,3,6.42,6.42,3.26,-90.12499999999974,-209.9636922080564
464,3,6.42,6.42,3.26,-78.57499999999973,-209.9636922080564
465,3,6.42,6.42,3.26,-67.02499999999972,-209.9636922080564
466,3,6.42,6.42,3.26,-55.47499999999972,-209.9636922080564
467,3,6.42,6.42,3.26,-43.924999999999706,-209.9636922080564
468,3,6.42,6.42,3.26,-32.374999999999694,-209.9636922080564
469,3,6.42,6.42,3.26,-20.824999999999683,-209.9636922080564
470,3,6.42,6.42,3.26,-9.27499999999967,-209.9636922080564
471,3,6.42,6.42,3.26,2.2750000000003414,-209.9636922080564
472,3,6.42,6.42,3.26,13.825000000000353,-209.9636922080564
473,3,6.42,6.42,3.26,25.375000000000362,-209.9636922080564
474,3,6.42,6.42,3.26,36.925000000000374,-209.9636922080564
475,3,6.42,6.42,3.26,48.475000000000385,-209.9636922080564
476,3,6.42,6.42,3.26,60.0250000000004,-209.9636922080564
477,3,6.42,6.42,3.26,71.57500000000041,-209.9636922080564
478,3,6.42,6.42,3.26,83.12500000000043,-209.9636922080564
479,3,6.42,6.42,3.26,94.67500000000044,-209.9636922080564
480,3,6.42,6.42,3.26,106.22500000000045,-209.9636922080564
481,3,6.42,6.42,3.26,117.77500000000046,-209.9636922080564
482,3,6.42,6.42,3.26,129.32500000000047,-209.9636922080564
483,3,6.42,6.42,3.26,140.87500000000048,-209.9636922080564
484,3,6.42,6.42,3.26,152.4250000000005,-209.9636922080564
485,3,6.42,6.42,3.26,163.97500000000045,-209.9636922080564
486,4,6.36,6.36,3.23,175.52500000000052,-209.9636922080564
487,4,6.36,6.36,3.23,187.07500000000059,-209.9636922080564
488,4,6.36,6.36,3.23,198.62500000000054,-209.9636922080564
489,4,6.36,6.36,3.23,210.1750000000005,-209.9636922080564
490,4,6.36,6.36,3.23,221.72500000000056,-209.9636922080564
491,4,6.36,6.36,3.23,233.27500000000063,-209.9636922080564
492,4,6.36,6.36,3.23,244.82500000000059,-209.9636922080564
493,4,6.36,6.36,3.23,256.3750000000005,-209.9636922080564
494,4,6.36,6.36,3.23,267.9250000000006,-209.9636922080564
495,4,6.36,6.36,3.23,279.47500000000065,-209.9636922080564
496,4,6.36,6.36,3.23,-280.69999999999993,-199.96109879434613
497,4,6.36,6.36,3.23,-269.1499999999999,-199.96109879434613
498,4,6.36,6.36,3.23,-257.5999999999999,-199.96109879434613
499,4,6.36,6.36,3.23,-246.0499999999999,-199.96109879434613
500,4,6.36,6.36,3.23,-234.4999999999999,-199.96109879434613
501,4,6.36,6.36,3.23,-222.94999999999987,-199.96109879434613
502,4,6.36,6.36,3.23,-211.39999999999986,-199.96109879434613
503,4,6.36,6.36,3.23,-199.84999999999985,-199.96109879434613
504,4,6.36,6.36,3.23,-188.29999999999984,-199.96109879434613
505,3,6.42,6.42,3.26,-176.74999999999983,-199.96109879434613
506,3,6.42,6.42,3.26,-165.19999999999982,-199.96109879434613
507,3,6.42,6.42,3.26,-153.6499999999998,-199.96109879434613
508,3,6.42,6.42,3.26,-142.0999999999998,-199.96109879434613
509,3,6.42,6.42,3.26,-130.54999999999978,-199.96109879434613
510,3,6.42,6.42,3.26,-118.99999999999977,-199.96109879434613
511,3,6.42,6.42,3.26,-107.44999999999976,-199.96109879434613
512,3,6.42,6.42,3.26,-95.89999999999975,-199.96109879434613
513,3,6.42,6.42,3.26,-84.34999999999974,-199.96109879434613
514,3,6.42,6.42,3.26,-72.79999999999973,-199.96109879434613
515,3,6.42,6.42,3.26,-61.249999999999716,-199.96109879434613
516,2,6.48,6.48,3.29,-49.699999999999704,-199.96109879434613
517,2,6.48,6.48,3.29,-38.14999999999969,-199.96109879434613
518,2,6.48,6.48,3.29,-26.59999999999968,-199.96109879434613
519,2,6.48,6.48,3.29,-15.04999999999967,-199.96109879434613
520,2,6.48,6.48,3.29,-3.499999999999659,-199.96109879434613
521,2,6.48,6.48,3.29,8.050000000000352,-199.96109879434613
522,2,6.48,6.48,3.29,19.600000000000364,-199.96109879434613
523,2,6.48,6.48,3.29,31.150000000000375,-199.96109879434613
524,2,6.48,6.48,3.29,42.70000000000039,-199.96109879434613
525,2,6.48,6.48,3.29,54.2500000000004,-199.96109879434613
526,3,6.42,6.42,3.26,65.80000000000041,-199.96109879434613
527,3,6.42,6.42,3.26,77.35000000000042,-199.96109879434613
528,3,6.42,6.42,3.26,88.90000000000043,-199.96109879434613
529,3,6.42,6.42,3.26,100.45000000000044,-199.96109879434613
530,3,6.42,6.42,3.26,112.00000000000045,-199.96109879434613
531,3,6.42,6.42,3.26,123.55000000000047,-199.96109879434613
532,3,6.42,6.42,3.26,135.10000000000048,-199.96109879434613
533,3,6.42,6.42,3.26,146.6500000000005,-199.96109879434613
534,3,6.42,6.42,3.26,158.20000000000044,-199.96109879434613
535,3,6.42,6.42,3.26,169.7500000000005,-199.96109879434613
536,4,6.36,6.36,3.23,181.30000000000058,-199.96109879434613
537,4,6.36,6.36,3.23,192.85000000000053,-199.96109879434613
538,4,6.36,6.36,3.23,204.4000000000005,-199.96109879434613
539,4,6.36,6.36,3.23,215.95000000000056,-199.96109879434613
540,4,6.36,6.36,3.23,227.50000000000063,-199.96109879434613
541,4,6.36,6.36,3.23,239.05000000000058,-199.96109879434613
542,4,6.36,6.36,3.23,250.60000000000053,-199.96109879434613
543,4,6.36,6.36,3.23,262.1500000000006,-199.96109879434613
544,4,6.36,6.36,3.23,273.70000000000067,-199.96109879434613
545,4,6.36,6.36,3.23,285.2500000000006,-199.96109879434613
546,4,6.36,6.36,3.23,-286.47499999999997,-189.95850538063587
547,4,6.36,6.36,3.23,-274.92499999999995,-189.95850538063587
548,4,6.36,6.36,3.23,-263.37499999999994,-189.95850538063587
549,4,6.36,6.36,3.23,-251.8249999999999,-189.95850538063587
550,4,6.36,6.36,3.23,-240.2749999999999,-189.95850538063587
551,4,6.36,6.36,3.23,-228.72499999999988,-189.95850538063587
552,4,6.36,6.36,3.23,-217.17499999999987,-189.95850538063587
553,4,6.36,6.36,3.23,-205.62499999999986,-189.95850538063587
554,4,6.36,6.36,3.23,-194.07499999999985,-189.95850538063587
555,3,6.42,6.42,3.26,-182.52499999999984,-189.95850538063587
556,3,6.42,6.42,3.26,-170.97499999999982,-189.95850538063587
557,3,6.42,6.42,3.26,-159.4249999999998,-189.95850538063587
558,3,6.42,6.42,3.26,-147.8749999999998,-189.95850538063587
559,3,6.42,6.42,3.26,-136.3249999999998,-189.95850538063587
560,3,6.42,6.42,3.26,-124.77499999999978,-189.95850538063587
561,3,6.42,6.42,3.26,-113.22499999999977,-189.95850538063587
562,3,6.42,6.42,3.26,-101.67499999999976,-189.95850538063587
563,2,6.48,6.48,3.29,-90.12499999999974,-189.95850538063587
564,2,6.48,6.48,3.29,-78.57499999999973,-189.95850538063587
565,2,6.48,6.48,3.29,-67.02499999999972,-189.95850538063587
566,2,6.48,6.48,3.29,-55.47499999999972,-189.95850538063587
567,2,6.48,6.48,3.29,-43.924999999999706,-189.95850538063587
568,2,6.48,6.48,3.29,-32.374999999999694,-189.95850538063587
569,2,6.48,6.48,3.29,-20.824999999999683,-189.95850538063587
570,2,6.48,6.48,3.29,-9.27499999999967,-189.95850538063587
571,2,6.48,6.48,3.29,2.2750000000003414,-189.95850538063587
572,2,6.48,6.48,3.29,13.825000000000353,-189.95850538063587
573,2,6.48,6.48,3.29,25.375000000000362,-189.95850538063587
574,2,6.48,6.48,3.29,36.925000000000374,-189.95850538063587
575,2,6.48,6.48,3.29,48.475000000000385,-189.95850538063587
576,2,6.48,6.48,3.29,60.0250000000004,-189.95850538063587
577,2,6.48,6.48,3.29,71.57500000000041,-189.95850538063587
578,2,6.48,6.48,3.29,83.12500000000043,-189.95850538063587
579,3,6.42,6.42,3.26,94.67500000000044,-189.95850538063587
580,3,6.42,6.42,3.26,106.22500000000045,-189.95850538063587
581,3,6.42,6.42,3.26,117.77500000000046,-189.95850538063587
582,3,6.42,6.42,3.26,129.32500000000047,-189.95850538063587
583,3,6.42,6.42,3.26,140.87500000000048,-189.95850538063587
584,3,6.42,6.42,3.26,152.4250000000005,-189.95850538063587
585,3,6.42,6.42,3.26,163.97500000000045,-189.95850538063587
586,3,6.42,6.42,3.26,175.52500000000052,-189.95850538063587
587,3,6.42,6.42,3.26,187.07500000000059,-189.95850538063587
588,4,6.36,6.36,3.23,198.62500000000054,-189.95850538063587
589,4,6.36,6.36,3.23,210.1750000000005,-189.95850538063587
590,4,6.36,6.36,3.23,221.72500000000056,-189.95850538063587
591,4,6.36,6.36,3.23,233.27500000000063,-189.95850538063587
592,4,6.36,6.36,3.23,244.82500000000059,-189.95850538063587
593,4,6.36,6.36,3.23,256.3750000000005,-189.95850538063587
594,4,6.36,6.36,3.23,267.9250000000006,-189.95850538063587
595,4,6.36,6.36,3.23,279.47500000000065,-189.95850538063587
596,4,6.36,6.36,3.23,291.0250000000006,-189.95850538063587
597,4,6.36,6.36,3.23,-292.24999999999994,-179.9559119669256
598,4,6.36,6.36,3.23,-280.69999999999993,-179.9559119669256
599,4,6.36,6.36,3.23,-269.1499999999999,-179.9559119669256
600,4,6.36,6.36,3.23,-257.5999999999999,-179.9559119669256
601,4,6.36,6.36,3.23,-246.0499999999999,-179.9559119669256
602,4,6.36,6.36,3.23,-234.4999999999999,-179.9559119669256
603,4,6.36,6.36,3.23,-222.94999999999987,-179.9559119669256
604,4,6.36,6.36,3.23,-211.39999999999986,-179.9559119669256
605,3,6.42,6.42,3.26,-199.84999999999985,-179.9559119669256
606,3,6.42,6.42,3.26,-188.29999999999984,-179.9559119669256
607,3,6.42,6.42,3.26,-176.74999999999983,-179.9559119669256
608,3,6.42,6.42,3.26,-165.19999999999982,-179.9559119669256
609,3,6.42,6.42,3.26,-153.6499999999998,-179.9559119669256
610,3,6.42,6.42,3.26,-142.0999999999998,-179.9559119669256
611,3,6.42,6.42,3.26,-130.54999999999978,-179.9559119669256
612,3,6.42,6.42,3.26,-118.99999999999977,-179.9559119669256
613,2,6.48,6.48,3.29,-107.44999999999976,-179.9559119669256
614,2,6.48,6.48,3.29,-95.89999999999975,-179.9559119669256
615,2,6.48,6.48,3.29,-84.34999999999974,-179.9559119669256
616,2,6.48,6.48,3.29,-72.79999999999973,-179.9559119669256
617,2,6.48,6.48,3.29,-61.249999999999716,-179.9559119669256
618,2,6.48,6.48,3.29,-49.699999999999704,-179.9559119669256
619,2,6.48,6.48,3.29,-38.14999999999969,-179.9559119669256
620,2,6.48,6.48,3.29,-26.59999999999968,-179.9559119669256
621,2,6.48,6.48,3.29,-15.04999999999967,-179.9559119669256
622,2,6.48,6.48,3.29,-3.499999999999659,-179.9559119669256
623,2,6.48,6.48,3.29,8.050000000000352,-179.9559119669256
624,2,6.48,6.48,3.29,19.600000000000364,-179.9559119669256
625,2,6.48,6.48,3.29,31.150000000000375,-179.9559119669256
626,2,6.48,6.48,3.29,42.70000000000039,-179.9559119669256
627,2,6.48,6.48,3.29,54.2500000000004,-179.9559119669256
628,2,6.48,6.48,3.29,65.80000000000041,-179.9559119669256
629,2,6.48,6.48,3.29,77.35000000000042,-179.9559119669256
630,2,6.48,6.48,3.29,88.90000000000043,-179.9559119669256
631,2,6.48,6.48,3.29,100.45000000000044,-179.9559119669256
632,2,6.48,6.48,3.29,112.00000000000045,-179.9559119669256
633,3,6.42,6.42,3.26,123.55000000000047,-179.9559119669256
634,3,6.42,6.42,3.26,135.10000000000048,-179.9559119669256
635,3,6.42,6.42,3.26,146.6500000000005,-179.9559119669256
636,3,6.42,6.42,3.26,158.20000000000044,-179.9559119669256
637,3,6.42,6.42,3.26,169.7500000000005,-179.9559119669256
638,3,6.42,6.42,3.26,181.30000000000058,-179.9559119669256
639,3,6.42,6.42,3.26,192.85000000000053,-179.9559119669256
640,3,6.42,6.42,3.26,204.4000000000005,-179.9559119669256
641,4,6.36,6.36,3.23,215.95000000000056,-179.9559119669256
642,4,6.36,6.36,3.23,227.50000000000063,-179.9559119669256
643,4,6.36,6.36,3.23,239.05000000000058,-179.9559119669256
644,4,6.36,6.36,3.23,250.60000000000053,-179.9559119669256
645,4,6.36,6.36,3.23,262.1500000000006,-179.9559119669256
646,4,6.36,6.36,3.23,273.70000000000067,-179.9559119669256
647,4,6.36,6.36,3.23,285.2500000000006,-179.9559119669256
648,4,6.36,6.36,3.23,296.8000000000006,-179.9559119669256
649,4,6.36,6.36,3.23,-298.025,-169.95331855321535
650,4,6.36,6.36,3.23,-286.47499999999997,-169.95331855321535
651,4,6.36,6.36,3.23,-274.92499999999995,-169.95331855321535
652,4,6.36,6.36,3.23,-263.37499999999994,-169.95331855321535
653,4,6.36,6.36,3.23,-251.8249999999999,-169.95331855321535
654,4,6.36,6.36,3.23,-240.2749999999999,-169.95331855321535
655,4,6.36,6.36,3.23,-228.72499999999988,-169.95331855321535
656,4,6.36,6.36,3.23,-217.17499999999987,-169.95331855321535
657,3,6.42,6.42,3.26,-205.62499999999986,-169.95331855321535
658,3,6.42,6.42,3.26,-194.07499999999985,-169.95331855321535
659,3,6.42,6.42,3.26,-182.52499999999984,-169.95331855321535
660,3,6.42,6.42,3.26,-170.97499999999982,-169.95331855321535
661,3,6.42,6.42,3.26,-159.4249999999998,-169.95331855321535
662,3,6.42,6.42,3.26,-147.8749999999998,-169.95331855321535
663,3,6.42,6.42,3.26,-136.3249999999998,-169.95331855321535
664,2,6.48,6.48,3.29,-124.77499999999978,-169.95331855321535
665,2,6.48,6.48,3.29,-113.22499999999977,-169.95331855321535
666,2,6.48,6.48,3.29,-101.67499999999976,-169.95331855321535
667,2,6.48,6.48,3.29,-90.12499999999974,-169.95331855321535
668,2,6.48,6.48,3.29,-78.57499999999973,-169.95331855321535
669,2,6.48,6.48,3.29,-67.02499999999972,-169.95331855321535
670,2,6.48,6.48,3.29,-55.47499999999972,-169.95331855321535
671,2,6.48,6.48,3.29,-43.924999999999706,-169.95331855321535
672,2,6.48,6.48,3.29,-32.374999999999694,-169.95331855321535
673,2,6.48,6.48,3.29,-20.824999999999683,-169.95331855321535
674,2,6.48,6.48,3.29,-9.27499999999967,-169.95331855321535
675,2,6.48,6.48,3.29,2.2750000000003414,-169.95331855321535
676,2,6.48,6.48,3.29,13.825000000000353,-169.95331855321535
677,2,6.48,6.48,3.29,25.375000000000362,-169.95331855321535
678,2,6.48,6.48,3.29,36.925000000000374,-169.95331855321535
679,2,6.48,6.48,3.29,48.475000000000385,-169.95331855321535
680,2,6.48,6.48,3.29,60.0250000000004,-169.95331855321535
681,2,6.48,6.48,3.29,71.57500000000041,-169.95331855321535
682,2,6.48,6.48,3.29,83.12500000000043,-169.95331855321535
683,2,6.48,6.48,3.29,94.67500000000044,-169.95331855321535
684,2,6.48,6.48,3.29,106.22500000000045,-169.95331855321535
685,2,6.48,6.48,3.29,117.77500000000046,-169.95331855321535
686,2,6.48,6.48,3.29,129.32500000000047,-169.95331855321535
687,3,6.42,6.42,3.26,140.87500000000048,-169.95331855321535
688,3,6.42,6.42,3.26,152.4250000000005,-169.95331855321535
689,3,6.42,6.42,3.26,163.97500000000045,-169.95331855321535
690,3,6.42,6.42,3.26,175.52500000000052,-169.95331855321535
691,3,6.42,6.42,3.26,187.07500000000059,-169.95331855321535
692,3,6.42,6.42,3.26,198.62500000000054,-169.95331855321535
693,3,6.42,6.42,3.26,210.1750000000005,-169.95331855321535
694,4,6.36,6.36,3.23,221.72500000000056,-169.95331855321535
695,4,6.36,6.36,3.23,233.27500000000063,-169.95331855321535
696,4,6.36,6.36,3.23,244.82500000000059,-169.95331855321535
697,4,6.36,6.36,3.23,256.3750000000005,-169.95331855321535
698,4,6.36,6.36,3.23,267.9250000000006,-169.95331855321535
699,4,6.36,6.36,3.23,279.47500000000065,-169.95331855321535
700,4,6.36,6.36,3.23,291.0250000000006,-169.95331855321535
701,4,6.36,6.36,3.23,302.57500000000056,-169.95331855321535
702,4,6.36,6.36,3.23,-303.79999999999995,-159.9507251395051
703,4,6.36,6.36,3.23,-292.24999999999994,-159.9507251395051
704,4,6.36,6.36,3.23,-280.69999999999993,-159.9507251395051
705,4,6.36,6.36,3.23,-269.1499999999999,-159.9507251395051
706,4,6.36,6.36,3.23,-257.5999999999999,-159.9507251395051
707,4,6.36,6.36,3.23,-246.0499999999999,-159.9507251395051
708,4,6.36,6.36,3.23,-234.4999999999999,-159.9507251395051
709,3,6.42,6.42,3.26,-222.94999999999987,-159.9507251395051
710,3,6.42,6.42,3.26,-211.39999999999986,-159.9507251395051
711,3,6.42,6.42,3.26,-199.84999999999985,-159.9507251395051
712,3,6.42,6.42,3.26,-188.29999999999984,-159.9507251395051
713,3,6.42,6.42,3.26,-176.74999999999983,-159.9507251395051
714,3,6.42,6.42,3.26,-165.19999999999982,-159.9507251395051
715,3,6.42,6.42,3.26,-153.6499999999998,-159.9507251395051
716,2,6.48,6.48,3.29,-142.0999999999998,-159.9507251395051
717,2,6.48,6.48,3.29,-130.54999999999978,-159.9507251395051
718,2,6.48,6.48,3.29,-118.99999999999977,-159.9507251395051
719,2,6.48,6.48,3.29,-107.44999999999976,-159.9507251395051
720,2,6.48,6.48,3.29,-95.89999999999975,-159.9507251395051
721,2,6.48,6.48,3.29,-84.34999999999974,-159.9507251395051
722,2,6.48,6.48,3.29,-72.79999999999973,-159.9507251395051
723,2,6.48,6.48,3.29,-61.249999999999716,-159.9507251395051
724,2,6.48,6.48,3.29,-49.699999999999704,-159.9507251395051
725,2,6.48,6.48,3.29,-38.14999999999969,-159.9507251395051
726,2,6.48,6.48,3.29,-26.59999999999968,-159.9507251395051
727,2,6.48,6.48,3.29,-15.04999999999967,-159.9507251395051
728,2,6.48,6.48,3.29,-3.499999999999659,-159.9507251395051
729,2,6.48,6.48,3.29,8.050000000000352,-159.9507251395051
730,2,6.48,6.48,3.29,19.600000000000364,-159.9507251395051
731,2,6.48,6.48,3.29,31.150000000000375,-159.9507251395051
732,2,6.48,6.48,3.29,42.70000000000039,-159.9507251395051
733,2,6.48,6.48,3.29,54.2500000000004,-159.9507251395051
734,2,6.48,6.48,3.29,65.80000000000041,-159.9507251395051
735,2,6.48,6.48,3.29,77.35000000000042,-159.9507251395051
736,2,6.48,6.48,3.29,88.90000000000043,-159.9507251395051
737,2,6.48,6.48,3.29,100.45000000000044,-159.9507251395051
738,2,6.48,6.48,3.29,112.00000000000045,-159.9507251395051
739,2,6.48,6.48,3.29,123.55000000000047,-159.9507251395051
740,2,6.48,6.48,3.29,135.10000000000048,-159.9507251395051
741,2,6.48,6.48,3.29,146.6500000000005,-159.9507251395051
742,3,6.42,6.42,3.26,158.20000000000044,-159.9507251395051
743,3,6.42,6.42,3.26,169.7500000000005,-159.9507251395051
744,3,6.42,6.42,3.26,181.30000000000058,-159.9507251395051
745,3,6.42,6.42,3.26,192.85000000000053,-159.9507251395051
746,3,6.42,6.42,3.26,204.4000000000005,-159.9507251395051
747,3,6.42,6.42,3.26,215.95000000000056,-159.9507251395051
748,4,6.36,6.36,3.23,227.50000000000063,-159.9507251395051
749,4,6.36,6.36,3.23,239.05000000000058,-159.9507251395051
750,4,6.36,6.36,3.23,250.60000000000053,-159.9507251395051
751,4,6.36,6.36,3.23,262.1500000000006,-159.9507251395051
752,4,6.36,6.36,3.23,273.70000000000067,-159.9507251395051
753,4,6.36,6.36,3.23,285.2500000000006,-159.9507251395051
754,4,6.36,6.36,3.23,296.8000000000006,-159.9507251395051
755,4,6.36,6.36,3.23,308.35000000000065,-159.9507251395051
756,4,6.36,6.36,3.23,-309.575,-149.94813172579484
757,4,6.36,6.36,3.23,-298.025,-149.94813172579484
758,4,6.36,6.36,3.23,-286.47499999999997,-149.94813172579484
759,4,6.36,6.36,3.23,-274.92499999999995,-149.94813172579484
760,4,6.36,6.36,3.23,-263.37499999999994,-149.94813172579484
761,4,6.36,6.36,3.23,-251.8249999999999,-149.94813172579484
762,4,6.36,6.36,3.23,-240.2749999999999,-149.94813172579484
763,3,6.42,6.42,3.26,-228.72499999999988,-149.94813172579484
764,3,6.42,6.42,3.26,-217.17499999999987,-149.94813172579484
765,3,6.42,6.42,3.26,-205.62499999999986,-149.94813172579484
766,3,6.42,6.42,3.26,-194.07499999999985,-149.94813172579484
767,3,6.42,6.42,3.26,-182.52499999999984,-149.94813172579484
768,3,6.42,6.42,3.26,-170.97499999999982,-149.94813172579484
769,2,6.48,6.48,3.29,-159.4249999999998,-149.94813172579484
770,2,6.48,6.48,3.29,-147.8749999999998,-149.94813172579484
771,2,6.48,6.48,3.29,-136.3249999999998,-149.94813172579484
772,2,6.48,6.48,3.29,-124.77499999999978,-149.94813172579484
773,2,6.48,6.48,3.29,-113.22499999999977,-149.94813172579484
774,2,6.48,6.48,3.29,-101.67499999999976,-149.94813172579484
775,2,6.48,6.48,3.29,-90.12499999999974,-149.94813172579484
776,2,6.48,6.48,3.29,-78.57499999999973,-149.94813172579484
777,2,6.48,6.48,3.29,-67.02499999999972,-149.94813172579484
778,2,6.48,6.48,3.29,-55.47499999999972,-149.94813172579484
779,2,6.48,6.48,3.29,-43.924999999999706,-149.94813172579484
780,2,6.48,6.48,3.29,-32.374999999999694,-149.94813172579484
781,2,6.48,6.48,3.29,-20.824999999999683,-149.94813172579484
782,2,6.48,6.48,3.29,-9.27499999999967,-149.94813172579484
783,2,6.48,6.48,3.29,2.2750000000003414,-149.94813172579484
784,2,6.48,6.48,3.29,13.825000000000353,-149.94813172579484
785,2,6.48,6.48,3.29,25.375000000000362,-149.94813172579484
786,2,6.48,6.48,3.29,36.925000000000374,-149.94813172579484
787,2,6.48,6.48,3.29,48.475000000000385,-149.94813172579484
788,2,6.48,6.48,3.29,60.0250000000004,-149.94813172579484
789,2,6.48,6.48,3.29,71.57500000000041,-149.94813172579484
790,2,6.48,6.48,3.29,83.12500000000043,-149.94813172579484
791,2,6.48,6.48,3.29,94.67500000000044,-149.94813172579484
792,2,6.48,6.48,3.29,106.22500000000045,-149.94813172579484
793,2,6.48,6.48,3.29,117.77500000000046,-149.94813172579484
794,2,6.48,6.48,3.29,129.32500000000047,-149.94813172579484
795,2,6.48,6.48,3.29,140.87500000000048,-149.94813172579484
796,2,6.48,6.48,3.29,152.4250000000005,-149.94813172579484
797,3,6.42,6.42,3.26,163.97500000000045,-149.94813172579484
798,3,6.42,6.42,3.26,175.52500000000052,-149.94813172579484
799,3,6.42,6.42,3.26,187.07500000000059,-149.94813172579484
800,3,6.42,6.42,3.26,198.62500000000054,-149.94813172579484
801,3,6.42,6.42,3.26,210.1750000000005,-149.94813172579484
802,3,6.42,6.42,3.26,221.72500000000056,-149.94813172579484
803,3,6.42,6.42,3.26,233.27500000000063,-149.94813172579484
804,4,6.36,6.36,3.23,244.82500000000059,-149.94813172579484
805,4,6.36,6.36,3.23,256.3750000000005,-149.94813172579484
806,4,6.36,6.36,3.23,267.9250000000006,-149.94813172579484
807,4,6.36,6.36,3.23,279.47500000000065,-149.94813172579484
808,4,6.36,6.36,3.23,291.0250000000006,-149.94813172579484
809,4,6.36,6.36,3.23,302.57500000000056,-149.94813172579484
810,4,6.36,6.36,3.23,314.1250000000006,-149.94813172579484
811,4,6.36,6.36,3.23,-315.34999999999997,-139.94553831208458
812,4,6.36,6.36,3.23,-303.79999999999995,-139.94553831208458
813,4,6.36,6.36,3.23,-292.24999999999994,-139.94553831208458
814,4,6.36,6.36,3.23,-280.69999999999993,-139.94553831208458
815,4,6.36,6.36,3.23,-269.1499999999999,-139.94553831208458
816,4,6.36,6.36,3.23,-257.5999999999999,-139.94553831208458
817,4,6.36,6.36,3.23,-246.0499999999999,-139.94553831208458
818,3,6.42,6.42,3.26,-234.4999999999999,-139.94553831208458
819,3,6.42,6.42,3.26,-222.94999999999987,-139.94553831208458
820,3,6.42,6.42,3.26,-211.39999999999986,-139.94553831208458
821,3,6.42,6.42,3.26,-199.84999999999985,-139.94553831208458
822,3,6.42,6.42,3.26,-188.29999999999984,-139.94553831208458
823,3,6.42,6.42,3.26,-176.74999999999983,-139.94553831208458
824,2,6.48,6.48,3.29,-165.19999999999982,-139.94553831208458
825,2,6.48,6.48,3.29,-153.6499999999998,-139.94553831208458
826,2,6.48,6.48,3.29,-142.0999999999998,-139.94553831208458
827,2,6.48,6.48,3.29,-130.54999999999978,-139.94553831208458
828,2,6.48,6.48,3.29,-118.99999999999977,-139.94553831208458
829,2,6.48,6.48,3.29,-107.44999999999976,-139.94553831208458
830,2,6.48,6.48,3.29,-95.89999999999975,-139.94553831208458
831,2,6.48,6.48,3.29,-84.34999999999974,-139.94553831208458
832,2,6.48,6.48,3.29,-72.79999999999973,-139.94553831208458
833,2,6.48,6.48,3.29,-61.249999999999716,-139.94553831208458
834,2,6.48,6.48,3.29,-49.699999999999704,-139.94553831208458
835,1,6.54,6.54,3.32,-38.14999999999969,-139.94553831208458
836,1,6.54,6.54,3.32,-26.59999999999968,-139.94553831208458
837,1,6.54,6.54,3.32,-15.04999999999967,-139.94553831208458
838,1,6.54,6.54,3.32,-3.499999999999659,-139.94553831208458
839,1,6.54,6.54,3.32,8.050000000000352,-139.94553831208458
840,1,6.54,6.54,3.32,19.600000000000364,-139.94553831208458
841,1,6.54,6.54,3.32,31.150000000000375,-139.94553831208458
842,1,6.54,6.54,3.32,42.70000000000039,-139.94553831208458
843,2,6.48,6.48,3.29,54.2500000000004,-139.94553831208458
844,2,6.48,6.48,3.29,65.80000000000041,-139.94553831208458
845,2,6.48,6.48,3.29,77.35000000000042,-139.94553831208458
846,2,6.48,6.48,3.29,88.90000000000043,-139.94553831208458
847,2,6.48,6.48,3.29,100.45000000000044,-139.94553831208458
848,2,6.48,6.48,3.29,112.00000000000045,-139.94553831208458
849,2,6.48,6.48,3.29,123.55000000000047,-139.94553831208458
850,2,6.48,6.48,3.29,135.10000000000048,-139.94553831208458
851,2,6.48,6.48,3.29,146.6500000000005,-139.94553831208458
852,2,6.48,6.48,3.29,158.20000000000044,-139.94553831208458
853,2,6.48,6.48,3.29,169.7500000000005,-139.94553831208458
854,3,6.42,6.42,3.26,181.30000000000058,-139.94553831208458
855,3,6.42,6.42,3.26,192.85000000000053,-139.94553831208458
856,3,6.42,6.42,3.26,204.4000000000005,-139.94553831208458
857,3,6.42,6.42,3.26,215.95000000000056,-139.94553831208458
858,3,6.42,6.42,3.26,227.50000000000063,-139.94553831208458
859,3,6.42,6.42,3.26,239.05000000000058,-139.94553831208458
860,4,6.36,6.36,3.23,250.60000000000053,-139.94553831208458
861,4,6.36,6.36,3.23,262.1500000000006,-139.94553831208458
862,4,6.36,6.36,3.23,273.70000000000067,-139.94553831208458
863,4,6.36,6.36,3.23,285.2500000000006,-139.94553831208458
864,4,6.36,6.36,3.23,296.8000000000006,-139.94553831208458
865,4,6.36,6.36,3.23,308.35000000000065,-139.94553831208458
866,4,6.36,6.36,3.23,319.9000000000007,-139.94553831208458
867,4,6.36,6.36,3.23,-321.125,-129.94294489837432
868,4,6.36,6.36,3.23,-309.575,-129.94294489837432
869,4,6.36,6.36,3.23,-298.025,-129.94294489837432
870,4,6.36,6.36,3.23,-286.47499999999997,-129.94294489837432
871,4,6.36,6.36,3.23,-274.92499999999995,-129.94294489837432
872,4,6.36,6.36,3.23,-263.37499999999994,-129.94294489837432
873,4,6.36,6.36,3.23,-251.8249999999999,-129.94294489837432
874,3,6.42,6.42,3.26,-240.2749999999999,-129.94294489837432
875,3,6.42,6.42,3.26,-228.72499999999988,-129.94294489837432
876,3,6.42,6.42,3.26,-217.17499999999987,-129.94294489837432
877,3,6.42,6.42,3.26,-205.62499999999986,-129.94294489837432
878,3,6.42,6.42,3.26,-194.07499999999985,-129.94294489837432
879,2,6.48,6.48,3.29,-182.52499999999984,-129.94294489837432
880,2,6.48,6.48,3.29,-170.97499999999982,-129.94294489837432
881,2,6.48,6.48,3.29,-159.4249999999998,-129.94294489837432
882,2,6.48,6.48,3.29,-147.8749999999998,-129.94294489837432
883,2,6.48,6.48,3.29,-136.3249999999998,-129.94294489837432
884,2,6.48,6.48,3.29,-124.77499999999978,-129.94294489837432
885,2,6.48,6.48,3.29,-113.22499999999977,-129.94294489837432
886,2,6.48,6.48,3.29,-101.67499999999976,-129.94294489837432
887,2,6.48,6.48,3.29,-90.12499999999974,-129.94294489837432
888,2,6.48,6.48,3.29,-78.57499999999973,-129.94294489837432
889,1,6.54,6.54,3.32,-67.02499999999972,-129.94294489837432
890,1,6.54,6.54,3.32,-55.47499999999972,-129.94294489837432
891,1,6.54,6.54,3.32,-43.924999999999706,-129.94294489837432
892,1,6.54,6.54,3.32,-32.374999999999694,-129.94294489837432
893,1,6.54,6.54,3.32,-20.824999999999683,-129.94294489837432
894,1,6.54,6.54,3.32,-9.27499999999967,-129.94294489837432
895,1,6.54,6.54,3.32,2.2750000000003414,-129.94294489837432
896,1,6.54,6.54,3.32,13.825000000000353,-129.94294489837432
897,1,6.54,6.54,3.32,25.375000000000362,-129.94294489837432
898,1,6.54,6.54,3.32,36.925000000000374,-129.94294489837432
899,1,6.54,6.54,3.32,48.475000000000385,-129.94294489837432
900,1,6.54,6.54,3.32,60.0250000000004,-129.94294489837432
901,1,6.54,6.54,3.32,71.57500000000041,-129.94294489837432
902,2,6.48,6.48,3.29,83.12500000000043,-129.94294489837432
903,2,6.48,6.48,3.29,94.67500000000044,-129.94294489837432
904,2,6.48,6.48,3.29,106.22500000000045,-129.94294489837432
905,2,6.48,6.48,3.29,117.77500000000046,-129.94294489837432
906,2,6.48,6.48,3.29,129.32500000000047,-129.94294489837432
907,2,6.48,6.48,3.29,140.87500000000048,-129.94294489837432
908,2,6.48,6.48,3.29,152.4250000000005,-129.94294489837432
909,2,6.48,6.48,3.29,163.97500000000045,-129.94294489837432
910,2,6.48,6.48,3.29,175.52500000000052,-129.94294489837432
911,3,6.42,6.42,3.26,187.07500000000059,-129.94294489837432
912,3,6.42,6.42,3.26,198.62500000000054,-129.94294489837432
913,3,6.42,6.42,3.26,210.1750000000005,-129.94294489837432
914,3,6.42,6.42,3.26,221.72500000000056,-129.94294489837432
915,3,6.42,6.42,3.26,233.27500000000063,-129.94294489837432
916,3,6.42,6.42,3.26,244.82500000000059,-129.94294489837432
917,4,6.36,6.36,3.23,256.3750000000005,-129.94294489837432
918,4,6.36,6.36,3.23,267.9250000000006,-129.94294489837432
919,4,6.36,6.36,3.23,279.47500000000065,-129.94294489837432
920,4,6.36,6.36,3.23,291.0250000000006,-129.94294489837432
921,4,6.36,6.36,3.23,302.57500000000056,-129.94294489837432
922,4,6.36,6.36,3.23,314.1250000000006,-129.94294489837432
923,4,6.36,6.36,3.23,-326.9,-119.94035148466406
924,4,6.36,6.36,3.23,-315.34999999999997,-119.94035148466406
925,4,6.36,6.36,3.23,-303.79999999999995,-119.94035148466406
926,4,6.36,6.36,3.23,-292.24999999999994,-119.94035148466406
927,4,6.36,6.36,3.23,-280.69999999999993,-119.94035148466406
928,4,6.36,6.36,3.23,-269.1499999999999,-119.94035148466406
929,4,6.36,6.36,3.23,-257.5999999999999,-119.94035148466406
930,3,6.42,6.42,3.26,-246.0499999999999,-119.94035148466406
931,3,6.42,6.42,3.26,-234.4999999999999,-119.94035148466406
932,3,6.42,6.42,3.26,-222.94999999999987,-119.94035148466406
933,3,6.42,6.42,3.26,-211.39999999999986,-119.94035148466406
934,3,6.42,6.42,3.26,-199.84999999999985,-119.94035148466406
935,2,6.48,6.48,3.29,-188.29999999999984,-119.94035148466406
936,2,6.48,6.48,3.29,-176.74999999999983,-119.94035148466406
937,2,6.48,6.48,3.29,-165.19999999999982,-119.94035148466406
938,2,6.48,6.48,3.29,-153.6499999999998,-119.94035148466406
939,2,6.48,6.48,3.29,-142.0999999999998,-119.94035148466406
940,2,6.48,6.48,3.29,-130.54999999999978,-119.94035148466406
941,2,6.48,6.48,3.29,-118.99999999999977,-119.94035148466406
942,2,6.48,6.48,3.29,-107.44999999999976,-119.94035148466406
943,2,6.48,6.48,3.29,-95.89999999999975,-119.94035148466406
944,1,6.54,6.54,3.32,-84.34999999999974,-119.94035148466406
945,1,6.54,6.54,3.32,-72.79999999999973,-119.94035148466406
946,1,6.54,6.54,3.32,-61.249999999999716,-119.94035148466406
947,1,6.54,6.54,3.32,-49.699999999999704,-119.94035148466406
948,1,6.54,6.54,3.32,-38.14999999999969,-119.94035148466406
949,1,6.54,6.54,3.32,-26.59999999999968,-119.94035148466406
950,1,6.54,6.54,3.32,-15.04999999999967,-119.94035148466406
951,1,6.54,6.54,3.32,-3.499999999999659,-119.94035148466406
952,1,6.54,6.54,3.32,8.050000000000352,-119.94035148466406
953,1,6.54,6.54,3.32,19.600000000000364,-119.94035148466406
954,1,6.54,6.54,3.32,31.150000000000375,-119.94035148466406
955,1,6.54,6.54,3.32,42.70000000000039,-119.94035148466406
956,1,6.54,6.54,3.32,54.2500000000004,-119.94035148466406
957,1,6.54,6.54,3.32,65.80000000000041,-119.94035148466406
958,1,6.54,6.54,3.32,77.35000000000042,-119.94035148466406
959,1,6.54,6.54,3.32,88.90000000000043,-119.94035148466406
960,2,6.48,6.48,3.29,100.45000000000044,-119.94035148466406
961,2,6.48,6.48,3.29,112.00000000000045,-119.94035148466406
962,2,6.48,6.48,3.29,123.55000000000047,-119.94035148466406
963,2,6.48,6.48,3.29,135.10000000000048,-119.94035148466406
964,2,6.48,6.48,3.29,146.6500000000005,-119.94035148466406
965,2,6.48,6.48,3.29,158.20000000000044,-119.94035148466406
966,2,6.48,6.48,3.29,169.7500000000005,-119.94035148466406
967,2,6.48,6.48,3.29,181.30000000000058,-119.94035148466406
968,2,6.48,6.48,3.29,192.85000000000053,-119.94035148466406
969,3,6.42,6.42,3.26,204.4000000000005,-119.94035148466406
970,3,6.42,6.42,3.26,215.95000000000056,-119.94035148466406
971,3,6.42,6.42,3.26,227.50000000000063,-119.94035148466406
972,3,6.42,6.42,3.26,239.05000000000058,-119.94035148466406
973,3,6.42,6.42,3.26,250.60000000000053,-119.94035148466406
974,4,6.36,6.36,3.23,262.1500000000006,-119.94035148466406
975,4,6.36,6.36,3.23,273.70000000000067,-119.94035148466406
976,4,6.36,6.36,3.23,285.2500000000006,-119.94035148466406
977,4,6.36,6.36,3.23,296.8000000000006,-119.94035148466406
978,4,6.36,6.36,3.23,308.35000000000065,-119.94035148466406
979,4,6.36,6.36,3.23,319.9000000000007,-119.94035148466406
980,4,6.36,6.36,3.23,-321.125,-109.9377580709538
981,4,6.36,6.36,3.23,-309.575,-109.9377580709538
982,4,6.36,6.36,3.23,-298.025,-109.9377580709538
983,4,6.36,6.36,3.23,-286.47499999999997,-109.9377580709538
984,4,6.36,6.36,3.23,-274.92499999999995,-109.9377580709538
985,3,6.42,6.42,3.26,-263.37499999999994,-109.9377580709538
986,3,6.42,6.42,3.26,-251.8249999999999,-109.9377580709538
987,3,6.42,6.42,3.26,-240.2749999999999,-109.9377580709538
988,3,6.42,6.42,3.26,-228.72499999999988,-109.9377580709538
989,3,6.42,6.42,3.26,-217.17499999999987,-109.9377580709538
990,3,6.42,6.42,3.26,-205.62499999999986,-109.9377580709538
991,2,6.48,6.48,3.29,-194.07499999999985,-109.9377580709538
992,2,6.48,6.48,3.29,-182.52499999999984,-109.9377580709538
993,2,6.48,6.48,3.29,-170.97499999999982,-109.9377580709538
994,2,6.48,6.48,3.29,-159.4249999999998,-109.9377580709538
995,2,6.48,6.48,3.29,-147.8749999999998,-109.9377580709538
996,2,6.48,6.48,3.29,-136.3249999999998,-109.9377580709538
997,2,6.48,6.48,3.29,-124.77499999999978,-109.9377580709538
998,2,6.48,6.48,3.29,-113.22499999999977,-109.9377580709538
999,1,6.54,6.54,3.32,-101.67499999999976,-109.9377580709538
1000,1,6.54,6.54,3.32,-90.12499999999974,-109.9377580709538
1001,1,6.54,6.54,3.32,-78.57499999999973,-109.9377580709538
1002,1,6.54,6.54,3.32,-67.02499999999972,-109.9377580709538
1003,1,6.54,6.54,3.32,-55.47499999999972,-109.9377580709538
1004,1,6.54,6.54,3.32,-43.924999999999706,-109.9377580709538
1005,1,6.54,6.54,3.32,-32.374999999999694,-109.9377580709538
1006,1,6.54,6.54,3.32,-20.824999999999683,-109.9377580709538
1007,1,6.54,6.54,3.32,-9.27499999999967,-109.9377580709538
1008,1,6.54,6.54,3.32,2.2750000000003414,-109.9377580709538
1009,1,6.54,6.54,3.32,13.825000000000353,-109.9377580709538
1010,1,6.54,6.54,3.32,25.375000000000362,-109.9377580709538
1011,1,6.54,6.54,3.32,36.925000000000374,-109.9377580709538
1012,1,6.54,6.54,3.32,48.475000000000385,-109.9377580709538
1013,1,6.54,6.54,3.32,60.0250000000004,-109.9377580709538
1014,1,6.54,6.54,3.32,71.57500000000041,-109.9377580709538
1015,1,6.54,6.54,3.32,83.12500000000043,-109.9377580709538
1016,1,6.54,6.54,3.32,94.67500000000044,-109.9377580709538
1017,1,6.54,6.54,3.32,106.22500000000045,-109.9377580709538
1018,2,6.48,6.48,3.29,117.77500000000046,-109.9377580709538
1019,2,6.48,6.48,3.29,129.32500000000047,-109.9377580709538
1020,2,6.48,6.48,3.29,140.87500000000048,-109.9377580709538
1021,2,6.48,6.48,3.29,152.4250000000005,-109.9377580709538
1022,2,6.48,6.48,3.29,163.97500000000045,-109.9377580709538
1023,2,6.48,6.48,3.29,175.52500000000052,-109.9377580709538
1024,2,6.48,6.48,3.29,187.07500000000059,-109.9377580709538
1025,2,6.48,6.48,3.29,198.62500000000054,-109.9377580709538
1026,3,6.42,6.42,3.26,210.1750000000005,-109.9377580709538
1027,3,6.42,6.42,3.26,221.72500000000056,-109.9377580709538
1028,3,6.42,6.42,3.26,233.27500000000063,-109.9377580709538
1029,3,6.42,6.42,3.26,244.82500000000059,-109.9377580709538
1030,3,6.42,6.42,3.26,256.3750000000005,-109.9377580709538
1031,4,6.36,6.36,3.23,267.9250000000006,-109.9377580709538
1032,4,6.36,6.36,3.23,279.47500000000065,-109.9377580709538
1033,4,6.36,6.36,3.23,291.0250000000006,-109.9377580709538
1034,4,6.36,6.36,3.23,302.57500000000056,-109.9377580709538
1035,4,6.36,6.36,3.23,314.1250000000006,-109.9377580709538
1036,4,6.36,6.36,3.23,325.6750000000007,-109.9377580709538
1037,4,6.36,6.36,3.23,-326.9,-99.93516465724355
1038,4,6.36,6.36,3.23,-315.34999999999997,-99.93516465724355
1039,4,6.36,6.36,3.23,-303.79999999999995,-99.93516465724355
1040,4,6.36,6.36,3.23,-292.24999999999994,-99.93516465724355
1041,4,6.36,6.36,3.23,-280.69999999999993,-99.93516465724355
1042,3,6.42,6.42,3.26,-269.1499999999999,-99.93516465724355
1043,3,6.42,6.42,3.26,-257.5999999999999,-99.93516465724355
1044,3,6.42,6.42,3.26,-246.0499999999999,-99.93516465724355
1045,3,6.42,6.42,3.26,-234.4999999999999,-99.93516465724355
1046,3,6.42,6.42,3.26,-222.94999999999987,-99.93516465724355
1047,3,6.42,6.42,3.26,-211.39999999999986,-99.93516465724355
1048,2,6.48,6.48,3.29,-199.84999999999985,-99.93516465724355
1049,2,6.48,6.48,3.29,-188.29999999999984,-99.93516465724355
1050,2,6.48,6.48,3.29,-176.74999999999983,-99.93516465724355
1051,2,6.48,6.48,3.29,-165.19999999999982,-99.93516465724355
1052,2,6.48,6.48,3.29,-153.6499999999998,-99.93516465724355
1053,2,6.48,6.48,3.29,-142.0999999999998,-99.93516465724355
1054,2,6.48,6.48,3.29,-130.54999999999978,-99.93516465724355
1055,1,6.54,6.54,3.32,-118.99999999999977,-99.93516465724355
1056,1,6.54,6.54,3.32,-107.44999999999976,-99.93516465724355
1057,1,6.54,6.54,3.32,-95.89999999999975,-99.93516465724355
1058,1,6.54,6.54,3.32,-84.34999999999974,-99.93516465724355
1059,1,6.54,6.54,3.32,-72.79999999999973,-99.93516465724355
1060,1,6.54,6.54,3.32,-61.249999999999716,-99.93516465724355
1061,1,6.54,6.54,3.32,-49.699999999999704,-99.93516465724355
1062,1,6.54,6.54,3.32,-38.14999999999969,-99.93516465724355
1063,1,6.54,6.54,3.32,-26.59999999999968,-99.93516465724355
1064,1,6.54,6.54,3.32,-15.04999999999967,-99.93516465724355
1065,1,6.54,6.54,3.32,-3.499999999999659,-99.93516465724355
1066,1,6.54,6.54,3.32,8.050000000000352,-99.93516465724355
1067,1,6.54,6.54,3.32,19.600000000000364,-99.93516465724355
1068,1,6.54,6.54,3.32,31.150000000000375,-99.93516465724355
1069,1,6.54,6.54,3.32,42.70000000000039,-99.93516465724355
1070,1,6.54,6.54,3.32,54.2500000000004,-99.93516465724355
1071,1,6.54,6.54,3.32,65.80000000000041,-99.93516465724355
1072,1,6.54,6.54,3.32,77.35000000000042,-99.93516465724355
1073,1,6.54,6.54,3.32,88.90000000000043,-99.93516465724355
1074,1,6.54,6.54,3.32,100.45000000000044,-99.93516465724355
1075,1,6.54,6.54,3.32,112.00000000000045,-99.93516465724355
1076,1,6.54,6.54,3.32,123.55000000000047,-99.93516465724355
1077,2,6.48,6.48,3.29,135.10000000000048,-99.93516465724355
1078,2,6.48,6.48,3.29,146.6500000000005,-99.93516465724355
1079,2,6.48,6.48,3.29,158.20000000000044,-99.93516465724355
1080,2,6.48,6.48,3.29,169.7500000000005,-99.93516465724355
1081,2,6.48,6.48,3.29,181.30000000000058,-99.93516465724355
1082,2,6.48,6.48,3.29,192.85000000000053,-99.93516465724355
1083,2,6.48,6.48,3.29,204.4000000000005,-99.93516465724355
1084,3,6.42,6.42,3.26,215.95000000000056,-99.93516465724355
1085,3,6.42,6.42,3.26,227.50000000000063,-99.93516465724355
1086,3,6.42,6.42,3.26,239.05000000000058,-99.93516465724355
1087,3,6.42,6.42,3.26,250.60000000000053,-99.93516465724355
1088,3,6.42,6.42,3.26,262.1500000000006,-99.93516465724355
1089,4,6.36,6.36,3.23,273.70000000000067,-99.93516465724355
1090,4,6.36,6.36,3.23,285.2500000000006,-99.93516465724355
1091,4,6.36,6.36,3.23,296.8000000000006,-99.93516465724355
1092,4,6.36,6.36,3.23,308.35000000000065,-99.93516465724355
1093,4,6.36,6.36,3.23,319.9000000000007,-99.93516465724355
1094,4,6.36,6.36,3.23,331.45000000000067,-99.93516465724355
1095,4,6.36,6.36,3.23,-332.675,-89.93257124353329
1096,4,6.36,6.36,3.23,-321.125,-89.93257124353329
1097,4,6.36,6.36,3.23,-309.575,-89.93257124353329
1098,4,6.36,6.36,3.23,-298.025,-89.93257124353329
1099,4,6.36,6.36,3.23,-286.47499999999997,-89.93257124353329
1100,4,6.36,6.36,3.23,-274.92499999999995,-89.93257124353329
1101,3,6.42,6.42,3.26,-263.37499999999994,-89.93257124353329
1102,3,6.42,6.42,3.26,-251.8249999999999,-89.93257124353329
1103,3,6.42,6.42,3.26,-240.2749999999999,-89.93257124353329
1104,3,6.42,6.42,3.26,-228.72499999999988,-89.93257124353329
1105,3,6.42,6.42,3.26,-217.17499999999987,-89.93257124353329
1106,2,6.48,6.48,3.29,-205.62499999999986,-89.93257124353329
1107,2,6.48,6.48,3.29,-194.07499999999985,-89.93257124353329
1108,2,6.48,6.48,3.29,-182.52499999999984,-89.93257124353329
1109,2,6.48,6.48,3.29,-170.97499999999982,-89.93257124353329
1110,2,6.48,6.48,3.29,-159.4249999999998,-89.93257124353329
1111,2,6.48,6.48,3.29,-147.8749999999998,-89.93257124353329
1112,2,6.48,6.48,3.29,-136.3249999999998,-89.93257124353329
1113,1,6.54,6.54,3.32,-124.77499999999978,-89.93257124353329
1114,1,6.54,6.54,3.32,-113.22499999999977,-89.93257124353329
1115,1,6.54,6.54,3.32,-101.67499999999976,-89.93257124353329
1116,1,6.54,6.54,3.32,-90.12499999999974,-89.93257124353329
1117,1,6.54,6.54,3.32,-78.57499999999973,-89.93257124353329
1118,1,6.54,6.54,3.32,-67.02499999999972,-89.93257124353329
1119,1,6.54,6.54,3.32,-55.47499999999972,-89.93257124353329
1120,1,6.54,6.54,3.32,-43.924999999999706,-89.93257124353329
1121,1,6.54,6.54,3.32,-32.374999999999694,-89.93257124353329
1122,1,6.54,6.54,3.32,-20.824999999999683,-89.93257124353329
1123,1,6.54,6.54,3.32,-9.27499999999967,-89.93257124353329
1124,1,6.54,6.54,3.32,2.2750000000003414,-89.93257124353329
1125,1,6.54,6.54,3.32,13.825000000000353,-89.93257124353329
1126,1,6.54,6.54,3.32,25.375000000000362,-89.93257124353329
1127,1,6.54,6.54,3.32,36.925000000000374,-89.93257124353329
1128,1,6.54,6.54,3.32,48.475000000000385,-89.93257124353329
1129,1,6.54,6.54,3.32,60.0250000000004,-89.93257124353329
1130,1,6.54,6.54,3.32,71.57500000000041,-89.93257124353329
1131,1,6.54,6.54,3.32,83.12500000000043,-89.93257124353329
1132,1,6.54,6.54,3.32,94.67500000000044,-89.93257124353329
1133,1,6.54,6.54,3.32,106.22500000000045,-89.93257124353329
1134,1,6.54,6.54,3.32,117.77500000000046,-89.93257124353329
1135,1,6.54,6.54,3.32,129.32500000000047,-89.93257124353329
1136,2,6.48,6.48,3.29,140.87500000000048,-89.93257124353329
1137,2,6.48,6.48,3.29,152.4250000000005,-89.93257124353329
1138,2,6.48,6.48,3.29,163.97500000000045,-89.93257124353329
1139,2,6.48,6.48,3.29,175.52500000000052,-89.93257124353329
1140,2,6.48,6.48,3.29,187.07500000000059,-89.93257124353329
1141,2,6.48,6.48,3.29,198.62500000000054,-89.93257124353329
1142,2,6.48,6.48,3.29,210.1750000000005,-89.93257124353329
1143,3,6.42,6.42,3.26,221.72500000000056,-89.93257124353329
1144,3,6.42,6.42,3.26,233.27500000000063,-89.93257124353329
1145,3,6.42,6.42,3.26,244.82500000000059,-89.93257124353329
1146,3,6.42,6.42,3.26,256.3750000000005,-89.93257124353329
1147,3,6.42,6.42,3.26,267.9250000000006,-89.93257124353329
1148,4,6.36,6.36,3.23,279.47500000000065,-89.93257124353329
1149,4,6.36,6.36,3.23,291.0250000000006,-89.93257124353329
1150,4,6.36,6.36,3.23,302.57500000000056,-89.93257124353329
1151,4,6.36,6.36,3.23,314.1250000000006,-89.93257124353329
1152,4,6.36,6.36,3.23,325.6750000000007,-89.93257124353329
1153,4,6.36,6.36,3.23,337.22500000000065,-89.93257124353329
1154,4,6.36,6.36,3.23,-338.45,-79.92997782982303
1155,4,6.36,6.36,3.23,-326.9,-79.92997782982303
1156,4,6.36,6.36,3.23,-315.34999999999997,-79.92997782982303
1157,4,6.36,6.36,3.23,-303.79999999999995,-79.92997782982303
1158,4,6.36,6.36,3.23,-292.24999999999994,-79.92997782982303
1159,4,6.36,6.36,3.23,-280.69999999999993,-79.92997782982303
1160,3,6.42,6.42,3.26,-269.1499999999999,-79.92997782982303
1161,3,6.42,6.42,3.26,-257.5999999999999,-79.92997782982303
1162,3,6.42,6.42,3.26,-246.0499999999999,-79.92997782982303
1163,3,6.42,6.42,3.26,-234.4999999999999,-79.92997782982303
1164,3,6.42,6.42,3.26,-222.94999999999987,-79.92997782982303
1165,2,6.48,6.48,3.29,-211.39999999999986,-79.92997782982303
1166,2,6.48,6.48,3.29,-199.84999999999985,-79.92997782982303
1167,2,6.48,6.48,3.29,-188.29999999999984,-79.92997782982303
1168,2,6.48,6.48,3.29,-176.74999999999983,-79.92997782982303
1169,2,6.48,6.48,3.29,-165.19999999999982,-79.92997782982303
1170,2,6.48,6.48,3.29,-153.6499999999998,-79.92997782982303
1171,1,6.54,6.54,3.32,-142.0999999999998,-79.92997782982303
1172,1,6.54,6.54,3.32,-130.54999999999978,-79.92997782982303
1173,1,6.54,6.54,3.32,-118.99999999999977,-79.92997782982303
1174,1,6.54,6.54,3.32,-107.44999999999976,-79.92997782982303
1175,1,6.54,6.54,3.32,-95.89999999999975,-79.92997782982303
1176,1,6.54,6.54,3.32,-84.34999999999974,-79.92997782982303
1177,1,6.54,6.54,3.32,-72.79999999999973,-79.92997782982303
1178,1,6.54,6.54,3.32,-61.249999999999716,-79.92997782982303
1179,1,6.54,6.54,3.32,-49.699999999999704,-79.92997782982303
1180,1,6.54,6.54,3.32,-38.14999999999969,-79.92997782982303
1181,1,6.54,6.54,3.32,-26.59999999999968,-79.92997782982303
1182,1,6.54,6.54,3.32,-15.04999999999967,-79.92997782982303
1183,1,6.54,6.54,3.32,-3.499999999999659,-79.92997782982303
1184,1,6.54,6.54,3.32,8.050000000000352,-79.92997782982303
1185,1,6.54,6.54,3.32,19.600000000000364,-79.92997782982303
1186,1,6.54,6.54,3.32,31.150000000000375,-79.92997782982303
1187,1,6.54,6.54,3.32,42.70000000000039,-79.92997782982303
1188,1,6.54,6.54,3.32,54.2500000000004,-79.92997782982303
1189,1,6.54,6.54,3.32,65.80000000000041,-79.92997782982303
1190,1,6.54,6.54,3.32,77.35000000000042,-79.92997782982303
1191,1,6.54,6.54,3.32,88.90000000000043,-79.92997782982303
1192,1,6.54,6.54,3.32,100.45000000000044,-79.92997782982303
1193,1,6.54,6.54,3.32,112.00000000000045,-79.92997782982303
1194,1,6.54,6.54,3.32,123.55000000000047,-79.92997782982303
1195,1,6.54,6.54,3.32,135.10000000000048,-79.92997782982303
1196,2,6.48,6.48,3.29,146.6500000000005,-79.92997782982303
1197,2,6.48,6.48,3.29,158.20000000000044,-79.92997782982303
1198,2,6.48,6.48,3.29,169.7500000000005,-79.92997782982303
1199,2,6.48,6.48,3.29,181.30000000000058,-79.92997782982303
1200,2,6.48,6.48,3.29,192.85000000000053,-79.92997782982303
1201,2,6.48,6.48,3.29,204.4000000000005,-79.92997782982303
1202,2,6.48,6.48,3.29,215.95000000000056,-79.92997782982303
1203,3,6.42,6.42,3.26,227.50000000000063,-79.92997782982303
1204,3,6.42,6.42,3.26,239.05000000000058,-79.92997782982303
1205,3,6.42,6.42,3.26,250.60000000000053,-79.92997782982303
1206,3,6.42,6.42,3.26,262.1500000000006,-79.92997782982303
1207,3,6.42,6.42,3.26,273.70000000000067,-79.92997782982303
1208,4,6.36,6.36,3.23,285.2500000000006,-79.92997782982303
1209,4,6.36,6.36,3.23,296.8000000000006,-79.92997782982303
1210,4,6.36,6.36,3.23,308.35000000000065,-79.92997782982303
1211,4,6.36,6.36,3.23,319.9000000000007,-79.92997782982303
1212,4,6.36,6.36,3.23,331.45000000000067,-79.92997782982303
1213,4,6.36,6.36,3.23,-332.675,-69.92738441611277
1214,4,6.36,6.36,3.23,-321.125,-69.92738441611277
1215,4,6.36,6.36,3.23,-309.575,-69.92738441611277
1216,4,6.36,6.36,3.23,-298.025,-69.92738441611277
1217,4,6.36,6.36,3.23,-286.47499999999997,-69.92738441611277
1218,3,6.42,6.42,3.26,-274.92499999999995,-69.92738441611277
1219,3,6.42,6.42,3.26,-263.37499999999994,-69.92738441611277
1220,3,6.42,6.42,3.26,-251.8249999999999,-69.92738441611277
1221,3,6.42,6.42,3.26,-240.2749999999999,-69.92738441611277
1222,3,6.42,6.42,3.26,-228.72499999999988,-69.92738441611277
1223,2,6.48,6.48,3.29,-217.17499999999987,-69.92738441611277
1224,2,6.48,6.48,3.29,-205.62499999999986,-69.92738441611277
1225,2,6.48,6.48,3.29,-194.07499999999985,-69.92738441611277
1226,2,6.48,6.48,3.29,-182.52499999999984,-69.92738441611277
1227,2,6.48,6.48,3.29,-170.97499999999982,-69.92738441611277
1228,2,6.48,6.48,3.29,-159.4249999999998,-69.92738441611277
1229,1,6.54,6.54,3.32,-147.8749999999998,-69.92738441611277
1230,1,6.54,6.54,3.32,-136.3249999999998,-69.92738441611277
1231,1,6.54,6.54,3.32,-124.77499999999978,-69.92738441611277
1232,1,6.54,6.54,3.32,-113.22499999999977,-69.92738441611277
1233,1,6.54,6.54,3.32,-101.67499999999976,-69.92738441611277
1234,1,6.54,6.54,3.32,-90.12499999999974,-69.92738441611277
1235,1,6.54,6.54,3.32,-78.57499999999973,-69.92738441611277
1236,1,6.54,6.54,3.32,-67.02499999999972,-69.92738441611277
1237,1,6.54,6.54,3.32,-55.47499999999972,-69.92738441611277
1238,1,6.54,6.54,3.32,-43.924999999999706,-69.92738441611277
1239,1,6.54,6.54,3.32,-32.374999999999694,-69.92738441611277
1240,1,6.54,6.54,3.32,-20.824999999999683,-69.92738441611277
1241,1,6.54,6.54,3.32,-9.27499999999967,-69.92738441611277
1242,1,6.54,6.54,3.32,2.2750000000003414,-69.92738441611277
1243,1,6.54,6.54,3.32,13.825000000000353,-69.92738441611277
1244,1,6.54,6.54,3.32,25.375000000000362,-69.92738441611277
1245,1,6.54,6.54,3.32,36.925000000000374,-69.92738441611277
1246,1,6.54,6.54,3.32,48.475000000000385,-69.92738441611277
1247,1,6.54,6.54,3.32,60.0250000000004,-69.92738441611277
1248,1,6.54,6.54,3.32,71.57500000000041,-69.92738441611277
1249,1,6.54,6.54,3.32,83.12500000000043,-69.92738441611277
1250,1,6.54,6.54,3.32,94.67500000000044,-69.92738441611277
1251,1,6.54,6.54,3.32,106.22500000000045,-69.92738441611277
1252,1,6.54,6.54,3.32,117.77500000000046,-69.92738441611277
1253,1,6.54,6.54,3.32,129.32500000000047,-69.92738441611277
1254,1,6.54,6.54,3.32,140.87500000000048,-69.92738441611277
1255,1,6.54,6.54,3.32,152.4250000000005,-69.92738441611277
1256,2,6.48,6.48,3.29,163.97500000000045,-69.92738441611277
1257,2,6.48,6.48,3.29,175.52500000000052,-69.92738441611277
1258,2,6.48,6.48,3.29,187.07500000000059,-69.92738441611277
1259,2,6.48,6.48,3.29,198.62500000000054,-69.92738441611277
1260,2,6.48,6.48,3.29,210.1750000000005,-69.92738441611277
1261,2,6.48,6.48,3.29,221.72500000000056,-69.92738441611277
1262,3,6.42,6.42,3.26,233.27500000000063,-69.92738441611277
1263,3,6.42,6.42,3.26,244.82500000000059,-69.92738441611277
1264,3,6.42,6.42,3.26,256.3750000000005,-69.92738441611277
1265,3,6.42,6.42,3.26,267.9250000000006,-69.92738441611277
1266,3,6.42,6.42,3.26,279.47500000000065,-69.92738441611277
1267,4,6.36,6.36,3.23,291.0250000000006,-69.92738441611277
1268,4,6.36,6.36,3.23,302.57500000000056,-69.92738441611277
1269,4,6.36,6.36,3.23,314.1250000000006,-69.92738441611277
1270,4,6.36,6.36,3.23,325.6750000000007,-69.92738441611277
1271,4,6.36,6.36,3.23,337.22500000000065,-69.92738441611277
1272,4,6.36,6.36,3.23,-338.45,-59.924791002402515
1273,4,6.36,6.36,3.23,-326.9,-59.924791002402515
1274,4,6.36,6.36,3.23,-315.34999999999997,-59.924791002402515
1275,4,6.36,6.36,3.23,-303.79999999999995,-59.924791002402515
1276,4,6.36,6.36,3.23,-292.24999999999994,-59.924791002402515
1277,3,6.42,6.42,3.26,-280.69999999999993,-59.924791002402515
1278,3,6.42,6.42,3.26,-269.1499999999999,-59.924791002402515
1279,3,6.42,6.42,3.26,-257.5999999999999,-59.924791002402515
1280,3,6.42,6.42,3.26,-246.0499999999999,-59.924791002402515
1281,3,6.42,6.42,3.26,-234.4999999999999,-59.924791002402515
1282,2,6.48,6.48,3.29,-222.94999999999987,-59.924791002402515
1283,2,6.48,6.48,3.29,-211.39999999999986,-59.924791002402515
1284,2,6.48,6.48,3.29,-199.84999999999985,-59.924791002402515
1285,2,6.48,6.48,3.29,-188.29999999999984,-59.924791002402515
1286,2,6.48,6.48,3.29,-176.74999999999983,-59.924791002402515
1287,2,6.48,6.48,3.29,-165.19999999999982,-59.924791002402515
1288,1,6.54,6.54,3.32,-153.6499999999998,-59.924791002402515
1289,1,6.54,6.54,3.32,-142.0999999999998,-59.924791002402515
1290,1,6.54,6.54,3.32,-130.54999999999978,-59.924791002402515
1291,1,6.54,6.54,3.32,-118.99999999999977,-59.924791002402515
1292,1,6.54,6.54,3.32,-107.44999999999976,-59.924791002402515
1293,1,6.54,6.54,3.32,-95.89999999999975,-59.924791002402515
1294,1,6.54,6.54,3.32,-84.34999999999974,-59.924791002402515
1295,1,6.54,6.54,3.32,-72.79999999999973,-59.924791002402515
1296,1,6.54,6.54,3.32,-61.249999999999716,-59.924791002402515
1297,1,6.54,6.54,3.32,-49.699999999999704,-59.924791002402515
1298,1,6.54,6.54,3.32,-38.14999999999969,-59.924791002402515
1299,1,6.54,6.54,3.32,-26.59999999999968,-59.924791002402515
1300,1,6.54,6.54,3.32,-15.04999999999967,-59.924791002402515
1301,1,6.54,6.54,3.32,-3.499999999999659,-59.924791002402515
1302,1,6.54,6.54,3.32,8.050000000000352,-59.924791002402515
1303,1,6.54,6.54,3.32,19.600000000000364,-59.924791002402515
1304,1,6.54,6.54,3.32,31.150000000000375,-59.924791002402515
1305,1,6.54,6.54,3.32,42.70000000000039,-59.924791002402515
1306,1,6.54,6.54,3.32,54.2500000000004,-59.924791002402515
1307,1,6.54,6.54,3.32,65.80000000000041,-59.924791002402515
1308,1,6.54,6.54,3.32,77.35000000000042,-59.924791002402515
1309,1,6.54,6.54,3.32,88.90000000000043,-59.924791002402515
1310,1,6.54,6.54,3.32,100.45000000000044,-59.924791002402515
1311,1,6.54,6.54,3.32,112.00000000000045,-59.924791002402515
1312,1,6.54,6.54,3.32,123.55000000000047,-59.924791002402515
1313,1,6.54,6.54,3.32,135.10000000000048,-59.924791002402515
1314,1,6.54,6.54,3.32,146.6500000000005,-59.924791002402515
1315,1,6.54,6.54,3.32,158.20000000000044,-59.924791002402515
1316,2,6.48,6.48,3.29,169.7500000000005,-59.924791002402515
1317,2,6.48,6.48,3.29,181.30000000000058,-59.924791002402515
1318,2,6.48,6.48,3.29,192.85000000000053,-59.924791002402515
1319,2,6.48,6.48,3.29,204.4000000000005,-59.924791002402515
1320,2,6.48,6.48,3.29,215.95000000000056,-59.924791002402515
1321,2,6.48,6.48,3.29,227.50000000000063,-59.924791002402515
1322,3,6.42,6.42,3.26,239.05000000000058,-59.924791002402515
1323,3,6.42,6.42,3.26,250.60000000000053,-59.924791002402515
1324,3,6.42,6.42,3.26,262.1500000000006,-59.924791002402515
1325,3,6.42,6.42,3.26,273.70000000000067,-59.924791002402515
1326,3,6.42,6.42,3.26,285.2500000000006,-59.924791002402515
1327,4,6.36,6.36,3.23,296.8000000000006,-59.924791002402515
1328,4,6.36,6.36,3.23,308.35000000000065,-59.924791002402515
1329,4,6.36,6.36,3.23,319.9000000000007,-59.924791002402515
1330,4,6.36,6.36,3.23,331.45000000000067,-59.924791002402515
1331,4,6.36,6.36,3.23,343.0000000000006,-59.924791002402515
1332,4,6.36,6.36,3.23,-344.225,-49.922197588692256
1333,4,6.36,6.36,3.23,-332.675,-49.922197588692256
1334,4,6.36,6.36,3.23,-321.125,-49.922197588692256
1335,4,6.36,6.36,3.23,-309.575,-49.922197588692256
1336,4,6.36,6.36,3.23,-298.025,-49.922197588692256
1337,3,6.42,6.42,3.26,-286.47499999999997,-49.922197588692256
1338,3,6.42,6.42,3.26,-274.92499999999995,-49.922197588692256
1339,3,6.42,6.42,3.26,-263.37499999999994,-49.922197588692256
1340,3,6.42,6.42,3.26,-251.8249999999999,-49.922197588692256
1341,3,6.42,6.42,3.26,-240.2749999999999,-49.922197588692256
1342,2,6.48,6.48,3.29,-228.72499999999988,-49.922197588692256
1343,2,6.48,6.48,3.29,-217.17499999999987,-49.922197588692256
1344,2,6.48,6.48,3.29,-205.62499999999986,-49.922197588692256
1345,2,6.48,6.48,3.29,-194.07499999999985,-49.922197588692256
1346,2,6.48,6.48,3.29,-182.52499999999984,-49.922197588692256
1347,2,6.48,6.48,3.29,-170.97499999999982,-49.922197588692256
1348,1,6.54,6.54,3.32,-159.4249999999998,-49.922197588692256
1349,1,6.54,6.54,3.32,-147.8749999999998,-49.922197588692256
1350,1,6.54,6.54,3.32,-136.3249999999998,-49.922197588692256
1351,1,6.54,6.54,3.32,-124.77499999999978,-49.922197588692256
1352,1,6.54,6.54,3.32,-113.22499999999977,-49.922197588692256
1353,1,6.54,6.54,3.32,-101.67499999999976,-49.922197588692256
1354,1,6.54,6.54,3.32,-90.12499999999974,-49.922197588692256
1355,1,6.54,6.54,3.32,-78.57499999999973,-49.922197588692256
1356,1,6.54,6.54,3.32,-67.02499999999972,-49.922197588692256
1357,1,6.54,6.54,3.32,-55.47499999999972,-49.922197588692256
1358,1,6.54,6.54,3.32,-43.924999999999706,-49.922197588692256
1359,1,6.54,6.54,3.32,-32.374999999999694,-49.922197588692256
1360,1,6.54,6.54,3.32,-20.824999999999683,-49.922197588692256
1361,1,6.54,6.54,3.32,-9.27499999999967,-49.922197588692256
1362,1,6.54,6.54,3.32,13.825000000000353,-49.922197588692256
1363,1,6.54,6.54,3.32,25.375000000000362,-49.922197588692256
1364,1,6.54,6.54,3.32,36.925000000000374,-49.922197588692256
1365,1,6.54,6.54,3.32,48.475000000000385,-49.922197588692256
1366,1,6.54,6.54,3.32,60.0250000000004,-49.922197588692256
1367,1,6.54,6.54,3.32,71.57500000000041,-49.922197588692256
1368,1,6.54,6.54,3.32,83.12500000000043,-49.922197588692256
1369,1,6.54,6.54,3.32,94.67500000000044,-49.922197588692256
1370,1,6.54,6.54,3.32,106.22500000000045,-49.922197588692256
1371,1,6.54,6.54,3.32,117.77500000000046,-49.922197588692256
1372,1,6.54,6.54,3.32,129.32500000000047,-49.922197588692256
1373,1,6.54,6.54,3.32,140.87500000000048,-49.922197588692256
1374,1,6.54,6.54,3.32,152.4250000000005,-49.922197588692256
1375,1,6.54,6.54,3.32,163.97500000000045,-49.922197588692256
1376,2,6.48,6.48,3.29,175.52500000000052,-49.922197588692256
1377,2,6.48,6.48,3.29,187.07500000000059,-49.922197588692256
1378,2,6.48,6.48,3.29,198.62500000000054,-49.922197588692256
1379,2,6.48,6.48,3.29,210.1750000000005,-49.922197588692256
1380,2,6.48,6.48,3.29,221.72500000000056,-49.922197588692256
1381,2,6.48,6.48,3.29,233.27500000000063,-49.922197588692256
1382,3,6.42,6.42,3.26,244.82500000000059,-49.922197588692256
1383,3,6.42,6.42,3.26,256.3750000000005,-49.922197588692256
1384,3,6.42,6.42,3.26,267.9250000000006,-49.922197588692256
1385,3,6.42,6.42,3.26,279.47500000000065,-49.922197588692256
1386,3,6.42,6.42,3.26,291.0250000000006,-49.922197588692256
1387,4,6.36,6.36,3.23,302.57500000000056,-49.922197588692256
1388,4,6.36,6.36,3.23,314.1250000000006,-49.922197588692256
1389,4,6.36,6.36,3.23,325.6750000000007,-49.922197588692256
1390,4,6.36,6.36,3.23,337.22500000000065,-49.922197588692256
1391,4,6.36,6.36,3.23,-338.45,-39.919604174982
1392,4,6.36,6.36,3.23,-326.9,-39.919604174982
1393,4,6.36,6.36,3.23,-315.34999999999997,-39.919604174982
1394,4,6.36,6.36,3.23,-303.79999999999995,-39.919604174982
1395,3,6.42,6.42,3.26,-292.24999999999994,-39.919604174982
1396,3,6.42,6.42,3.26,-280.69999999999993,-39.919604174982
1397,3,6.42,6.42,3.26,-269.1499999999999,-39.919604174982
1398,3,6.42,6.42,3.26,-257.5999999999999,-39.919604174982
1399,3,6.42,6.42,3.26,-246.0499999999999,-39.919604174982
1400,2,6.48,6.48,3.29,-234.4999999999999,-39.919604174982
1401,2,6.48,6.48,3.29,-222.94999999999987,-39.919604174982
1402,2,6.48,6.48,3.29,-211.39999999999986,-39.919604174982
1403,2,6.48,6.48,3.29,-199.84999999999985,-39.919604174982
1404,2,6.48,6.48,3.29,-188.29999999999984,-39.919604174982
1405,2,6.48,6.48,3.29,-176.74999999999983,-39.919604174982
1406,1,6.54,6.54,3.32,-165.19999999999982,-39.919604174982
1407,1,6.54,6.54,3.32,-153.6499999999998,-39.919604174982
1408,1,6.54,6.54,3.32,-142.0999999999998,-39.919604174982
1409,1,6.54,6.54,3.32,-130.54999999999978,-39.919604174982
1410,1,6.54,6.54,3.32,-118.99999999999977,-39.919604174982
1411,1,6.54,6.54,3.32,-107.44999999999976,-39.919604174982
1412,1,6.54,6.54,3.32,-95.89999999999975,-39.919604174982
1413,1,6.54,6.54,3.32,-84.34999999999974,-39.919604174982
1414,1,6.54,6.54,3.32,-72.79999999999973,-39.919604174982
1415,1,6.54,6.54,3.32,-61.249999999999716,-39.919604174982
1416,1,6.54,6.54,3.32,-49.699999999999704,-39.919604174982
1417,1,6.54,6.54,3.32,54.2500000000004,-39.919604174982
1418,1,6.54,6.54,3.32,65.80000000000041,-39.919604174982
1419,1,6.54,6.54,3.32,77.35000000000042,-39.919604174982
1420,1,6.54,6.54,3.32,88.90000000000043,-39.919604174982
1421,1,6.54,6.54,3.32,100.45000000000044,-39.919604174982
1422,1,6.54,6.54,3.32,112.00000000000045,-39.919604174982
1423,1,6.54,6.54,3.32,123.55000000000047,-39.919604174982
1424,1,6.54,6.54,3.32,135.10000000000048,-39.919604174982
1425,1,6.54,6.54,3.32,146.6500000000005,-39.919604174982
1426,1,6.54,6.54,3.32,158.20000000000044,-39.919604174982
1427,1,6.54,6.54,3.32,169.7500000000005,-39.919604174982
1428,2,6.48,6.48,3.29,181.30000000000058,-39.919604174982
1429,2,6.48,6.48,3.29,192.85000000000053,-39.919604174982
1430,2,6.48,6.48,3.29,204.4000000000005,-39.919604174982
1431,2,6.48,6.48,3.29,215.95000000000056,-39.919604174982
1432,2,6.48,6.48,3.29,227.50000000000063,-39.919604174982
1433,2,6.48,6.48,3.29,239.05000000000058,-39.919604174982
1434,3,6.42,6.42,3.26,250.60000000000053,-39.919604174982
1435,3,6.42,6.42,3.26,262.1500000000006,-39.919604174982
1436,3,6.42,6.42,3.26,273.70000000000067,-39.919604174982
1437,3,6.42,6.42,3.26,285.2500000000006,-39.919604174982
1438,4,6.36,6.36,3.23,296.8000000000006,-39.919604174982
1439,4,6.36,6.36,3.23,308.35000000000065,-39.919604174982
1440,4,6.36,6.36,3.23,319.9000000000007,-39.919604174982
1441,4,6.36,6.36,3.23,331.45000000000067,-39.919604174982
1442,4,6.36,6.36,3.23,343.0000000000006,-39.919604174982
1443,4,6.36,6.36,3.23,-344.225,-29.91701076127174
1444,4,6.36,6.36,3.23,-332.675,-29.91701076127174
1445,4,6.36,6.36,3.23,-321.125,-29.91701076127174
1446,4,6.36,6.36,3.23,-309.575,-29.91701076127174
1447,4,6.36,6.36,3.23,-298.025,-29.91701076127174
1448,3,6.42,6.42,3.26,-286.47499999999997,-29.91701076127174
1449,3,6.42,6.42,3.26,-274.92499999999995,-29.91701076127174
1450,3,6.42,6.42,3.26,-263.37499999999994,-29.91701076127174
1451,3,6.42,6.42,3.26,-251.8249999999999,-29.91701076127174
1452,2,6.48,6.48,3.29,-240.2749999999999,-29.91701076127174
1453,2,6.48,6.48,3.29,-228.72499999999988,-29.91701076127174
1454,2,6.48,6.48,3.29,-217.17499999999987,-29.91701076127174
1455,2,6.48,6.48,3.29,-205.62499999999986,-29.91701076127174
1456,2,6.48,6.48,3.29,-194.07499999999985,-29.91701076127174
1457,2,6.48,6.48,3.29,-182.52499999999984,-29.91701076127174
1458,1,6.54,6.54,3.32,-170.97499999999982,-29.91701076127174
1459,1,6.54,6.54,3.32,-159.4249999999998,-29.91701076127174
1460,1,6.54,6.54,3.32,-147.8749999999998,-29.91701076127174
1461,1,6.54,6.54,3.32,-136.3249999999998,-29.91701076127174
1462,1,6.54,6.54,3.32,-124.77499999999978,-29.91701076127174
1463,1,6.54,6.54,3.32,-113.22499999999977,-29.91701076127174
1464,1,6.54,6.54,3.32,-101.67499999999976,-29.91701076127174
1465,1,6.54,6.54,3.32,-90.12499999999974,-29.91701076127174
1466,1,6.54,6.54,3.32,-78.57499999999973,-29.91701076127174
1467,1,6.54,6.54,3.32,-67.02499999999972,-29.91701076127174
1468,1,6.54,6.54,3.32,71.57500000000041,-29.91701076127174
1469,1,6.54,6.54,3.32,83.12500000000043,-29.91701076127174
1470,1,6.54,6.54,3.32,94.67500000000044,-29.91701076127174
1471,1,6.54,6.54,3.32,106.22500000000045,-29.91701076127174
1472,1,6.54,6.54,3.32,117.77500000000046,-29.91701076127174
1473,1,6.54,6.54,3.32,129.32500000000047,-29.91701076127174
1474,1,6.54,6.54,3.32,140.87500000000048,-29.91701076127174
1475,1,6.54,6.54,3.32,152.4250000000005,-29.91701076127174
1476,1,6.54,6.54,3.32,163.97500000000045,-29.91701076127174
1477,1,6.54,6.54,3.32,175.52500000000052,-29.91701076127174
1478,2,6.48,6.48,3.29,187.07500000000059,-29.91701076127174
1479,2,6.48,6.48,3.29,198.62500000000054,-29.91701076127174
1480,2,6.48,6.48,3.29,210.1750000000005,-29.91701076127174
1481,2,6.48,6.48,3.29,221.72500000000056,-29.91701076127174
1482,2,6.48,6.48,3.29,233.27500000000063,-29.91701076127174
1483,3,6.42,6.42,3.26,244.82500000000059,-29.91701076127174
1484,3,6.42,6.42,3.26,256.3750000000005,-29.91701076127174
1485,3,6.42,6.42,3.26,267.9250000000006,-29.91701076127174
1486,3,6.42,6.42,3.26,279.47500000000065,-29.91701076127174
1487,3,6.42,6.42,3.26,291.0250000000006,-29.91701076127174
1488,4,6.36,6.36,3.23,302.57500000000056,-29.91701076127174
1489,4,6.36,6.36,3.23,314.1250000000006,-29.91701076127174
1490,4,6.36,6.36,3.23,325.6750000000007,-29.91701076127174
1491,4,6.36,6.36,3.23,337.22500000000065,-29.91701076127174
1492,4,6.36,6.36,3.23,-338.45,-19.914417347561482
1493,4,6.36,6.36,3.23,-326.9,-19.914417347561482
1494,4,6.36,6.36,3.23,-315.34999999999997,-19.914417347561482
1495,4,6.36,6.36,3.23,-303.79999999999995,-19.914417347561482
1496,3,6.42,6.42,3.26,-292.24999999999994,-19.914417347561482
1497,3,6.42,6.42,3.26,-280.69999999999993,-19.914417347561482
1498,3,6.42,6.42,3.26,-269.1499999999999,-19.914417347561482
1499,3,6.42,6.42,3.26,-257.5999999999999,-19.914417347561482
1500,2,6.48,6.48,3.29,-246.0499999999999,-19.914417347561482
1501,2,6.48,6.48,3.29,-234.4999999999999,-19.914417347561482
1502,2,6.48,6.48,3.29,-222.94999999999987,-19.914417347561482
1503,2,6.48,6.48,3.29,-211.39999999999986,-19.914417347561482
1504,2,6.48,6.48,3.29,-199.84999999999985,-19.914417347561482
1505,2,6.48,6.48,3.29,-188.29999999999984,-19.914417347561482
1506,1,6.54,6.54,3.32,-176.74999999999983,-19.914417347561482
1507,1,6.54,6.54,3.32,-165.19999999999982,-19.914417347561482
1508,1,6.54,6.54,3.32,-153.6499999999998,-19.914417347561482
1509,1,6.54,6.54,3.32,-142.0999999999998,-19.914417347561482
1510,1,6.54,6.54,3.32,-130.54999999999978,-19.914417347561482
1511,1,6.54,6.54,3.32,-118.99999999999977,-19.914417347561482
1512,1,6.54,6.54,3.32,-107.44999999999976,-19.914417347561482
1513,1,6.54,6.54,3.32,-95.89999999999975,-19.914417347561482
1514,1,6.54,6.54,3.32,-84.34999999999974,-19.914417347561482
1515,1,6.54,6.54,3.32,-72.79999999999973,-19.914417347561482
1516,1,6.54,6.54,3.32,77.35000000000042,-19.914417347561482
1517,1,6.54,6.54,3.32,88.90000000000043,-19.914417347561482
1518,1,6.54,6.54,3.32,100.45000000000044,-19.914417347561482
1519,1,6.54,6.54,3.32,112.00000000000045,-19.914417347561482
1520,1,6.54,6.54,3.32,123.55000000000047,-19.914417347561482
1521,1,6.54,6.54,3.32,135.10000000000048,-19.914417347561482
1522,1,6.54,6.54,3.32,146.6500000000005,-19.914417347561482
1523,1,6.54,6.54,3.32,158.20000000000044,-19.914417347561482
1524,1,6.54,6.54,3.32,169.7500000000005,-19.914417347561482
1525,1,6.54,6.54,3.32,181.30000000000058,-19.914417347561482
1526,2,6.48,6.48,3.29,192.85000000000053,-19.914417347561482
1527,2,6.48,6.48,3.29,204.4000000000005,-19.914417347561482
1528,2,6.48,6.48,3.29,215.95000000000056,-19.914417347561482
1529,2,6.48,6.48,3.29,227.50000000000063,-19.914417347561482
1530,2,6.48,6.48,3.29,239.05000000000058,-19.914417347561482
1531,3,6.42,6.42,3.26,250.60000000000053,-19.914417347561482
1532,3,6.42,6.42,3.26,262.1500000000006,-19.914417347561482
1533,3,6.42,6.42,3.26,273.70000000000067,-19.914417347561482
1534,3,6.42,6.42,3.26,285.2500000000006,-19.914417347561482
1535,3,6.42,6.42,3.26,296.8000000000006,-19.914417347561482
1536,4,6.36,6.36,3.23,308.35000000000065,-19.914417347561482
1537,4,6.36,6.36,3.23,319.9000000000007,-19.914417347561482
1538,4,6.36,6.36,3.23,331.45000000000067,-19.914417347561482
1539,4,6.36,6.36,3.23,343.0000000000006,-19.914417347561482
1540,4,6.36,6.36,3.23,-344.225,-9.911823933851224
1541,4,6.36,6.36,3.23,-332.675,-9.911823933851224
1542,4,6.36,6.36,3.23,-321.125,-9.911823933851224
1543,4,6.36,6.36,3.23,-309.575,-9.911823933851224
1544,3,6.42,6.42,3.26,-298.025,-9.911823933851224
1545,3,6.42,6.42,3.26,-286.47499999999997,-9.911823933851224
1546,3,6.42,6.42,3.26,-274.92499999999995,-9.911823933851224
1547,3,6.42,6.42,3.26,-263.37499999999994,-9.911823933851224
1548,3,6.42,6.42,3.26,-251.8249999999999,-9.911823933851224
1549,2,6.48,6.48,3.29,-240.2749999999999,-9.911823933851224
1550,2,6.48,6.48,3.29,-228.72499999999988,-9.911823933851224
1551,2,6.48,6.48,3.29,-217.17499999999987,-9.911823933851224
1552,2,6.48,6.48,3.29,-205.62499999999986,-9.911823933851224
1553,2,6.48,6.48,3.29,-194.07499999999985,-9.911823933851224
1554,1,6.54,6.54,3.32,-182.52499999999984,-9.911823933851224
1555,1,6.54,6.54,3.32,-170.97499999999982,-9.911823933851224
1556,1,6.54,6.54,3.32,-159.4249999999998,-9.911823933851224
1557,1,6.54,6.54,3.32,-147.8749999999998,-9.911823933851224
1558,1,6.54,6.54,3.32,-136.3249999999998,-9.911823933851224
1559,1,6.54,6.54,3.32,-124.77499999999978,-9.911823933851224
1560,1,6.54,6.54,3.32,-113.22499999999977,-9.911823933851224
1561,1,6.54,6.54,3.32,-101.67499999999976,-9.911823933851224
1562,1,6.54,6.54,3.32,-90.12499999999974,-9.911823933851224
1563,1,6.54,6.54,3.32,83.12500000000043,-9.911823933851224
1564,1,6.54,6.54,3.32,94.67500000000044,-9.911823933851224
1565,1,6.54,6.54,3.32,106.22500000000045,-9.911823933851224
1566,1,6.54,6.54,3.32,117.77500000000046,-9.911823933851224
1567,1,6.54,6.54,3.32,129.32500000000047,-9.911823933851224
1568,1,6.54,6.54,3.32,140.87500000000048,-9.911823933851224
1569,1,6.54,6.54,3.32,152.4250000000005,-9.911823933851224
1570,1,6.54,6.54,3.32,163.97500000000045,-9.911823933851224
1571,1,6.54,6.54,3.32,175.52500000000052,-9.911823933851224
1572,2,6.48,6.48,3.29,187.07500000000059,-9.911823933851224
1573,2,6.48,6.48,3.29,198.62500000000054,-9.911823933851224
1574,2,6.48,6.48,3.29,210.1750000000005,-9.911823933851224
1575,2,6.48,6.48,3.29,221.72500000000056,-9.911823933851224
1576,2,6.48,6.48,3.29,233.27500000000063,-9.911823933851224
1577,2,6.48,6.48,3.29,244.82500000000059,-9.911823933851224
1578,3,6.42,6.42,3.26,256.3750000000005,-9.911823933851224
1579,3,6.42,6.42,3.26,267.9250000000006,-9.911823933851224
1580,3,6.42,6.42,3.26,279.47500000000065,-9.911823933851224
1581,3,6.42,6.42,3.26,291.0250000000006,-9.911823933851224
1582,3,6.42,6.42,3.26,302.57500000000056,-9.911823933851224
1583,4,6.36,6.36,3.23,314.1250000000006,-9.911823933851224
1584,4,6.36,6.36,3.23,325.6750000000007,-9.911823933851224
1585,4,6.36,6.36,3.23,337.22500000000065,-9.911823933851224
1586,4,6.36,6.36,3.23,348.7750000000006,-9.911823933851224
1587,4,6.36,6.36,3.23,-338.45,0.09076947985903416
1588,4,6.36,6.36,3.23,-326.9,0.09076947985903416
1589,4,6.36,6.36,3.23,-315.34999999999997,0.09076947985903416
1590,3,6.42,6.42,3.26,-303.79999999999995,0.09076947985903416
1591,3,6.42,6.42,3.26,-292.24999999999994,0.09076947985903416
1592,3,6.42,6.42,3.26,-280.69999999999993,0.09076947985903416
1593,3,6.42,6.42,3.26,-269.1499999999999,0.09076947985903416
1594,3,6.42,6.42,3.26,-257.5999999999999,0.09076947985903416
1595,2,6.48,6.48,3.29,-246.0499999999999,0.09076947985903416
1596,2,6.48,6.48,3.29,-234.4999999999999,0.09076947985903416
1597,2,6.48,6.48,3.29,-222.94999999999987,0.09076947985903416
1598,2,6.48,6.48,3.29,-211.39999999999986,0.09076947985903416
1599,2,6.48,6.48,3.29,-199.84999999999985,0.09076947985903416
1600,2,6.48,6.48,3.29,-188.29999999999984,0.09076947985903416
1601,1,6.54,6.54,3.32,-176.74999999999983,0.09076947985903416
1602,1,6.54,6.54,3.32,-165.19999999999982,0.09076947985903416
1603,1,6.54,6.54,3.32,-153.6499999999998,0.09076947985903416
1604,1,6.54,6.54,3.32,-142.0999999999998,0.09076947985903416
1605,1,6.54,6.54,3.32,-130.54999999999978,0.09076947985903416
1606,1,6.54,6.54,3.32,-118.99999999999977,0.09076947985903416
1607,1,6.54,6.54,3.32,-107.44999999999976,0.09076947985903416
1608,1,6.54,6.54,3.32,-95.89999999999975,0.09076947985903416
1609,1,6.54,6.54,3.32,88.90000000000043,0.09076947985903416
1610,1,6.54,6.54,3.32,100.45000000000044,0.09076947985903416
1611,1,6.54,6.54,3.32,112.00000000000045,0.09076947985903416
1612,1,6.54,6.54,3.32,123.55000000000047,0.09076947985903416
1613,1,6.54,6.54,3.32,135.10000000000048,0.09076947985903416
1614,1,6.54,6.54,3.32,146.6500000000005,0.09076947985903416
1615,1,6.54,6.54,3.32,158.20000000000044,0.09076947985903416
1616,1,6.54,6.54,3.32,169.7500000000005,0.09076947985903416
1617,1,6.54,6.54,3.32,181.30000000000058,0.09076947985903416
1618,2,6.48,6.48,3.29,192.85000000000053,0.09076947985903416
1619,2,6.48,6.48,3.29,204.4000000000005,0.09076947985903416
1620,2,6.48,6.48,3.29,215.95000000000056,0.09076947985903416
1621,2,6.48,6.48,3.29,227.50000000000063,0.09076947985903416
1622,2,6.48,6.48,3.29,239.05000000000058,0.09076947985903416
1623,2,6.48,6.48,3.29,250.60000000000053,0.09076947985903416
1624,3,6.42,6.42,3.26,262.1500000000006,0.09076947985903416
1625,3,6.42,6.42,3.26,273.70000000000067,0.09076947985903416
1626,3,6.42,6.42,3.26,285.2500000000006,0.09076947985903416
1627,3,6.42,6.42,3.26,296.8000000000006,0.09076947985903416
1628,4,6.36,6.36,3.23,308.35000000000065,0.09076947985903416
1629,4,6.36,6.36,3.23,319.9000000000007,0.09076947985903416
1630,4,6.36,6.36,3.23,331.45000000000067,0.09076947985903416
1631,4,6.36,6.36,3.23,343.0000000000006,0.09076947985903416
1632,4,6.36,6.36,3.23,-344.225,10.093362893569292
1633,4,6.36,6.36,3.23,-332.675,10.093362893569292
1634,4,6.36,6.36,3.23,-321.125,10.093362893569292
1635,4,6.36,6.36,3.23,-309.575,10.093362893569292
1636,3,6.42,6.42,3.26,-298.025,10.093362893569292
1637,3,6.42,6.42,3.26,-286.47499999999997,10.093362893569292
1638,3,6.42,6.42,3.26,-274.92499999999995,10.093362893569292
1639,3,6.42,6.42,3.26,-263.37499999999994,10.093362893569292
1640,2,6.48,6.48,3.29,-251.8249999999999,10.093362893569292
1641,2,6.48,6.48,3.29,-240.2749999999999,10.093362893569292
1642,2,6.48,6.48,3.29,-228.72499999999988,10.093362893569292
1643,2,6.48,6.48,3.29,-217.17499999999987,10.093362893569292
1644,2,6.48,6.48,3.29,-205.62499999999986,10.093362893569292
1645,2,6.48,6.48,3.29,-194.07499999999985,10.093362893569292
1646,1,6.54,6.54,3.32,-182.52499999999984,10.093362893569292
1647,1,6.54,6.54,3.32,-170.97499999999982,10.093362893569292
1648,1,6.54,6.54,3.32,-159.4249999999998,10.093362893569292
1649,1,6.54,6.54,3.32,-147.8749999999998,10.093362893569292
1650,1,6.54,6.54,3.32,-136.3249999999998,10.093362893569292
1651,1,6.54,6.54,3.32,-124.77499999999978,10.093362893569292
1652,1,6.54,6.54,3.32,-113.22499999999977,10.093362893569292
1653,1,6.54,6.54,3.32,-101.67499999999976,10.093362893569292
1654,1,6.54,6.54,3.32,94.67500000000044,10.093362893569292
1655,1,6.54,6.54,3.32,106.22500000000045,10.093362893569292
1656,1,6.54,6.54,3.32,117.77500000000046,10.093362893569292
1657,1,6.54,6.54,3.32,129.32500000000047,10.093362893569292
1658,1,6.54,6.54,3.32,140.87500000000048,10.093362893569292
1659,1,6.54,6.54,3.32,152.4250000000005,10.093362893569292
1660,1,6.54,6.54,3.32,163.97500000000045,10.093362893569292
1661,1,6.54,6.54,3.32,175.52500000000052,10.093362893569292
1662,1,6.54,6.54,3.32,187.07500000000059,10.093362893569292
1663,2,6.48,6.48,3.29,198.62500000000054,10.093362893569292
1664,2,6.48,6.48,3.29,210.1750000000005,10.093362893569292
1665,2,6.48,6.48,3.29,221.72500000000056,10.093362893569292
1666,2,6.48,6.48,3.29,233.27500000000063,10.093362893569292
1667,2,6.48,6.48,3.29,244.82500000000059,10.093362893569292
1668,3,6.42,6.42,3.26,256.3750000000005,10.093362893569292
1669,3,6.42,6.42,3.26,267.9250000000006,10.093362893569292
1670,3,6.42,6.42,3.26,279.47500000000065,10.093362893569292
1671,3,6.42,6.42,3.26,291.0250000000006,10.093362893569292
1672,3,6.42,6.42,3.26,302.57500000000056,10.093362893569292
1673,4,6.36,6.36,3.23,314.1250000000006,10.093362893569292
1674,4,6.36,6.36,3.23,325.6750000000007,10.093362893569292
1675,4,6.36,6.36,3.23,337.22500000000065,10.093362893569292
1676,4,6.36,6.36,3.23,348.7750000000006,10.093362893569292
1677,4,6.36,6.36,3.23,-338.45,20.09595630727955
1678,4,6.36,6.36,3.23,-326.9,20.09595630727955
1679,4,6.36,6.36,3.23,-315.34999999999997,20.09595630727955
1680,3,6.42,6.42,3.26,-303.79999999999995,20.09595630727955
1681,3,6.42,6.42,3.26,-292.24999999999994,20.09595630727955
1682,3,6.42,6.42,3.26,-280.69999999999993,20.09595630727955
1683,3,6.42,6.42,3.26,-269.1499999999999,20.09595630727955
1684,3,6.42,6.42,3.26,-257.5999999999999,20.09595630727955
1685,2,6.48,6.48,3.29,-246.0499999999999,20.09595630727955
1686,2,6.48,6.48,3.29,-234.4999999999999,20.09595630727955
1687,2,6.48,6.48,3.29,-222.94999999999987,20.09595630727955
1688,2,6.48,6.48,3.29,-211.39999999999986,20.09595630727955
1689,2,6.48,6.48,3.29,-199.84999999999985,20.09595630727955
1690,1,6.54,6.54,3.32,-188.29999999999984,20.09595630727955
1691,1,6.54,6.54,3.32,-176.74999999999983,20.09595630727955
1692,1,6.54,6.54,3.32,-165.19999999999982,20.09595630727955
1693,1,6.54,6.54,3.32,-153.6499999999998,20.09595630727955
1694,1,6.54,6.54,3.32,-142.0999999999998,20.09595630727955
1695,1,6.54,6.54,3.32,-130.54999999999978,20.09595630727955
1696,1,6.54,6.54,3.32,-118.99999999999977,20.09595630727955
1697,1,6.54,6.54,3.32,-107.44999999999976,20.09595630727955
1698,1,6.54,6.54,3.32,-95.89999999999975,20.09595630727955
1699,1,6.54,6.54,3.32,100.45000000000044,20.09595630727955
1700,1,6.54,6.54,3.32,112.00000000000045,20.09595630727955
1701,1,6.54,6.54,3.32,123.55000000000047,20.09595630727955
1702,1,6.54,6.54,3.32,135.10000000000048,20.09595630727955
1703,1,6.54,6.54,3.32,146.6500000000005,20.09595630727955
1704,1,6.54,6.54,3.32,158.20000000000044,20.09595630727955
1705,1,6.54,6.54,3.32,169.7500000000005,20.09595630727955
1706,1,6.54,6.54,3.32,181.30000000000058,20.09595630727955
1707,2,6.48,6.48,3.29,192.85000000000053,20.09595630727955
1708,2,6.48,6.48,3.29,204.4000000000005,20.09595630727955
1709,2,6.48,6.48,3.29,215.95000000000056,20.09595630727955
1710,2,6.48,6.48,3.29,227.50000000000063,20.09595630727955
1711,2,6.48,6.48,3.29,239.05000000000058,20.09595630727955
1712,2,6.48,6.48,3.29,250.60000000000053,20.09595630727955
1713,3,6.42,6.42,3.26,262.1500000000006,20.09595630727955
1714,3,6.42,6.42,3.26,273.70000000000067,20.09595630727955
1715,3,6.42,6.42,3.26,285.2500000000006,20.09595630727955
1716,3,6.42,6.42,3.26,296.8000000000006,20.09595630727955
1717,4,6.36,6.36,3.23,308.35000000000065,20.09595630727955
1718,4,6.36,6.36,3.23,319.9000000000007,20.09595630727955
1719,4,6.36,6.36,3.23,331.45000000000067,20.09595630727955
1720,4,6.36,6.36,3.23,343.0000000000006,20.09595630727955
1721,4,6.36,6.36,3.23,-344.225,30.09854972098981
1722,4,6.36,6.36,3.23,-332.675,30.09854972098981
1723,4,6.36,6.36,3.23,-321.125,30.09854972098981
1724,4,6.36,6.36,3.23,-309.575,30.09854972098981
1725,3,6.42,6.42,3.26,-298.025,30.09854972098981
1726,3,6.42,6.42,3.26,-286.47499999999997,30.09854972098981
1727,3,6.42,6.42,3.26,-274.92499999999995,30.09854972098981
1728,3,6.42,6.42,3.26,-263.37499999999994,30.09854972098981
1729,2,6.48,6.48,3.29,-251.8249999999999,30.09854972098981
1730,2,6.48,6.48,3.29,-240.2749999999999,30.09854972098981
1731,2,6.48,6.48,3.29,-228.72499999999988,30.09854972098981
1732,2,6.48,6.48,3.29,-217.17499999999987,30.09854972098981
1733,2,6.48,6.48,3.29,-205.62499999999986,30.09854972098981
1734,2,6.48,6.48,3.29,-194.07499999999985,30.09854972098981
1735,1,6.54,6.54,3.32,-182.52499999999984,30.09854972098981
1736,1,6.54,6.54,3.32,-170.97499999999982,30.09854972098981
1737,1,6.54,6.54,3.32,-159.4249999999998,30.09854972098981
1738,1,6.54,6.54,3.32,-147.8749999999998,30.09854972098981
1739,1,6.54,6.54,3.32,-136.3249999999998,30.09854972098981
1740,1,6.54,6.54,3.32,-124.77499999999978,30.09854972098981
1741,1,6.54,6.54,3.32,-113.22499999999977,30.09854972098981
1742,1,6.54,6.54,3.32,-101.67499999999976,30.09854972098981
1743,1,6.54,6.54,3.32,106.22500000000045,30.09854972098981
1744,1,6.54,6.54,3.32,117.77500000000046,30.09854972098981
1745,1,6.54,6.54,3.32,129.32500000000047,30.09854972098981
1746,1,6.54,6.54,3.32,140.87500000000048,30.09854972098981
1747,1,6.54,6.54,3.32,152.4250000000005,30.09854972098981
1748,1,6.54,6.54,3.32,163.97500000000045,30.09854972098981
1749,1,6.54,6.54,3.32,175.52500000000052,30.09854972098981
1750,1,6.54,6.54,3.32,187.07500000000059,30.09854972098981
1751,2,6.48,6.48,3.29,198.62500000000054,30.09854972098981
1752,2,6.48,6.48,3.29,210.1750000000005,30.09854972098981
1753,2,6.48,6.48,3.29,221.72500000000056,30.09854972098981
1754,2,6.48,6.48,3.29,233.27500000000063,30.09854972098981
1755,2,6.48,6.48,3.29,244.82500000000059,30.09854972098981
1756,2,6.48,6.48,3.29,256.3750000000005,30.09854972098981
1757,3,6.42,6.42,3.26,267.9250000000006,30.09854972098981
1758,3,6.42,6.42,3.26,279.47500000000065,30.09854972098981
1759,3,6.42,6.42,3.26,291.0250000000006,30.09854972098981
1760,3,6.42,6.42,3.26,302.57500000000056,30.09854972098981
1761,4,6.36,6.36,3.23,314.1250000000006,30.09854972098981
1762,4,6.36,6.36,3.23,325.6750000000007,30.09854972098981
1763,4,6.36,6.36,3.23,337.22500000000065,30.09854972098981
1764,4,6.36,6.36,3.23,-338.45,40.10114313470007
1765,4,6.36,6.36,3.23,-326.9,40.10114313470007
1766,4,6.36,6.36,3.23,-315.34999999999997,40.10114313470007
1767,3,6.42,6.42,3.26,-303.79999999999995,40.10114313470007
1768,3,6.42,6.42,3.26,-292.24999999999994,40.10114313470007
1769,3,6.42,6.42,3.26,-280.69999999999993,40.10114313470007
1770,3,6.42,6.42,3.26,-269.1499999999999,40.10114313470007
1771,3,6.42,6.42,3.26,-257.5999999999999,40.10114313470007
1772,2,6.48,6.48,3.29,-246.0499999999999,40.10114313470007
1773,2,6.48,6.48,3.29,-234.4999999999999,40.10114313470007
1774,2,6.48,6.48,3.29,-222.94999999999987,40.10114313470007
1775,2,6.48,6.48,3.29,-211.39999999999986,40.10114313470007
1776,2,6.48,6.48,3.29,-199.84999999999985,40.10114313470007
1777,1,6.54,6.54,3.32,-188.29999999999984,40.10114313470007
1778,1,6.54,6.54,3.32,-176.74999999999983,40.10114313470007
1779,1,6.54,6.54,3.32,-165.19999999999982,40.10114313470007
1780,1,6.54,6.54,3.32,-153.6499999999998,40.10114313470007
1781,1,6.54,6.54,3.32,-142.0999999999998,40.10114313470007
1782,1,6.54,6.54,3.32,-130.54999999999978,40.10114313470007
1783,1,6.54,6.54,3.32,-118.99999999999977,40.10114313470007
1784,1,6.54,6.54,3.32,-107.44999999999976,40.10114313470007
1785,1,6.54,6.54,3.32,100.45000000000044,40.10114313470007
1786,1,6.54,6.54,3.32,112.00000000000045,40.10114313470007
1787,1,6.54,6.54,3.32,123.55000000000047,40.10114313470007
1788,1,6.54,6.54,3.32,135.10000000000048,40.10114313470007
1789,1,6.54,6.54,3.32,146.6500000000005,40.10114313470007
1790,1,6.54,6.54,3.32,158.20000000000044,40.10114313470007
1791,1,6.54,6.54,3.32,169.7500000000005,40.10114313470007
1792,1,6.54,6.54,3.32,181.30000000000058,40.10114313470007
1793,1,6.54,6.54,3.32,192.85000000000053,40.10114313470007
1794,2,6.48,6.48,3.29,204.4000000000005,40.10114313470007
1795,2,6.48,6.48,3.29,215.95000000000056,40.10114313470007
1796,2,6.48,6.48,3.29,227.50000000000063,40.10114313470007
1797,2,6.48,6.48,3.29,239.05000000000058,40.10114313470007
1798,2,6.48,6.48,3.29,250.60000000000053,40.10114313470007
1799,3,6.42,6.42,3.26,262.1500000000006,40.10114313470007
1800,3,6.42,6.42,3.26,273.70000000000067,40.10114313470007
1801,3,6.42,6.42,3.26,285.2500000000006,40.10114313470007
1802,3,6.42,6.42,3.26,296.8000000000006,40.10114313470007
1803,4,6.36,6.36,3.23,308.35000000000065,40.10114313470007
1804,4,6.36,6.36,3.23,319.9000000000007,40.10114313470007
1805,4,6.36,6.36,3.23,331.45000000000067,40.10114313470007
1806,4,6.36,6.36,3.23,343.0000000000006,40.10114313470007
1807,4,6.36,6.36,3.23,-344.225,50.103736548410325
1808,4,6.36,6.36,3.23,-332.675,50.103736548410325
1809,4,6.36,6.36,3.23,-321.125,50.103736548410325
1810,4,6.36,6.36,3.23,-309.575,50.103736548410325
1811,3,6.42,6.42,3.26,-298.025,50.103736548410325
1812,3,6.42,6.42,3.26,-286.47499999999997,50.103736548410325
1813,3,6.42,6.42,3.26,-274.92499999999995,50.103736548410325
1814,3,6.42,6.42,3.26,-263.37499999999994,50.103736548410325
1815,2,6.48,6.48,3.29,-251.8249999999999,50.103736548410325
1816,2,6.48,6.48,3.29,-240.2749999999999,50.103736548410325
1817,2,6.48,6.48,3.29,-228.72499999999988,50.103736548410325
1818,2,6.48,6.48,3.29,-217.17499999999987,50.103736548410325
1819,2,6.48,6.48,3.29,-205.62499999999986,50.103736548410325
1820,1,6.54,6.54,3.32,-194.07499999999985,50.103736548410325
1821,1,6.54,6.54,3.32,-182.52499999999984,50.103736548410325
1822,1,6.54,6.54,3.32,-170.97499999999982,50.103736548410325
1823,1,6.54,6.54,3.32,-159.4249999999998,50.103736548410325
1824,1,6.54,6.54,3.32,-147.8749999999998,50.103736548410325
1825,1,6.54,6.54,3.32,-136.3249999999998,50.103736548410325
1826,1,6.54,6.54,3.32,-124.77499999999978,50.103736548410325
1827,1,6.54,6.54,3.32,-113.22499999999977,50.103736548410325
1828,1,6.54,6.54,3.32,-101.67499999999976,50.103736548410325
1829,1,6.54,6.54,3.32,106.22500000000045,50.103736548410325
1830,1,6.54,6.54,3.32,117.77500000000046,50.103736548410325
1831,1,6.54,6.54,3.32,129.32500000000047,50.103736548410325
1832,1,6.54,6.54,3.32,140.87500000000048,50.103736548410325
1833,1,6.54,6.54,3.32,152.4250000000005,50.103736548410325
1834,1,6.54,6.54,3.32,163.97500000000045,50.103736548410325
1835,1,6.54,6.54,3.32,175.52500000000052,50.103736548410325
1836,1,6.54,6.54,3.32,187.07500000000059,50.103736548410325
1837,2,6.48,6.48,3.29,198.62500000000054,50.103736548410325
1838,2,6.48,6.48,3.29,210.1750000000005,50.103736548410325
1839,2,6.48,6.48,3.29,221.72500000000056,50.103736548410325
1840,2,6.48,6.48,3.29,233.27500000000063,50.103736548410325
1841,2,6.48,6.48,3.29,244.82500000000059,50.103736548410325
1842,2,6.48,6.48,3.29,256.3750000000005,50.103736548410325
1843,3,6.42,6.42,3.26,267.9250000000006,50.103736548410325
1844,3,6.42,6.42,3.26,279.47500000000065,50.103736548410325
1845,3,6.42,6.42,3.26,291.0250000000006,50.103736548410325
1846,3,6.42,6.42,3.26,302.57500000000056,50.103736548410325
1847,4,6.36,6.36,3.23,314.1250000000006,50.103736548410325
1848,4,6.36,6.36,3.23,325.6750000000007,50.103736548410325
1849,4,6.36,6.36,3.23,337.22500000000065,50.103736548410325
1850,4,6.36,6.36,3.23,-338.45,60.10632996212058
1851,4,6.36,6.36,3.23,-326.9,60.10632996212058
1852,4,6.36,6.36,3.23,-315.34999999999997,60.10632996212058
1853,3,6.42,6.42,3.26,-303.79999999999995,60.10632996212058
1854,3,6.42,6.42,3.26,-292.24999999999994,60.10632996212058
1855,3,6.42,6.42,3.26,-280.69999999999993,60.10632996212058
1856,3,6.42,6.42,3.26,-269.1499999999999,60.10632996212058
1857,3,6.42,6.42,3.26,-257.5999999999999,60.10632996212058
1858,2,6.48,6.48,3.29,-246.0499999999999,60.10632996212058
1859,2,6.48,6.48,3.29,-234.4999999999999,60.10632996212058
1860,2,6.48,6.48,3.29,-222.94999999999987,60.10632996212058
1861,2,6.48,6.48,3.29,-211.39999999999986,60.10632996212058
1862,2,6.48,6.48,3.29,-199.84999999999985,60.10632996212058
1863,1,6.54,6.54,3.32,-188.29999999999984,60.10632996212058
1864,1,6.54,6.54,3.32,-176.74999999999983,60.10632996212058
1865,1,6.54,6.54,3.32,-165.19999999999982,60.10632996212058
1866,1,6.54,6.54,3.32,-153.6499999999998,60.10632996212058
1867,1,6.54,6.54,3.32,-142.0999999999998,60.10632996212058
1868,1,6.54,6.54,3.32,-130.54999999999978,60.10632996212058
1869,1,6.54,6.54,3.32,-118.99999999999977,60.10632996212058
1870,1,6.54,6.54,3.32,-107.44999999999976,60.10632996212058
1871,1,6.54,6.54,3.32,100.45000000000044,60.10632996212058
1872,1,6.54,6.54,3.32,112.00000000000045,60.10632996212058
1873,1,6.54,6.54,3.32,123.55000000000047,60.10632996212058
1874,1,6.54,6.54,3.32,135.10000000000048,60.10632996212058
1875,1,6.54,6.54,3.32,146.6500000000005,60.10632996212058
1876,1,6.54,6.54,3.32,158.20000000000044,60.10632996212058
1877,1,6.54,6.54,3.32,169.7500000000005,60.10632996212058
1878,1,6.54,6.54,3.32,181.30000000000058,60.10632996212058
1879,1,6.54,6.54,3.32,192.85000000000053,60.10632996212058
1880,2,6.48,6.48,3.29,204.4000000000005,60.10632996212058
1881,2,6.48,6.48,3.29,215.95000000000056,60.10632996212058
1882,2,6.48,6.48,3.29,227.50000000000063,60.10632996212058
1883,2,6.48,6.48,3.29,239.05000000000058,60.10632996212058
1884,2,6.48,6.48,3.29,250.60000000000053,60.10632996212058
1885,3,6.42,6.42,3.26,262.1500000000006,60.10632996212058
1886,3,6.42,6.42,3.26,273.70000000000067,60.10632996212058
1887,3,6.42,6.42,3.26,285.2500000000006,60.10632996212058
1888,3,6.42,6.42,3.26,296.8000000000006,60.10632996212058
1889,4,6.36,6.36,3.23,308.35000000000065,60.10632996212058
1890,4,6.36,6.36,3.23,319.9000000000007,60.10632996212058
1891,4,6.36,6.36,3.23,331.45000000000067,60.10632996212058
1892,4,6.36,6.36,3.23,343.0000000000006,60.10632996212058
1893,4,6.36,6.36,3.23,-332.675,70.10892337583084
1894,4,6.36,6.36,3.23,-321.125,70.10892337583084
1895,4,6.36,6.36,3.23,-309.575,70.10892337583084
1896,3,6.42,6.42,3.26,-298.025,70.10892337583084
1897,3,6.42,6.42,3.26,-286.47499999999997,70.10892337583084
1898,3,6.42,6.42,3.26,-274.92499999999995,70.10892337583084
1899,3,6.42,6.42,3.26,-263.37499999999994,70.10892337583084
1900,2,6.48,6.48,3.29,-251.8249999999999,70.10892337583084
1901,2,6.48,6.48,3.29,-240.2749999999999,70.10892337583084
1902,2,6.48,6.48,3.29,-228.72499999999988,70.10892337583084
1903,2,6.48,6.48,3.29,-217.17499999999987,70.10892337583084
1904,2,6.48,6.48,3.29,-205.62499999999986,70.10892337583084
1905,2,6.48,6.48,3.29,-194.07499999999985,70.10892337583084
1906,1,6.54,6.54,3.32,-182.52499999999984,70.10892337583084
1907,1,6.54,6.54,3.32,-170.97499999999982,70.10892337583084
1908,1,6.54,6.54,3.32,-159.4249999999998,70.10892337583084
1909,1,6.54,6.54,3.32,-147.8749999999998,70.10892337583084
1910,1,6.54,6.54,3.32,-136.3249999999998,70.10892337583084
1911,1,6.54,6.54,3.32,-124.77499999999978,70.10892337583084
1912,1,6.54,6.54,3.32,-113.22499999999977,70.10892337583084
1913,1,6.54,6.54,3.32,-101.67499999999976,70.10892337583084
1914,1,6.54,6.54,3.32,106.22500000000045,70.10892337583084
1915,1,6.54,6.54,3.32,117.77500000000046,70.10892337583084
1916,1,6.54,6.54,3.32,129.32500000000047,70.10892337583084
1917,1,6.54,6.54,3.32,140.87500000000048,70.10892337583084
1918,1,6.54,6.54,3.32,152.4250000000005,70.10892337583084
1919,1,6.54,6.54,3.32,163.97500000000045,70.10892337583084
1920,1,6.54,6.54,3.32,175.52500000000052,70.10892337583084
1921,1,6.54,6.54,3.32,187.07500000000059,70.10892337583084
1922,2,6.48,6.48,3.29,198.62500000000054,70.10892337583084
1923,2,6.48,6.48,3.29,210.1750000000005,70.10892337583084
1924,2,6.48,6.48,3.29,221.72500000000056,70.10892337583084
1925,2,6.48,6.48,3.29,233.27500000000063,70.10892337583084
1926,2,6.48,6.48,3.29,244.82500000000059,70.10892337583084
1927,2,6.48,6.48,3.29,256.3750000000005,70.10892337583084
1928,3,6.42,6.42,3.26,267.9250000000006,70.10892337583084
1929,3,6.42,6.42,3.26,279.47500000000065,70.10892337583084
1930,3,6.42,6.42,3.26,291.0250000000006,70.10892337583084
1931,3,6.42,6.42,3.26,302.57500000000056,70.10892337583084
1932,4,6.36,6.36,3.23,314.1250000000006,70.10892337583084
1933,4,6.36,6.36,3.23,325.6750000000007,70.10892337583084
1934,4,6.36,6.36,3.23,337.22500000000065,70.10892337583084
1935,4,6.36,6.36,3.23,-338.45,80.1115167895411
1936,4,6.36,6.36,3.23,-326.9,80.1115167895411
1937,4,6.36,6.36,3.23,-315.34999999999997,80.1115167895411
1938,3,6.42,6.42,3.26,-303.79999999999995,80.1115167895411
1939,3,6.42,6.42,3.26,-292.24999999999994,80.1115167895411
1940,3,6.42,6.42,3.26,-280.69999999999993,80.1115167895411
1941,3,6.42,6.42,3.26,-269.1499999999999,80.1115167895411
1942,3,6.42,6.42,3.26,-257.5999999999999,80.1115167895411
1943,2,6.48,6.48,3.29,-246.0499999999999,80.1115167895411
1944,2,6.48,6.48,3.29,-234.4999999999999,80.1115167895411
1945,2,6.48,6.48,3.29,-222.94999999999987,80.1115167895411
1946,2,6.48,6.48,3.29,-211.39999999999986,80.1115167895411
1947,2,6.48,6.48,3.29,-199.84999999999985,80.1115167895411
1948,1,6.54,6.54,3.32,-188.29999999999984,80.1115167895411
1949,1,6.54,6.54,3.32,-176.74999999999983,80.1115167895411
1950,1,6.54,6.54,3.32,-165.19999999999982,80.1115167895411
1951,1,6.54,6.54,3.32,-153.6499999999998,80.1115167895411
1952,1,6.54,6.54,3.32,-142.0999999999998,80.1115167895411
1953,1,6.54,6.54,3.32,-130.54999999999978,80.1115167895411
1954,1,6.54,6.54,3.32,-118.99999999999977,80.1115167895411
1955,1,6.54,6.54,3.32,-107.44999999999976,80.1115167895411
1956,1,6.54,6.54,3.32,-95.89999999999975,80.1115167895411
1957,1,6.54,6.54,3.32,100.45000000000044,80.1115167895411
1958,1,6.54,6.54,3.32,112.00000000000045,80.1115167895411
1959,1,6.54,6.54,3.32,123.55000000000047,80.1115167895411
1960,1,6.54,6.54,3.32,135.10000000000048,80.1115167895411
1961,1,6.54,6.54,3.32,146.6500000000005,80.1115167895411
1962,1,6.54,6.54,3.32,158.20000000000044,80.1115167895411
1963,1,6.54,6.54,3.32,169.7500000000005,80.1115167895411
1964,1,6.54,6.54,3.32,181.30000000000058,80.1115167895411
1965,2,6.48,6.48,3.29,192.85000000000053,80.1115167895411
1966,2,6.48,6.48,3.29,204.4000000000005,80.1115167895411
1967,2,6.48,6.48,3.29,215.95000000000056,80.1115167895411
1968,2,6.48,6.48,3.29,227.50000000000063,80.1115167895411
1969,2,6.48,6.48,3.29,239.05000000000058,80.1115167895411
1970,2,6.48,6.48,3.29,250.60000000000053,80.1115167895411
1971,3,6.42,6.42,3.26,262.1500000000006,80.1115167895411
1972,3,6.42,6.42,3.26,273.70000000000067,80.1115167895411
1973,3,6.42,6.42,3.26,285.2500000000006,80.1115167895411
1974,3,6.42,6.42,3.26,296.8000000000006,80.1115167895411
1975,4,6.36,6.36,3.23,308.35000000000065,80.1115167895411
1976,4,6.36,6.36,3.23,319.9000000000007,80.1115167895411
1977,4,6.36,6.36,3.23,331.45000000000067,80.1115167895411
1978,4,6.36,6.36,3.23,-332.675,90.11411020325136
1979,4,6.36,6.36,3.23,-321.125,90.11411020325136
1980,4,6.36,6.36,3.23,-309.575,90.11411020325136
1981,3,6.42,6.42,3.26,-298.025,90.11411020325136
1982,3,6.42,6.42,3.26,-286.47499999999997,90.11411020325136
1983,3,6.42,6.42,3.26,-274.92499999999995,90.11411020325136
1984,3,6.42,6.42,3.26,-263.37499999999994,90.11411020325136
1985,2,6.48,6.48,3.29,-251.8249999999999,90.11411020325136
1986,2,6.48,6.48,3.29,-240.2749999999999,90.11411020325136
1987,2,6.48,6.48,3.29,-228.72499999999988,90.11411020325136
1988,2,6.48,6.48,3.29,-217.17499999999987,90.11411020325136
1989,2,6.48,6.48,3.29,-205.62499999999986,90.11411020325136
1990,2,6.48,6.48,3.29,-194.07499999999985,90.11411020325136
1991,1,6.54,6.54,3.32,-182.52499999999984,90.11411020325136
1992,1,6.54,6.54,3.32,-170.97499999999982,90.11411020325136
1993,1,6.54,6.54,3.32,-159.4249999999998,90.11411020325136
1994,1,6.54,6.54,3.32,-147.8749999999998,90.11411020325136
1995,1,6.54,6.54,3.32,-136.3249999999998,90.11411020325136
1996,1,6.54,6.54,3.32,-124.77499999999978,90.11411020325136
1997,1,6.54,6.54,3.32,-113.22499999999977,90.11411020325136
1998,1,6.54,6.54,3.32,-101.67499999999976,90.11411020325136
1999,1,6.54,6.54,3.32,94.67500000000044,90.11411020325136
2000,1,6.54,6.54,3.32,106.22500000000045,90.11411020325136
2001,1,6.54,6.54,3.32,117.77500000000046,90.11411020325136
2002,1,6.54,6.54,3.32,129.32500000000047,90.11411020325136
2003,1,6.54,6.54,3.32,140.87500000000048,90.11411020325136
2004,1,6.54,6.54,3.32,152.4250000000005,90.11411020325136
2005,1,6.54,6.54,3.32,163.97500000000045,90.11411020325136
2006,1,6.54,6.54,3.32,175.52500000000052,90.11411020325136
2007,1,6.54,6.54,3.32,187.07500000000059,90.11411020325136
2008,2,6.48,6.48,3.29,198.62500000000054,90.11411020325136
2009,2,6.48,6.48,3.29,210.1750000000005,90.11411020325136
2010,2,6.48,6.48,3.29,221.72500000000056,90.11411020325136
2011,2,6.48,6.48,3.29,233.27500000000063,90.11411020325136
2012,2,6.48,6.48,3.29,244.82500000000059,90.11411020325136
2013,3,6.42,6.42,3.26,256.3750000000005,90.11411020325136
2014,3,6.42,6.42,3.26,267.9250000000006,90.11411020325136
2015,3,6.42,6.42,3.26,279.47500000000065,90.11411020325136
2016,3,6.42,6.42,3.26,291.0250000000006,90.11411020325136
2017,3,6.42,6.42,3.26,302.57500000000056,90.11411020325136
2018,4,6.36,6.36,3.23,314.1250000000006,90.11411020325136
2019,4,6.36,6.36,3.23,325.6750000000007,90.11411020325136
2020,4,6.36,6.36,3.23,337.22500000000065,90.11411020325136
2021,4,6.36,6.36,3.23,-326.9,100.11670361696162
2022,4,6.36,6.36,3.23,-315.34999999999997,100.11670361696162
2023,3,6.42,6.42,3.26,-303.79999999999995,100.11670361696162
2024,3,6.42,6.42,3.26,-292.24999999999994,100.11670361696162
2025,3,6.42,6.42,3.26,-280.69999999999993,100.11670361696162
2026,3,6.42,6.42,3.26,-269.1499999999999,100.11670361696162
2027,3,6.42,6.42,3.26,-257.5999999999999,100.11670361696162
2028,2,6.48,6.48,3.29,-246.0499999999999,100.11670361696162
2029,2,6.48,6.48,3.29,-234.4999999999999,100.11670361696162
2030,2,6.48,6.48,3.29,-222.94999999999987,100.11670361696162
2031,2,6.48,6.48,3.29,-211.39999999999986,100.11670361696162
2032,2,6.48,6.48,3.29,-199.84999999999985,100.11670361696162
2033,2,6.48,6.48,3.29,-188.29999999999984,100.11670361696162
2034,1,6.54,6.54,3.32,-176.74999999999983,100.11670361696162
2035,1,6.54,6.54,3.32,-165.19999999999982,100.11670361696162
2036,1,6.54,6.54,3.32,-153.6499999999998,100.11670361696162
2037,1,6.54,6.54,3.32,-142.0999999999998,100.11670361696162
2038,1,6.54,6.54,3.32,-130.54999999999978,100.11670361696162
2039,1,6.54,6.54,3.32,-118.99999999999977,100.11670361696162
2040,1,6.54,6.54,3.32,-107.44999999999976,100.11670361696162
2041,1,6.54,6.54,3.32,-95.89999999999975,100.11670361696162
2042,1,6.54,6.54,3.32,88.90000000000043,100.11670361696162
2043,1,6.54,6.54,3.32,100.45000000000044,100.11670361696162
2044,1,6.54,6.54,3.32,112.00000000000045,100.11670361696162
2045,1,6.54,6.54,3.32,123.55000000000047,100.11670361696162
2046,1,6.54,6.54,3.32,135.10000000000048,100.11670361696162
2047,1,6.54,6.54,3.32,146.6500000000005,100.11670361696162
2048,1,6.54,6.54,3.32,158.20000000000044,100.11670361696162
2049,1,6.54,6.54,3.32,169.7500000000005,100.11670361696162
2050,1,6.54,6.54,3.32,181.30000000000058,100.11670361696162
2051,2,6.48,6.48,3.29,192.85000000000053,100.11670361696162
2052,2,6.48,6.48,3.29,204.4000000000005,100.11670361696162
2053,2,6.48,6.48,3.29,215.95000000000056,100.11670361696162
2054,2,6.48,6.48,3.29,227.50000000000063,100.11670361696162
2055,2,6.48,6.48,3.29,239.05000000000058,100.11670361696162
2056,2,6.48,6.48,3.29,250.60000000000053,100.11670361696162
2057,3,6.42,6.42,3.26,262.1500000000006,100.11670361696162
2058,3,6.42,6.42,3.26,273.70000000000067,100.11670361696162
2059,3,6.42,6.42,3.26,285.2500000000006,100.11670361696162
2060,3,6.42,6.42,3.26,296.8000000000006,100.11670361696162
2061,4,6.36,6.36,3.23,308.35000000000065,100.11670361696162
2062,4,6.36,6.36,3.23,319.9000000000007,100.11670361696162
2063,4,6.36,6.36,3.23,331.45000000000067,100.11670361696162
2064,4,6.36,6.36,3.23,-321.125,110.11929703067187
2065,4,6.36,6.36,3.23,-309.575,110.11929703067187
2066,3,6.42,6.42,3.26,-298.025,110.11929703067187
2067,3,6.42,6.42,3.26,-286.47499999999997,110.11929703067187
2068,3,6.42,6.42,3.26,-274.92499999999995,110.11929703067187
2069,3,6.42,6.42,3.26,-263.37499999999994,110.11929703067187
2070,3,6.42,6.42,3.26,-251.8249999999999,110.11929703067187
2071,2,6.48,6.48,3.29,-240.2749999999999,110.11929703067187
2072,2,6.48,6.48,3.29,-228.72499999999988,110.11929703067187
2073,2,6.48,6.48,3.29,-217.17499999999987,110.11929703067187
2074,2,6.48,6.48,3.29,-205.62499999999986,110.11929703067187
2075,2,6.48,6.48,3.29,-194.07499999999985,110.11929703067187
2076,1,6.54,6.54,3.32,-182.52499999999984,110.11929703067187
2077,1,6.54,6.54,3.32,-170.97499999999982,110.11929703067187
2078,1,6.54,6.54,3.32,-159.4249999999998,110.11929703067187
2079,1,6.54,6.54,3.32,-147.8749999999998,110.11929703067187
2080,1,6.54,6.54,3.32,-136.3249999999998,110.11929703067187
2081,1,6.54,6.54,3.32,-124.77499999999978,110.11929703067187
2082,1,6.54,6.54,3.32,-113.22499999999977,110.11929703067187
2083,1,6.54,6.54,3.32,-101.67499999999976,110.11929703067187
2084,1,6.54,6.54,3.32,-90.12499999999974,110.11929703067187
2085,1,6.54,6.54,3.32,83.12500000000043,110.11929703067187
2086,1,6.54,6.54,3.32,94.67500000000044,110.11929703067187
2087,1,6.54,6.54,3.32,106.22500000000045,110.11929703067187
2088,1,6.54,6.54,3.32,117.77500000000046,110.11929703067187
2089,1,6.54,6.54,3.32,129.32500000000047,110.11929703067187
2090,1,6.54,6.54,3.32,140.87500000000048,110.11929703067187
2091,1,6.54,6.54,3.32,152.4250000000005,110.11929703067187
2092,1,6.54,6.54,3.32,163.97500000000045,110.11929703067187
2093,1,6.54,6.54,3.32,175.52500000000052,110.11929703067187
2094,2,6.48,6.48,3.29,187.07500000000059,110.11929703067187
2095,2,6.48,6.48,3.29,198.62500000000054,110.11929703067187
2096,2,6.48,6.48,3.29,210.1750000000005,110.11929703067187
2097,2,6.48,6.48,3.29,221.72500000000056,110.11929703067187
2098,2,6.48,6.48,3.29,233.27500000000063,110.11929703067187
2099,2,6.48,6.48,3.29,244.82500000000059,110.11929703067187
2100,3,6.42,6.42,3.26,256.3750000000005,110.11929703067187
2101,3,6.42,6.42,3.26,267.9250000000006,110.11929703067187
2102,3,6.42,6.42,3.26,279.47500000000065,110.11929703067187
2103,3,6.42,6.42,3.26,291.0250000000006,110.11929703067187
2104,4,6.36,6.36,3.23,302.57500000000056,110.11929703067187
2105,4,6.36,6.36,3.23,314.1250000000006,110.11929703067187
2106,4,6.36,6.36,3.23,325.6750000000007,110.11929703067187
2107,4,6.36,6.36,3.23,-326.9,120.12189044438213
2108,4,6.36,6.36,3.23,-315.34999999999997,120.12189044438213
2109,4,6.36,6.36,3.23,-303.79999999999995,120.12189044438213
2110,3,6.42,6.42,3.26,-292.24999999999994,120.12189044438213
2111,3,6.42,6.42,3.26,-280.69999999999993,120.12189044438213
2112,3,6.42,6.42,3.26,-269.1499999999999,120.12189044438213
2113,3,6.42,6.42,3.26,-257.5999999999999,120.12189044438213
2114,2,6.48,6.48,3.29,-246.0499999999999,120.12189044438213
2115,2,6.48,6.48,3.29,-234.4999999999999,120.12189044438213
2116,2,6.48,6.48,3.29,-222.94999999999987,120.12189044438213
2117,2,6.48,6.48,3.29,-211.39999999999986,120.12189044438213
2118,2,6.48,6.48,3.29,-199.84999999999985,120.12189044438213
2119,2,6.48,6.48,3.29,-188.29999999999984,120.12189044438213
2120,1,6.54,6.54,3.32,-176.74999999999983,120.12189044438213
2121,1,6.54,6.54,3.32,-165.19999999999982,120.12189044438213
2122,1,6.54,6.54,3.32,-153.6499999999998,120.12189044438213
2123,1,6.54,6.54,3.32,-142.0999999999998,120.12189044438213
2124,1,6.54,6.54,3.32,-130.54999999999978,120.12189044438213
2125,1,6.54,6.54,3.32,-118.99999999999977,120.12189044438213
2126,1,6.54,6.54,3.32,-107.44999999999976,120.12189044438213
2127,1,6.54,6.54,3.32,-95.89999999999975,120.12189044438213
2128,1,6.54,6.54,3.32,-84.34999999999974,120.12189044438213
2129,1,6.54,6.54,3.32,-72.79999999999973,120.12189044438213
2130,1,6.54,6.54,3.32,77.35000000000042,120.12189044438213
2131,1,6.54,6.54,3.32,88.90000000000043,120.12189044438213
2132,1,6.54,6.54,3.32,100.45000000000044,120.12189044438213
2133,1,6.54,6.54,3.32,112.00000000000045,120.12189044438213
2134,1,6.54,6.54,3.32,123.55000000000047,120.12189044438213
2135,1,6.54,6.54,3.32,135.10000000000048,120.12189044438213
2136,1,6.54,6.54,3.32,146.6500000000005,120.12189044438213
2137,1,6.54,6.54,3.32,158.20000000000044,120.12189044438213
2138,1,6.54,6.54,3.32,169.7500000000005,120.12189044438213
2139,1,6.54,6.54,3.32,181.30000000000058,120.12189044438213
2140,2,6.48,6.48,3.29,192.85000000000053,120.12189044438213
2141,2,6.48,6.48,3.29,204.4000000000005,120.12189044438213
2142,2,6.48,6.48,3.29,215.95000000000056,120.12189044438213
2143,2,6.48,6.48,3.29,227.50000000000063,120.12189044438213
2144,2,6.48,6.48,3.29,239.05000000000058,120.12189044438213
2145,3,6.42,6.42,3.26,250.60000000000053,120.12189044438213
2146,3,6.42,6.42,3.26,262.1500000000006,120.12189044438213
2147,3,6.42,6.42,3.26,273.70000000000067,120.12189044438213
2148,3,6.42,6.42,3.26,285.2500000000006,120.12189044438213
2149,3,6.42,6.42,3.26,296.8000000000006,120.12189044438213
2150,4,6.36,6.36,3.23,308.35000000000065,120.12189044438213
2151,4,6.36,6.36,3.23,319.9000000000007,120.12189044438213
2152,4,6.36,6.36,3.23,-321.125,130.1244838580924
2153,4,6.36,6.36,3.23,-309.575,130.1244838580924
2154,4,6.36,6.36,3.23,-298.025,130.1244838580924
2155,3,6.42,6.42,3.26,-286.47499999999997,130.1244838580924
2156,3,6.42,6.42,3.26,-274.92499999999995,130.1244838580924
2157,3,6.42,6.42,3.26,-263.37499999999994,130.1244838580924
2158,3,6.42,6.42,3.26,-251.8249999999999,130.1244838580924
2159,2,6.48,6.48,3.29,-240.2749999999999,130.1244838580924
2160,2,6.48,6.48,3.29,-228.72499999999988,130.1244838580924
2161,2,6.48,6.48,3.29,-217.17499999999987,130.1244838580924
2162,2,6.48,6.48,3.29,-205.62499999999986,130.1244838580924
2163,2,6.48,6.48,3.29,-194.07499999999985,130.1244838580924
2164,2,6.48,6.48,3.29,-182.52499999999984,130.1244838580924
2165,1,6.54,6.54,3.32,-170.97499999999982,130.1244838580924
2166,1,6.54,6.54,3.32,-159.4249999999998,130.1244838580924
2167,1,6.54,6.54,3.32,-147.8749999999998,130.1244838580924
2168,1,6.54,6.54,3.32,-136.3249999999998,130.1244838580924
2169,1,6.54,6.54,3.32,-124.77499999999978,130.1244838580924
2170,1,6.54,6.54,3.32,-113.22499999999977,130.1244838580924
2171,1,6.54,6.54,3.32,-101.67499999999976,130.1244838580924
2172,1,6.54,6.54,3.32,-90.12499999999974,130.1244838580924
2173,1,6.54,6.54,3.32,-78.57499999999973,130.1244838580924
2174,1,6.54,6.54,3.32,-67.02499999999972,130.1244838580924
2175,1,6.54,6.54,3.32,60.0250000000004,130.1244838580924
2176,1,6.54,6.54,3.32,71.57500000000041,130.1244838580924
2177,1,6.54,6.54,3.32,83.12500000000043,130.1244838580924
2178,1,6.54,6.54,3.32,94.67500000000044,130.1244838580924
2179,1,6.54,6.54,3.32,106.22500000000045,130.1244838580924
2180,1,6.54,6.54,3.32,117.77500000000046,130.1244838580924
2181,1,6.54,6.54,3.32,129.32500000000047,130.1244838580924
2182,1,6.54,6.54,3.32,140.87500000000048,130.1244838580924
2183,1,6.54,6.54,3.32,152.4250000000005,130.1244838580924
2184,1,6.54,6.54,3.32,163.97500000000045,130.1244838580924
2185,1,6.54,6.54,3.32,175.52500000000052,130.1244838580924
2186,2,6.48,6.48,3.29,187.07500000000059,130.1244838580924
2187,2,6.48,6.48,3.29,198.62500000000054,130.1244838580924
2188,2,6.48,6.48,3.29,210.1750000000005,130.1244838580924
2189,2,6.48,6.48,3.29,221.72500000000056,130.1244838580924
2190,2,6.48,6.48,3.29,233.27500000000063,130.1244838580924
2191,3,6.42,6.42,3.26,244.82500000000059,130.1244838580924
2192,3,6.42,6.42,3.26,256.3750000000005,130.1244838580924
2193,3,6.42,6.42,3.26,267.9250000000006,130.1244838580924
2194,3,6.42,6.42,3.26,279.47500000000065,130.1244838580924
2195,3,6.42,6.42,3.26,291.0250000000006,130.1244838580924
2196,4,6.36,6.36,3.23,302.57500000000056,130.1244838580924
2197,4,6.36,6.36,3.23,314.1250000000006,130.1244838580924
2198,4,6.36,6.36,3.23,-315.34999999999997,140.12707727180265
2199,4,6.36,6.36,3.23,-303.79999999999995,140.12707727180265
2200,3,6.42,6.42,3.26,-292.24999999999994,140.12707727180265
2201,3,6.42,6.42,3.26,-280.69999999999993,140.12707727180265
2202,3,6.42,6.42,3.26,-269.1499999999999,140.12707727180265
2203,3,6.42,6.42,3.26,-257.5999999999999,140.12707727180265
2204,3,6.42,6.42,3.26,-246.0499999999999,140.12707727180265
2205,2,6.48,6.48,3.29,-234.4999999999999,140.12707727180265
2206,2,6.48,6.48,3.29,-222.94999999999987,140.12707727180265
2207,2,6.48,6.48,3.29,-211.39999999999986,140.12707727180265
2208,2,6.48,6.48,3.29,-199.84999999999985,140.12707727180265
2209,2,6.48,6.48,3.29,-188.29999999999984,140.12707727180265
2210,2,6.48,6.48,3.29,-176.74999999999983,140.12707727180265
2211,1,6.54,6.54,3.32,-165.19999999999982,140.12707727180265
2212,1,6.54,6.54,3.32,-153.6499999999998,140.12707727180265
2213,1,6.54,6.54,3.32,-142.0999999999998,140.12707727180265
2214,1,6.54,6.54,3.32,-130.54999999999978,140.12707727180265
2215,1,6.54,6.54,3.32,-118.99999999999977,140.12707727180265
2216,1,6.54,6.54,3.32,-107.44999999999976,140.12707727180265
2217,1,6.54,6.54,3.32,-95.89999999999975,140.12707727180265
2218,1,6.54,6.54,3.32,-84.34999999999974,140.12707727180265
2219,1,6.54,6.54,3.32,-72.79999999999973,140.12707727180265
2220,1,6.54,6.54,3.32,-61.249999999999716,140.12707727180265
2221,1,6.54,6.54,3.32,-49.699999999999704,140.12707727180265
2222,1,6.54,6.54,3.32,54.2500000000004,140.12707727180265
2223,1,6.54,6.54,3.32,65.80000000000041,140.12707727180265
2224,1,6.54,6.54,3.32,77.35000000000042,140.12707727180265
2225,1,6.54,6.54,3.32,88.90000000000043,140.12707727180265
2226,1,6.54,6.54,3.32,100.45000000000044,140.12707727180265
2227,1,6.54,6.54,3.32,112.00000000000045,140.12707727180265
2228,1,6.54,6.54,3.32,123.55000000000047,140.12707727180265
2229,1,6.54,6.54,3.32,135.10000000000048,140.12707727180265
2230,1,6.54,6.54,3.32,146.6500000000005,140.12707727180265
2231,1,6.54,6.54,3.32,158.20000000000044,140.12707727180265
2232,1,6.54,6.54,3.32,169.7500000000005,140.12707727180265
2233,2,6.48,6.48,3.29,181.30000000000058,140.12707727180265
2234,2,6.48,6.48,3.29,192.85000000000053,140.12707727180265
2235,2,6.48,6.48,3.29,204.4000000000005,140.12707727180265
2236,2,6.48,6.48,3.29,215.95000000000056,140.12707727180265
2237,2,6.48,6.48,3.29,227.50000000000063,140.12707727180265
2238,2,6.48,6.48,3.29,239.05000000000058,140.12707727180265
2239,3,6.42,6.42,3.26,250.60000000000053,140.12707727180265
2240,3,6.42,6.42,3.26,262.1500000000006,140.12707727180265
2241,3,6.42,6.42,3.26,273.70000000000067,140.12707727180265
2242,3,6.42,6.42,3.26,285.2500000000006,140.12707727180265
2243,4,6.36,6.36,3.23,296.8000000000006,140.12707727180265
2244,4,6.36,6.36,3.23,308.35000000000065,140.12707727180265
2245,4,6.36,6.36,3.23,319.9000000000007,140.12707727180265
2246,4,6.36,6.36,3.23,-309.575,150.1296706855129
2247,4,6.36,6.36,3.23,-298.025,150.1296706855129
2248,3,6.42,6.42,3.26,-286.47499999999997,150.1296706855129
2249,3,6.42,6.42,3.26,-274.92499999999995,150.1296706855129
2250,3,6.42,6.42,3.26,-263.37499999999994,150.1296706855129
2251,3,6.42,6.42,3.26,-251.8249999999999,150.1296706855129
2252,3,6.42,6.42,3.26,-240.2749999999999,150.1296706855129
2253,2,6.48,6.48,3.29,-228.72499999999988,150.1296706855129
2254,2,6.48,6.48,3.29,-217.17499999999987,150.1296706855129
2255,2,6.48,6.48,3.29,-205.62499999999986,150.1296706855129
2256,2,6.48,6.48,3.29,-194.07499999999985,150.1296706855129
2257,2,6.48,6.48,3.29,-182.52499999999984,150.1296706855129
2258,2,6.48,6.48,3.29,-170.97499999999982,150.1296706855129
2259,1,6.54,6.54,3.32,-159.4249999999998,150.1296706855129
2260,1,6.54,6.54,3.32,-147.8749999999998,150.1296706855129
2261,1,6.54,6.54,3.32,-136.3249999999998,150.1296706855129
2262,1,6.54,6.54,3.32,-124.77499999999978,150.1296706855129
2263,1,6.54,6.54,3.32,-113.22499999999977,150.1296706855129
2264,1,6.54,6.54,3.32,-101.67499999999976,150.1296706855129
2265,1,6.54,6.54,3.32,-90.12499999999974,150.1296706855129
2266,1,6.54,6.54,3.32,-78.57499999999973,150.1296706855129
2267,1,6.54,6.54,3.32,-67.02499999999972,150.1296706855129
2268,1,6.54,6.54,3.32,-55.47499999999972,150.1296706855129
2269,1,6.54,6.54,3.32,-43.924999999999706,150.1296706855129
2270,1,6.54,6.54,3.32,-32.374999999999694,150.1296706855129
2271,1,6.54,6.54,3.32,-20.824999999999683,150.1296706855129
2272,1,6.54,6.54,3.32,-9.27499999999967,150.1296706855129
2273,1,6.54,6.54,3.32,2.2750000000003414,150.1296706855129
2274,1,6.54,6.54,3.32,13.825000000000353,150.1296706855129
2275,1,6.54,6.54,3.32,25.375000000000362,150.1296706855129
2276,1,6.54,6.54,3.32,36.925000000000374,150.1296706855129
2277,1,6.54,6.54,3.32,48.475000000000385,150.1296706855129
2278,1,6.54,6.54,3.32,60.0250000000004,150.1296706855129
2279,1,6.54,6.54,3.32,71.57500000000041,150.1296706855129
2280,1,6.54,6.54,3.32,83.12500000000043,150.1296706855129
2281,1,6.54,6.54,3.32,94.67500000000044,150.1296706855129
2282,1,6.54,6.54,3.32,106.22500000000045,150.1296706855129
2283,1,6.54,6.54,3.32,117.77500000000046,150.1296706855129
2284,1,6.54,6.54,3.32,129.32500000000047,150.1296706855129
2285,1,6.54,6.54,3.32,140.87500000000048,150.1296706855129
2286,1,6.54,6.54,3.32,152.4250000000005,150.1296706855129
2287,1,6.54,6.54,3.32,163.97500000000045,150.1296706855129
2288,2,6.48,6.48,3.29,175.52500000000052,150.1296706855129
2289,2,6.48,6.48,3.29,187.07500000000059,150.1296706855129
2290,2,6.48,6.48,3.29,198.62500000000054,150.1296706855129
2291,2,6.48,6.48,3.29,210.1750000000005,150.1296706855129
2292,2,6.48,6.48,3.29,221.72500000000056,150.1296706855129
2293,2,6.48,6.48,3.29,233.27500000000063,150.1296706855129
2294,3,6.42,6.42,3.26,244.82500000000059,150.1296706855129
2295,3,6.42,6.42,3.26,256.3750000000005,150.1296706855129
2296,3,6.42,6.42,3.26,267.9250000000006,150.1296706855129
2297,3,6.42,6.42,3.26,279.47500000000065,150.1296706855129
2298,3,6.42,6.42,3.26,291.0250000000006,150.1296706855129
2299,4,6.36,6.36,3.23,302.57500000000056,150.1296706855129
2300,4,6.36,6.36,3.23,314.1250000000006,150.1296706855129
2301,4,6.36,6.36,3.23,-303.79999999999995,160.13226409922316
2302,4,6.36,6.36,3.23,-292.24999999999994,160.13226409922316
2303,3,6.42,6.42,3.26,-280.69999999999993,160.13226409922316
2304,3,6.42,6.42,3.26,-269.1499999999999,160.13226409922316
2305,3,6.42,6.42,3.26,-257.5999999999999,160.13226409922316
2306,3,6.42,6.42,3.26,-246.0499999999999,160.13226409922316
2307,3,6.42,6.42,3.26,-234.4999999999999,160.13226409922316
2308,2,6.48,6.48,3.29,-222.94999999999987,160.13226409922316
2309,2,6.48,6.48,3.29,-211.39999999999986,160.13226409922316
2310,2,6.48,6.48,3.29,-199.84999999999985,160.13226409922316
2311,2,6.48,6.48,3.29,-188.29999999999984,160.13226409922316
2312,2,6.48,6.48,3.29,-176.74999999999983,160.13226409922316
2313,2,6.48,6.48,3.29,-165.19999999999982,160.13226409922316
2314,1,6.54,6.54,3.32,-153.6499999999998,160.13226409922316
2315,1,6.54,6.54,3.32,-142.0999999999998,160.13226409922316
2316,1,6.54,6.54,3.32,-130.54999999999978,160.13226409922316
2317,1,6.54,6.54,3.32,-118.99999999999977,160.13226409922316
2318,1,6.54,6.54,3.32,-107.44999999999976,160.13226409922316
2319,1,6.54,6.54,3.32,-95.89999999999975,160.13226409922316
2320,1,6.54,6.54,3.32,-84.34999999999974,160.13226409922316
2321,1,6.54,6.54,3.32,-72.79999999999973,160.13226409922316
2322,1,6.54,6.54,3.32,-61.249999999999716,160.13226409922316
2323,1,6.54,6.54,3.32,-49.699999999999704,160.13226409922316
2324,1,6.54,6.54,3.32,-38.14999999999969,160.13226409922316
2325,1,6.54,6.54,3.32,-26.59999999999968,160.13226409922316
2326,1,6.54,6.54,3.32,-15.04999999999967,160.13226409922316
2327,1,6.54,6.54,3.32,-3.499999999999659,160.13226409922316
2328,1,6.54,6.54,3.32,8.050000000000352,160.13226409922316
2329,1,6.54,6.54,3.32,19.600000000000364,160.13226409922316
2330,1,6.54,6.54,3.32,31.150000000000375,160.13226409922316
2331,1,6.54,6.54,3.32,42.70000000000039,160.13226409922316
2332,1,6.54,6.54,3.32,54.2500000000004,160.13226409922316
2333,1,6.54,6.54,3.32,65.80000000000041,160.13226409922316
2334,1,6.54,6.54,3.32,77.35000000000042,160.13226409922316
2335,1,6.54,6.54,3.32,88.90000000000043,160.13226409922316
2336,1,6.54,6.54,3.32,100.45000000000044,160.13226409922316
2337,1,6.54,6.54,3.32,112.00000000000045,160.13226409922316
2338,1,6.54,6.54,3.32,123.55000000000047,160.13226409922316
2339,1,6.54,6.54,3.32,135.10000000000048,160.13226409922316
2340,1,6.54,6.54,3.32,146.6500000000005,160.13226409922316
2341,1,6.54,6.54,3.32,158.20000000000044,160.13226409922316
2342,2,6.48,6.48,3.29,169.7500000000005,160.13226409922316
2343,2,6.48,6.48,3.29,181.30000000000058,160.13226409922316
2344,2,6.48,6.48,3.29,192.85000000000053,160.13226409922316
2345,2,6.48,6.48,3.29,204.4000000000005,160.13226409922316
2346,2,6.48,6.48,3.29,215.95000000000056,160.13226409922316
2347,2,6.48,6.48,3.29,227.50000000000063,160.13226409922316
2348,3,6.42,6.42,3.26,239.05000000000058,160.13226409922316
2349,3,6.42,6.42,3.26,250.60000000000053,160.13226409922316
2350,3,6.42,6.42,3.26,262.1500000000006,160.13226409922316
2351,3,6.42,6.42,3.26,273.70000000000067,160.13226409922316
2352,3,6.42,6.42,3.26,285.2500000000006,160.13226409922316
2353,4,6.36,6.36,3.23,296.8000000000006,160.13226409922316
2354,4,6.36,6.36,3.23,308.35000000000065,160.13226409922316
2355,4,6.36,6.36,3.23,-298.025,170.13485751293337
2356,4,6.36,6.36,3.23,-286.47499999999997,170.13485751293337
2357,3,6.42,6.42,3.26,-274.92499999999995,170.13485751293337
2358,3,6.42,6.42,3.26,-263.37499999999994,170.13485751293337
2359,3,6.42,6.42,3.26,-251.8249999999999,170.13485751293337
2360,3,6.42,6.42,3.26,-240.2749999999999,170.13485751293337
2361,3,6.42,6.42,3.26,-228.72499999999988,170.13485751293337
2362,2,6.48,6.48,3.29,-217.17499999999987,170.13485751293337
2363,2,6.48,6.48,3.29,-205.62499999999986,170.13485751293337
2364,2,6.48,6.48,3.29,-194.07499999999985,170.13485751293337
2365,2,6.48,6.48,3.29,-182.52499999999984,170.13485751293337
2366,2,6.48,6.48,3.29,-170.97499999999982,170.13485751293337
2367,2,6.48,6.48,3.29,-159.4249999999998,170.13485751293337
2368,1,6.54,6.54,3.32,-147.8749999999998,170.13485751293337
2369,1,6.54,6.54,3.32,-136.3249999999998,170.13485751293337
2370,1,6.54,6.54,3.32,-124.77499999999978,170.13485751293337
2371,1,6.54,6.54,3.32,-113.22499999999977,170.13485751293337
2372,1,6.54,6.54,3.32,-101.67499999999976,170.13485751293337
2373,1,6.54,6.54,3.32,-90.12499999999974,170.13485751293337
2374,1,6.54,6.54,3.32,-78.57499999999973,170.13485751293337
2375,1,6.54,6.54,3.32,-67.02499999999972,170.13485751293337
2376,1,6.54,6.54,3.32,-55.47499999999972,170.13485751293337
2377,1,6.54,6.54,3.32,-43.924999999999706,170.13485751293337
2378,1,6.54,6.54,3.32,-32.374999999999694,170.13485751293337
2379,1,6.54,6.54,3.32,-20.824999999999683,170.13485751293337
2380,1,6.54,6.54,3.32,-9.27499999999967,170.13485751293337
2381,1,6.54,6.54,3.32,2.2750000000003414,170.13485751293337
2382,1,6.54,6.54,3.32,13.825000000000353,170.13485751293337
2383,1,6.54,6.54,3.32,25.375000000000362,170.13485751293337
2384,1,6.54,6.54,3.32,36.925000000000374,170.13485751293337
2385,1,6.54,6.54,3.32,48.475000000000385,170.13485751293337
2386,1,6.54,6.54,3.32,60.0250000000004,170.13485751293337
2387,1,6.54,6.54,3.32,71.57500000000041,170.13485751293337
2388,1,6.54,6.54,3.32,83.12500000000043,170.13485751293337
2389,1,6.54,6.54,3.32,94.67500000000044,170.13485751293337
2390,1,6.54,6.54,3.32,106.22500000000045,170.13485751293337
2391,1,6.54,6.54,3.32,117.77500000000046,170.13485751293337
2392,1,6.54,6.54,3.32,129.32500000000047,170.13485751293337
2393,1,6.54,6.54,3.32,140.87500000000048,170.13485751293337
2394,1,6.54,6.54,3.32,152.4250000000005,170.13485751293337
2395,2,6.48,6.48,3.29,163.97500000000045,170.13485751293337
2396,2,6.48,6.48,3.29,175.52500000000052,170.13485751293337
2397,2,6.48,6.48,3.29,187.07500000000059,170.13485751293337
2398,2,6.48,6.48,3.29,198.62500000000054,170.13485751293337
2399,2,6.48,6.48,3.29,210.1750000000005,170.13485751293337
2400,2,6.48,6.48,3.29,221.72500000000056,170.13485751293337
2401,3,6.42,6.42,3.26,233.27500000000063,170.13485751293337
2402,3,6.42,6.42,3.26,244.82500000000059,170.13485751293337
2403,3,6.42,6.42,3.26,256.3750000000005,170.13485751293337
2404,3,6.42,6.42,3.26,267.9250000000006,170.13485751293337
2405,3,6.42,6.42,3.26,279.47500000000065,170.13485751293337
2406,4,6.36,6.36,3.23,291.0250000000006,170.13485751293337
2407,4,6.36,6.36,3.23,302.57500000000056,170.13485751293337
2408,4,6.36,6.36,3.23,-292.24999999999994,180.13745092664368
2409,4,6.36,6.36,3.23,-280.69999999999993,180.13745092664368
2410,3,6.42,6.42,3.26,-269.1499999999999,180.13745092664368
2411,3,6.42,6.42,3.26,-257.5999999999999,180.13745092664368
2412,3,6.42,6.42,3.26,-246.0499999999999,180.13745092664368
2413,3,6.42,6.42,3.26,-234.4999999999999,180.13745092664368
2414,3,6.42,6.42,3.26,-222.94999999999987,180.13745092664368
2415,2,6.48,6.48,3.29,-211.39999999999986,180.13745092664368
2416,2,6.48,6.48,3.29,-199.84999999999985,180.13745092664368
2417,2,6.48,6.48,3.29,-188.29999999999984,180.13745092664368
2418,2,6.48,6.48,3.29,-176.74999999999983,180.13745092664368
2419,2,6.48,6.48,3.29,-165.19999999999982,180.13745092664368
2420,2,6.48,6.48,3.29,-153.6499999999998,180.13745092664368
2421,1,6.54,6.54,3.32,-142.0999999999998,180.13745092664368
2422,1,6.54,6.54,3.32,-130.54999999999978,180.13745092664368
2423,1,6.54,6.54,3.32,-118.99999999999977,180.13745092664368
2424,1,6.54,6.54,3.32,-107.44999999999976,180.13745092664368
2425,1,6.54,6.54,3.32,-95.89999999999975,180.13745092664368
2426,1,6.54,6.54,3.32,-84.34999999999974,180.13745092664368
2427,1,6.54,6.54,3.32,-72.79999999999973,180.13745092664368
2428,1,6.54,6.54,3.32,-61.249999999999716,180.13745092664368
2429,1,6.54,6.54,3.32,-49.699999999999704,180.13745092664368
2430,1,6.54,6.54,3.32,-38.14999999999969,180.13745092664368
2431,1,6.54,6.54,3.32,-26.59999999999968,180.13745092664368
2432,1,6.54,6.54,3.32,-15.04999999999967,180.13745092664368
2433,1,6.54,6.54,3.32,-3.499999999999659,180.13745092664368
2434,1,6.54,6.54,3.32,8.050000000000352,180.13745092664368
2435,1,6.54,6.54,3.32,19.600000000000364,180.13745092664368
2436,1,6.54,6.54,3.32,31.150000000000375,180.13745092664368
2437,1,6.54,6.54,3.32,42.70000000000039,180.13745092664368
2438,1,6.54,6.54,3.32,54.2500000000004,180.13745092664368
2439,1,6.54,6.54,3.32,65.80000000000041,180.13745092664368
2440,1,6.54,6.54,3.32,77.35000000000042,180.13745092664368
2441,1,6.54,6.54,3.32,88.90000000000043,180.13745092664368
2442,1,6.54,6.54,3.32,100.45000000000044,180.13745092664368
2443,1,6.54,6.54,3.32,112.00000000000045,180.13745092664368
2444,1,6.54,6.54,3.32,123.55000000000047,180.13745092664368
2445,1,6.54,6.54,3.32,135.10000000000048,180.13745092664368
2446,2,6.48,6.48,3.29,146.6500000000005,180.13745092664368
2447,2,6.48,6.48,3.29,158.20000000000044,180.13745092664368
2448,2,6.48,6.48,3.29,169.7500000000005,180.13745092664368
2449,2,6.48,6.48,3.29,181.30000000000058,180.13745092664368
2450,2,6.48,6.48,3.29,192.85000000000053,180.13745092664368
2451,2,6.48,6.48,3.29,204.4000000000005,180.13745092664368
2452,2,6.48,6.48,3.29,215.95000000000056,180.13745092664368
2453,3,6.42,6.42,3.26,227.50000000000063,180.13745092664368
2454,3,6.42,6.42,3.26,239.05000000000058,180.13745092664368
2455,3,6.42,6.42,3.26,250.60000000000053,180.13745092664368
2456,3,6.42,6.42,3.26,262.1500000000006,180.13745092664368
2457,3,6.42,6.42,3.26,273.70000000000067,180.13745092664368
2458,4,6.36,6.36,3.23,285.2500000000006,180.13745092664368
2459,4,6.36,6.36,3.23,296.8000000000006,180.13745092664368
2460,4,6.36,6.36,3.23,-286.47499999999997,190.140044340354
2461,4,6.36,6.36,3.23,-274.92499999999995,190.140044340354
2462,3,6.42,6.42,3.26,-263.37499999999994,190.140044340354
2463,3,6.42,6.42,3.26,-251.8249999999999,190.140044340354
2464,3,6.42,6.42,3.26,-240.2749999999999,190.140044340354
2465,3,6.42,6.42,3.26,-228.72499999999988,190.140044340354
2466,3,6.42,6.42,3.26,-217.17499999999987,190.140044340354
2467,2,6.48,6.48,3.29,-205.62499999999986,190.140044340354
2468,2,6.48,6.48,3.29,-194.07499999999985,190.140044340354
2469,2,6.48,6.48,3.29,-182.52499999999984,190.140044340354
2470,2,6.48,6.48,3.29,-170.97499999999982,190.140044340354
2471,2,6.48,6.48,3.29,-159.4249999999998,190.140044340354
2472,2,6.48,6.48,3.29,-147.8749999999998,190.140044340354
2473,2,6.48,6.48,3.29,-136.3249999999998,190.140044340354
2474,1,6.54,6.54,3.32,-124.77499999999978,190.140044340354
2475,1,6.54,6.54,3.32,-113.22499999999977,190.140044340354
2476,1,6.54,6.54,3.32,-101.67499999999976,190.140044340354
2477,1,6.54,6.54,3.32,-90.12499999999974,190.140044340354
2478,1,6.54,6.54,3.32,-78.57499999999973,190.140044340354
2479,1,6.54,6.54,3.32,-67.02499999999972,190.140044340354
2480,1,6.54,6.54,3.32,-55.47499999999972,190.140044340354
2481,1,6.54,6.54,3.32,-43.924999999999706,190.140044340354
2482,1,6.54,6.54,3.32,-32.374999999999694,190.140044340354
2483,1,6.54,6.54,3.32,-20.824999999999683,190.140044340354
2484,1,6.54,6.54,3.32,-9.27499999999967,190.140044340354
2485,1,6.54,6.54,3.32,2.2750000000003414,190.140044340354
2486,1,6.54,6.54,3.32,13.825000000000353,190.140044340354
2487,1,6.54,6.54,3.32,25.375000000000362,190.140044340354
2488,1,6.54,6.54,3.32,36.925000000000374,190.140044340354
2489,1,6.54,6.54,3.32,48.475000000000385,190.140044340354
2490,1,6.54,6.54,3.32,60.0250000000004,190.140044340354
2491,1,6.54,6.54,3.32,71.57500000000041,190.140044340354
2492,1,6.54,6.54,3.32,83.12500000000043,190.140044340354
2493,1,6.54,6.54,3.32,94.67500000000044,190.140044340354
2494,1,6.54,6.54,3.32,106.22500000000045,190.140044340354
2495,1,6.54,6.54,3.32,117.77500000000046,190.140044340354
2496,1,6.54,6.54,3.32,129.32500000000047,190.140044340354
2497,2,6.48,6.48,3.29,140.87500000000048,190.140044340354
2498,2,6.48,6.48,3.29,152.4250000000005,190.140044340354
2499,2,6.48,6.48,3.29,163.97500000000045,190.140044340354
2500,2,6.48,6.48,3.29,175.52500000000052,190.140044340354
2501,2,6.48,6.48,3.29,187.07500000000059,190.140044340354
2502,2,6.48,6.48,3.29,198.62500000000054,190.140044340354
2503,2,6.48,6.48,3.29,210.1750000000005,190.140044340354
2504,3,6.42,6.42,3.26,221.72500000000056,190.140044340354
2505,3,6.42,6.42,3.26,233.27500000000063,190.140044340354
2506,3,6.42,6.42,3.26,244.82500000000059,190.140044340354
2507,3,6.42,6.42,3.26,256.3750000000005,190.140044340354
2508,3,6.42,6.42,3.26,267.9250000000006,190.140044340354
2509,4,6.36,6.36,3.23,279.47500000000065,190.140044340354
2510,4,6.36,6.36,3.23,291.0250000000006,190.140044340354
2511,4,6.36,6.36,3.23,-280.69999999999993,200.1426377540642
2512,3,6.42,6.42,3.26,-269.1499999999999,200.1426377540642
2513,3,6.42,6.42,3.26,-257.5999999999999,200.1426377540642
2514,3,6.42,6.42,3.26,-246.0499999999999,200.1426377540642
2515,3,6.42,6.42,3.26,-234.4999999999999,200.1426377540642
2516,3,6.42,6.42,3.26,-222.94999999999987,200.1426377540642
2517,3,6.42,6.42,3.26,-211.39999999999986,200.1426377540642
2518,2,6.48,6.48,3.29,-199.84999999999985,200.1426377540642
2519,2,6.48,6.48,3.29,-188.29999999999984,200.1426377540642
2520,2,6.48,6.48,3.29,-176.74999999999983,200.1426377540642
2521,2,6.48,6.48,3.29,-165.19999999999982,200.1426377540642
2522,2,6.48,6.48,3.29,-153.6499999999998,200.1426377540642
2523,2,6.48,6.48,3.29,-142.0999999999998,200.1426377540642
2524,2,6.48,6.48,3.29,-130.54999999999978,200.1426377540642
2525,1,6.54,6.54,3.32,-118.99999999999977,200.1426377540642
2526,1,6.54,6.54,3.32,-107.44999999999976,200.1426377540642
2527,1,6.54,6.54,3.32,-95.89999999999975,200.1426377540642
2528,1,6.54,6.54,3.32,-84.34999999999974,200.1426377540642
2529,1,6.54,6.54,3.32,-72.79999999999973,200.1426377540642
2530,1,6.54,6.54,3.32,-61.249999999999716,200.1426377540642
2531,1,6.54,6.54,3.32,-49.699999999999704,200.1426377540642
2532,1,6.54,6.54,3.32,-38.14999999999969,200.1426377540642
2533,1,6.54,6.54,3.32,-26.59999999999968,200.1426377540642
2534,1,6.54,6.54,3.32,-15.04999999999967,200.1426377540642
2535,1,6.54,6.54,3.32,-3.499999999999659,200.1426377540642
2536,1,6.54,6.54,3.32,8.050000000000352,200.1426377540642
2537,1,6.54,6.54,3.32,19.600000000000364,200.1426377540642
2538,1,6.54,6.54,3.32,31.150000000000375,200.1426377540642
2539,1,6.54,6.54,3.32,42.70000000000039,200.1426377540642
2540,1,6.54,6.54,3.32,54.2500000000004,200.1426377540642
2541,1,6.54,6.54,3.32,65.80000000000041,200.1426377540642
2542,1,6.54,6.54,3.32,77.35000000000042,200.1426377540642
2543,1,6.54,6.54,3.32,88.90000000000043,200.1426377540642
2544,1,6.54,6.54,3.32,100.45000000000044,200.1426377540642
2545,1,6.54,6.54,3.32,112.00000000000045,200.1426377540642
2546,1,6.54,6.54,3.32,123.55000000000047,200.1426377540642
2547,2,6.48,6.48,3.29,135.10000000000048,200.1426377540642
2548,2,6.48,6.48,3.29,146.6500000000005,200.1426377540642
2549,2,6.48,6.48,3.29,158.20000000000044,200.1426377540642
2550,2,6.48,6.48,3.29,169.7500000000005,200.1426377540642
2551,2,6.48,6.48,3.29,181.30000000000058,200.1426377540642
2552,2,6.48,6.48,3.29,192.85000000000053,200.1426377540642
2553,2,6.48,6.48,3.29,204.4000000000005,200.1426377540642
2554,3,6.42,6.42,3.26,215.95000000000056,200.1426377540642
2555,3,6.42,6.42,3.26,227.50000000000063,200.1426377540642
2556,3,6.42,6.42,3.26,239.05000000000058,200.1426377540642
2557,3,6.42,6.42,3.26,250.60000000000053,200.1426377540642
2558,3,6.42,6.42,3.26,262.1500000000006,200.1426377540642
2559,4,6.36,6.36,3.23,273.70000000000067,200.1426377540642
2560,4,6.36,6.36,3.23,285.2500000000006,200.1426377540642
2561,4,6.36,6.36,3.23,-274.92499999999995,210.1452311677744
2562,3,6.42,6.42,3.26,-263.37499999999994,210.1452311677744
2563,3,6.42,6.42,3.26,-251.8249999999999,210.1452311677744
2564,3,6.42,6.42,3.26,-240.2749999999999,210.1452311677744
2565,3,6.42,6.42,3.26,-228.72499999999988,210.1452311677744
2566,3,6.42,6.42,3.26,-217.17499999999987,210.1452311677744
2567,3,6.42,6.42,3.26,-205.62499999999986,210.1452311677744
2568,2,6.48,6.48,3.29,-194.07499999999985,210.1452311677744
2569,2,6.48,6.48,3.29,-182.52499999999984,210.1452311677744
2570,2,6.48,6.48,3.29,-170.97499999999982,210.1452311677744
2571,2,6.48,6.48,3.29,-159.4249999999998,210.1452311677744
2572,2,6.48,6.48,3.29,-147.8749999999998,210.1452311677744
2573,2,6.48,6.48,3.29,-136.3249999999998,210.1452311677744
2574,2,6.48,6.48,3.29,-124.77499999999978,210.1452311677744
2575,2,6.48,6.48,3.29,-113.22499999999977,210.1452311677744
2576,1,6.54,6.54,3.32,-101.67499999999976,210.1452311677744
2577,1,6.54,6.54,3.32,-90.12499999999974,210.1452311677744
2578,1,6.54,6.54,3.32,-78.57499999999973,210.1452311677744
2579,1,6.54,6.54,3.32,-67.02499999999972,210.1452311677744
2580,1,6.54,6.54,3.32,-55.47499999999972,210.1452311677744
2581,1,6.54,6.54,3.32,-43.924999999999706,210.1452311677744
2582,1,6.54,6.54,3.32,-32.374999999999694,210.1452311677744
2583,1,6.54,6.54,3.32,-20.824999999999683,210.1452311677744
2584,1,6.54,6.54,3.32,-9.27499999999967,210.1452311677744
2585,1,6.54,6.54,3.32,2.2750000000003414,210.1452311677744
2586,1,6.54,6.54,3.32,13.825000000000353,210.1452311677744
2587,1,6.54,6.54,3.32,25.375000000000362,210.1452311677744
2588,1,6.54,6.54,3.32,36.925000000000374,210.1452311677744
2589,1,6.54,6.54,3.32,48.475000000000385,210.1452311677744
2590,1,6.54,6.54,3.32,60.0250000000004,210.1452311677744
2591,1,6.54,6.54,3.32,71.57500000000041,210.1452311677744
2592,1,6.54,6.54,3.32,83.12500000000043,210.1452311677744
2593,1,6.54,6.54,3.32,94.67500000000044,210.1452311677744
2594,1,6.54,6.54,3.32,106.22500000000045,210.1452311677744
2595,2,6.48,6.48,3.29,117.77500000000046,210.1452311677744
2596,2,6.48,6.48,3.29,129.32500000000047,210.1452311677744
2597,2,6.48,6.48,3.29,140.87500000000048,210.1452311677744
2598,2,6.48,6.48,3.29,152.4250000000005,210.1452311677744
2599,2,6.48,6.48,3.29,163.97500000000045,210.1452311677744
2600,2,6.48,6.48,3.29,175.52500000000052,210.1452311677744
2601,2,6.48,6.48,3.29,187.07500000000059,210.1452311677744
2602,2,6.48,6.48,3.29,198.62500000000054,210.1452311677744
2603,3,6.42,6.42,3.26,210.1750000000005,210.1452311677744
2604,3,6.42,6.42,3.26,221.72500000000056,210.1452311677744
2605,3,6.42,6.42,3.26,233.27500000000063,210.1452311677744
2606,3,6.42,6.42,3.26,244.82500000000059,210.1452311677744
2607,3,6.42,6.42,3.26,256.3750000000005,210.1452311677744
2608,4,6.36,6.36,3.23,267.9250000000006,210.1452311677744
2609,4,6.36,6.36,3.23,279.47500000000065,210.1452311677744
2610,4,6.36,6.36,3.23,-269.1499999999999,220.1478245814847
2611,4,6.36,6.36,3.23,-257.5999999999999,220.1478245814847
2612,3,6.42,6.42,3.26,-246.0499999999999,220.1478245814847
2613,3,6.42,6.42,3.26,-234.4999999999999,220.1478245814847
2614,3,6.42,6.42,3.26,-222.94999999999987,220.1478245814847
2615,3,6.42,6.42,3.26,-211.39999999999986,220.1478245814847
2616,3,6.42,6.42,3.26,-199.84999999999985,220.1478245814847
2617,2,6.48,6.48,3.29,-188.29999999999984,220.1478245814847
2618,2,6.48,6.48,3.29,-176.74999999999983,220.1478245814847
2619,2,6.48,6.48,3.29,-165.19999999999982,220.1478245814847
2620,2,6.48,6.48,3.29,-153.6499999999998,220.1478245814847
2621,2,6.48,6.48,3.29,-142.0999999999998,220.1478245814847
2622,2,6.48,6.48,3.29,-130.54999999999978,220.1478245814847
2623,2,6.48,6.48,3.29,-118.99999999999977,220.1478245814847
2624,2,6.48,6.48,3.29,-107.44999999999976,220.1478245814847
2625,2,6.48,6.48,3.29,-95.89999999999975,220.1478245814847
2626,1,6.54,6.54,3.32,-84.34999999999974,220.1478245814847
2627,1,6.54,6.54,3.32,-72.79999999999973,220.1478245814847
2628,1,6.54,6.54,3.32,-61.249999999999716,220.1478245814847
2629,1,6.54,6.54,3.32,-49.699999999999704,220.1478245814847
2630,1,6.54,6.54,3.32,-38.14999999999969,220.1478245814847
2631,1,6.54,6.54,3.32,-26.59999999999968,220.1478245814847
2632,1,6.54,6.54,3.32,-15.04999999999967,220.1478245814847
2633,1,6.54,6.54,3.32,-3.499999999999659,220.1478245814847
2634,1,6.54,6.54,3.32,8.050000000000352,220.1478245814847
2635,1,6.54,6.54,3.32,19.600000000000364,220.1478245814847
2636,1,6.54,6.54,3.32,31.150000000000375,220.1478245814847
2637,1,6.54,6.54,3.32,42.70000000000039,220.1478245814847
2638,1,6.54,6.54,3.32,54.2500000000004,220.1478245814847
2639,1,6.54,6.54,3.32,65.80000000000041,220.1478245814847
2640,1,6.54,6.54,3.32,77.35000000000042,220.1478245814847
2641,1,6.54,6.54,3.32,88.90000000000043,220.1478245814847
2642,2,6.48,6.48,3.29,100.45000000000044,220.1478245814847
2643,2,6.48,6.48,3.29,112.00000000000045,220.1478245814847
2644,2,6.48,6.48,3.29,123.55000000000047,220.1478245814847
2645,2,6.48,6.48,3.29,135.10000000000048,220.1478245814847
2646,2,6.48,6.48,3.29,146.6500000000005,220.1478245814847
2647,2,6.48,6.48,3.29,158.20000000000044,220.1478245814847
2648,2,6.48,6.48,3.29,169.7500000000005,220.1478245814847
2649,2,6.48,6.48,3.29,181.30000000000058,220.1478245814847
2650,3,6.42,6.42,3.26,192.85000000000053,220.1478245814847
2651,3,6.42,6.42,3.26,204.4000000000005,220.1478245814847
2652,3,6.42,6.42,3.26,215.95000000000056,220.1478245814847
2653,3,6.42,6.42,3.26,227.50000000000063,220.1478245814847
2654,3,6.42,6.42,3.26,239.05000000000058,220.1478245814847
2655,3,6.42,6.42,3.26,250.60000000000053,220.1478245814847
2656,4,6.36,6.36,3.23,262.1500000000006,220.1478245814847
2657,4,6.36,6.36,3.23,-263.37499999999994,230.15041799519503
2658,4,6.36,6.36,3.23,-251.8249999999999,230.15041799519503
2659,3,6.42,6.42,3.26,-240.2749999999999,230.15041799519503
2660,3,6.42,6.42,3.26,-228.72499999999988,230.15041799519503
2661,3,6.42,6.42,3.26,-217.17499999999987,230.15041799519503
2662,3,6.42,6.42,3.26,-205.62499999999986,230.15041799519503
2663,3,6.42,6.42,3.26,-194.07499999999985,230.15041799519503
2664,2,6.48,6.48,3.29,-182.52499999999984,230.15041799519503
2665,2,6.48,6.48,3.29,-170.97499999999982,230.15041799519503
2666,2,6.48,6.48,3.29,-159.4249999999998,230.15041799519503
2667,2,6.48,6.48,3.29,-147.8749999999998,230.15041799519503
2668,2,6.48,6.48,3.29,-136.3249999999998,230.15041799519503
2669,2,6.48,6.48,3.29,-124.77499999999978,230.15041799519503
2670,2,6.48,6.48,3.29,-113.22499999999977,230.15041799519503
2671,2,6.48,6.48,3.29,-101.67499999999976,230.15041799519503
2672,2,6.48,6.48,3.29,-90.12499999999974,230.15041799519503
2673,2,6.48,6.48,3.29,-78.57499999999973,230.15041799519503
2674,1,6.54,6.54,3.32,-67.02499999999972,230.15041799519503
2675,1,6.54,6.54,3.32,-55.47499999999972,230.15041799519503
2676,1,6.54,6.54,3.32,-43.924999999999706,230.15041799519503
2677,1,6.54,6.54,3.32,-32.374999999999694,230.15041799519503
2678,1,6.54,6.54,3.32,-20.824999999999683,230.15041799519503
2679,1,6.54,6.54,3.32,-9.27499999999967,230.15041799519503
2680,1,6.54,6.54,3.32,2.2750000000003414,230.15041799519503
2681,1,6.54,6.54,3.32,13.825000000000353,230.15041799519503
2682,1,6.54,6.54,3.32,25.375000000000362,230.15041799519503
2683,1,6.54,6.54,3.32,36.925000000000374,230.15041799519503
2684,1,6.54,6.54,3.32,48.475000000000385,230.15041799519503
2685,1,6.54,6.54,3.32,60.0250000000004,230.15041799519503
2686,1,6.54,6.54,3.32,71.57500000000041,230.15041799519503
2687,2,6.48,6.48,3.29,83.12500000000043,230.15041799519503
2688,2,6.48,6.48,3.29,94.67500000000044,230.15041799519503
2689,2,6.48,6.48,3.29,106.22500000000045,230.15041799519503
2690,2,6.48,6.48,3.29,117.77500000000046,230.15041799519503
2691,2,6.48,6.48,3.29,129.32500000000047,230.15041799519503
2692,2,6.48,6.48,3.29,140.87500000000048,230.15041799519503
2693,2,6.48,6.48,3.29,152.4250000000005,230.15041799519503
2694,2,6.48,6.48,3.29,163.97500000000045,230.15041799519503
2695,2,6.48,6.48,3.29,175.52500000000052,230.15041799519503
2696,3,6.42,6.42,3.26,187.07500000000059,230.15041799519503
2697,3,6.42,6.42,3.26,198.62500000000054,230.15041799519503
2698,3,6.42,6.42,3.26,210.1750000000005,230.15041799519503
2699,3,6.42,6.42,3.26,221.72500000000056,230.15041799519503
2700,3,6.42,6.42,3.26,233.27500000000063,230.15041799519503
2701,3,6.42,6.42,3.26,244.82500000000059,230.15041799519503
2702,4,6.36,6.36,3.23,256.3750000000005,230.15041799519503
2703,4,6.36,6.36,3.23,-246.0499999999999,240.15301140890523
2704,3,6.42,6.42,3.26,-234.4999999999999,240.15301140890523
2705,3,6.42,6.42,3.26,-222.94999999999987,240.15301140890523
2706,3,6.42,6.42,3.26,-211.39999999999986,240.15301140890523
2707,3,6.42,6.42,3.26,-199.84999999999985,240.15301140890523
2708,3,6.42,6.42,3.26,-188.29999999999984,240.15301140890523
2709,3,6.42,6.42,3.26,-176.74999999999983,240.15301140890523
2710,2,6.48,6.48,3.29,-165.19999999999982,240.15301140890523
2711,2,6.48,6.48,3.29,-153.6499999999998,240.15301140890523
2712,2,6.48,6.48,3.29,-142.0999999999998,240.15301140890523
2713,2,6.48,6.48,3.29,-130.54999999999978,240.15301140890523
2714,2,6.48,6.48,3.29,-118.99999999999977,240.15301140890523
2715,2,6.48,6.48,3.29,-107.44999999999976,240.15301140890523
2716,2,6.48,6.48,3.29,-95.89999999999975,240.15301140890523
2717,2,6.48,6.48,3.29,-84.34999999999974,240.15301140890523
2718,2,6.48,6.48,3.29,-72.79999999999973,240.15301140890523
2719,2,6.48,6.48,3.29,-61.249999999999716,240.15301140890523
2720,2,6.48,6.48,3.29,-49.699999999999704,240.15301140890523
2721,1,6.54,6.54,3.32,-38.14999999999969,240.15301140890523
2722,1,6.54,6.54,3.32,-26.59999999999968,240.15301140890523
2723,1,6.54,6.54,3.32,-15.04999999999967,240.15301140890523
2724,1,6.54,6.54,3.32,-3.499999999999659,240.15301140890523
2725,1,6.54,6.54,3.32,8.050000000000352,240.15301140890523
2726,1,6.54,6.54,3.32,19.600000000000364,240.15301140890523
2727,1,6.54,6.54,3.32,31.150000000000375,240.15301140890523
2728,2,6.48,6.48,3.29,42.70000000000039,240.15301140890523
2729,2,6.48,6.48,3.29,54.2500000000004,240.15301140890523
2730,2,6.48,6.48,3.29,65.80000000000041,240.15301140890523
2731,2,6.48,6.48,3.29,77.35000000000042,240.15301140890523
2732,2,6.48,6.48,3.29,88.90000000000043,240.15301140890523
2733,2,6.48,6.48,3.29,100.45000000000044,240.15301140890523
2734,2,6.48,6.48,3.29,112.00000000000045,240.15301140890523
2735,2,6.48,6.48,3.29,123.55000000000047,240.15301140890523
2736,2,6.48,6.48,3.29,135.10000000000048,240.15301140890523
2737,2,6.48,6.48,3.29,146.6500000000005,240.15301140890523
2738,2,6.48,6.48,3.29,158.20000000000044,240.15301140890523
2739,2,6.48,6.48,3.29,169.7500000000005,240.15301140890523
2740,3,6.42,6.42,3.26,181.30000000000058,240.15301140890523
2741,3,6.42,6.42,3.26,192.85000000000053,240.15301140890523
2742,3,6.42,6.42,3.26,204.4000000000005,240.15301140890523
2743,3,6.42,6.42,3.26,215.95000000000056,240.15301140890523
2744,3,6.42,6.42,3.26,227.50000000000063,240.15301140890523
2745,3,6.42,6.42,3.26,239.05000000000058,240.15301140890523
2746,4,6.36,6.36,3.23,250.60000000000053,240.15301140890523
2747,4,6.36,6.36,3.23,-240.2749999999999,250.15560482261543
2748,3,6.42,6.42,3.26,-228.72499999999988,250.15560482261543
2749,3,6.42,6.42,3.26,-217.17499999999987,250.15560482261543
2750,3,6.42,6.42,3.26,-205.62499999999986,250.15560482261543
2751,3,6.42,6.42,3.26,-194.07499999999985,250.15560482261543
2752,3,6.42,6.42,3.26,-182.52499999999984,250.15560482261543
2753,3,6.42,6.42,3.26,-170.97499999999982,250.15560482261543
2754,2,6.48,6.48,3.29,-159.4249999999998,250.15560482261543
2755,2,6.48,6.48,3.29,-147.8749999999998,250.15560482261543
2756,2,6.48,6.48,3.29,-136.3249999999998,250.15560482261543
2757,2,6.48,6.48,3.29,-124.77499999999978,250.15560482261543
2758,2,6.48,6.48,3.29,-113.22499999999977,250.15560482261543
2759,2,6.48,6.48,3.29,-101.67499999999976,250.15560482261543
2760,2,6.48,6.48,3.29,-90.12499999999974,250.15560482261543
2761,2,6.48,6.48,3.29,-78.57499999999973,250.15560482261543
2762,2,6.48,6.48,3.29,-67.02499999999972,250.15560482261543
2763,2,6.48,6.48,3.29,-55.47499999999972,250.15560482261543
2764,2,6.48,6.48,3.29,-43.924999999999706,250.15560482261543
2765,2,6.48,6.48,3.29,-32.374999999999694,250.15560482261543
2766,2,6.48,6.48,3.29,-20.824999999999683,250.15560482261543
2767,2,6.48,6.48,3.29,-9.27499999999967,250.15560482261543
2768,2,6.48,6.48,3.29,2.2750000000003414,250.15560482261543
2769,2,6.48,6.48,3.29,13.825000000000353,250.15560482261543
2770,2,6.48,6.48,3.29,25.375000000000362,250.15560482261543
2771,2,6.48,6.48,3.29,36.925000000000374,250.15560482261543
2772,2,6.48,6.48,3.29,48.475000000000385,250.15560482261543
2773,2,6.48,6.48,3.29,60.0250000000004,250.15560482261543
2774,2,6.48,6.48,3.29,71.57500000000041,250.15560482261543
2775,2,6.48,6.48,3.29,83.12500000000043,250.15560482261543
2776,2,6.48,6.48,3.29,94.67500000000044,250.15560482261543
2777,2,6.48,6.48,3.29,106.22500000000045,250.15560482261543
2778,2,6.48,6.48,3.29,117.77500000000046,250.15560482261543
2779,2,6.48,6.48,3.29,129.32500000000047,250.15560482261543
2780,2,6.48,6.48,3.29,140.87500000000048,250.15560482261543
2781,2,6.48,6.48,3.29,152.4250000000005,250.15560482261543
2782,3,6.42,6.42,3.26,163.97500000000045,250.15560482261543
2783,3,6.42,6.42,3.26,175.52500000000052,250.15560482261543
2784,3,6.42,6.42,3.26,187.07500000000059,250.15560482261543
2785,3,6.42,6.42,3.26,198.62500000000054,250.15560482261543
2786,3,6.42,6.42,3.26,210.1750000000005,250.15560482261543
2787,3,6.42,6.42,3.26,221.72500000000056,250.15560482261543
2788,3,6.42,6.42,3.26,233.27500000000063,250.15560482261543
2789,3,6.42,6.42,3.26,-222.94999999999987,260.15819823632575
2790,3,6.42,6.42,3.26,-211.39999999999986,260.15819823632575
2791,3,6.42,6.42,3.26,-199.84999999999985,260.15819823632575
2792,3,6.42,6.42,3.26,-188.29999999999984,260.15819823632575
2793,3,6.42,6.42,3.26,-176.74999999999983,260.15819823632575
2794,3,6.42,6.42,3.26,-165.19999999999982,260.15819823632575
2795,3,6.42,6.42,3.26,-153.6499999999998,260.15819823632575
2796,2,6.48,6.48,3.29,-142.0999999999998,260.15819823632575
2797,2,6.48,6.48,3.29,-130.54999999999978,260.15819823632575
2798,2,6.48,6.48,3.29,-118.99999999999977,260.15819823632575
2799,2,6.48,6.48,3.29,-107.44999999999976,260.15819823632575
2800,2,6.48,6.48,3.29,-95.89999999999975,260.15819823632575
2801,2,6.48,6.48,3.29,-84.34999999999974,260.15819823632575
2802,2,6.48,6.48,3.29,-72.79999999999973,260.15819823632575
2803,2,6.48,6.48,3.29,-61.249999999999716,260.15819823632575
2804,2,6.48,6.48,3.29,-49.699999999999704,260.15819823632575
2805,2,6.48,6.48,3.29,-38.14999999999969,260.15819823632575
2806,2,6.48,6.48,3.29,-26.59999999999968,260.15819823632575
2807,2,6.48,6.48,3.29,-15.04999999999967,260.15819823632575
2808,2,6.48,6.48,3.29,-3.499999999999659,260.15819823632575
2809,2,6.48,6.48,3.29,8.050000000000352,260.15819823632575
2810,2,6.48,6.48,3.29,19.600000000000364,260.15819823632575
2811,2,6.48,6.48,3.29,31.150000000000375,260.15819823632575
2812,2,6.48,6.48,3.29,42.70000000000039,260.15819823632575
2813,2,6.48,6.48,3.29,54.2500000000004,260.15819823632575
2814,2,6.48,6.48,3.29,65.80000000000041,260.15819823632575
2815,2,6.48,6.48,3.29,77.35000000000042,260.15819823632575
2816,2,6.48,6.48,3.29,88.90000000000043,260.15819823632575
2817,2,6.48,6.48,3.29,100.45000000000044,260.15819823632575
2818,2,6.48,6.48,3.29,112.00000000000045,260.15819823632575
2819,2,6.48,6.48,3.29,123.55000000000047,260.15819823632575
2820,2,6.48,6.48,3.29,135.10000000000048,260.15819823632575
2821,2,6.48,6.48,3.29,146.6500000000005,260.15819823632575
2822,3,6.42,6.42,3.26,158.20000000000044,260.15819823632575
2823,3,6.42,6.42,3.26,169.7500000000005,260.15819823632575
2824,3,6.42,6.42,3.26,181.30000000000058,260.15819823632575
2825,3,6.42,6.42,3.26,192.85000000000053,260.15819823632575
2826,3,6.42,6.42,3.26,204.4000000000005,260.15819823632575
2827,3,6.42,6.42,3.26,215.95000000000056,260.15819823632575
2828,4,6.36,6.36,3.23,227.50000000000063,260.15819823632575
2829,4,6.36,6.36,3.23,-217.17499999999987,270.16079165003606
2830,3,6.42,6.42,3.26,-205.62499999999986,270.16079165003606
2831,3,6.42,6.42,3.26,-194.07499999999985,270.16079165003606
2832,3,6.42,6.42,3.26,-182.52499999999984,270.16079165003606
2833,3,6.42,6.42,3.26,-170.97499999999982,270.16079165003606
2834,3,6.42,6.42,3.26,-159.4249999999998,270.16079165003606
2835,3,6.42,6.42,3.26,-147.8749999999998,270.16079165003606
2836,3,6.42,6.42,3.26,-136.3249999999998,270.16079165003606
2837,2,6.48,6.48,3.29,-124.77499999999978,270.16079165003606
2838,2,6.48,6.48,3.29,-113.22499999999977,270.16079165003606
2839,2,6.48,6.48,3.29,-101.67499999999976,270.16079165003606
2840,2,6.48,6.48,3.29,-90.12499999999974,270.16079165003606
2841,2,6.48,6.48,3.29,-78.57499999999973,270.16079165003606
2842,2,6.48,6.48,3.29,-67.02499999999972,270.16079165003606
2843,2,6.48,6.48,3.29,-55.47499999999972,270.16079165003606
2844,2,6.48,6.48,3.29,-43.924999999999706,270.16079165003606
2845,2,6.48,6.48,3.29,-32.374999999999694,270.16079165003606
2846,2,6.48,6.48,3.29,-20.824999999999683,270.16079165003606
2847,2,6.48,6.48,3.29,-9.27499999999967,270.16079165003606
2848,2,6.48,6.48,3.29,2.2750000000003414,270.16079165003606
2849,2,6.48,6.48,3.29,13.825000000000353,270.16079165003606
2850,2,6.48,6.48,3.29,25.375000000000362,270.16079165003606
2851,2,6.48,6.48,3.29,36.925000000000374,270.16079165003606
2852,2,6.48,6.48,3.29,48.475000000000385,270.16079165003606
2853,2,6.48,6.48,3.29,60.0250000000004,270.16079165003606
2854,2,6.48,6.48,3.29,71.57500000000041,270.16079165003606
2855,2,6.48,6.48,3.29,83.12500000000043,270.16079165003606
2856,2,6.48,6.48,3.29,94.67500000000044,270.16079165003606
2857,2,6.48,6.48,3.29,106.22500000000045,270.16079165003606
2858,2,6.48,6.48,3.29,117.77500000000046,270.16079165003606
2859,2,6.48,6.48,3.29,129.32500000000047,270.16079165003606
2860,3,6.42,6.42,3.26,140.87500000000048,270.16079165003606
2861,3,6.42,6.42,3.26,152.4250000000005,270.16079165003606
2862,3,6.42,6.42,3.26,163.97500000000045,270.16079165003606
2863,3,6.42,6.42,3.26,175.52500000000052,270.16079165003606
2864,3,6.42,6.42,3.26,187.07500000000059,270.16079165003606
2865,3,6.42,6.42,3.26,198.62500000000054,270.16079165003606
2866,3,6.42,6.42,3.26,210.1750000000005,270.16079165003606
2867,4,6.36,6.36,3.23,221.72500000000056,270.16079165003606
2868,3,6.42,6.42,3.26,-199.84999999999985,280.16338506374626
2869,3,6.42,6.42,3.26,-188.29999999999984,280.16338506374626
2870,3,6.42,6.42,3.26,-176.74999999999983,280.16338506374626
2871,3,6.42,6.42,3.26,-165.19999999999982,280.16338506374626
2872,3,6.42,6.42,3.26,-153.6499999999998,280.16338506374626
2873,3,6.42,6.42,3.26,-142.0999999999998,280.16338506374626
2874,3,6.42,6.42,3.26,-130.54999999999978,280.16338506374626
2875,3,6.42,6.42,3.26,-118.99999999999977,280.16338506374626
2876,2,6.48,6.48,3.29,-107.44999999999976,280.16338506374626
2877,2,6.48,6.48,3.29,-95.89999999999975,280.16338506374626
2878,2,6.48,6.48,3.29,-84.34999999999974,280.16338506374626
2879,2,6.48,6.48,3.29,-72.79999999999973,280.16338506374626
2880,2,6.48,6.48,3.29,-61.249999999999716,280.16338506374626
2881,2,6.48,6.48,3.29,-49.699999999999704,280.16338506374626
2882,2,6.48,6.48,3.29,-38.14999999999969,280.16338506374626
2883,2,6.48,6.48,3.29,-26.59999999999968,280.16338506374626
2884,2,6.48,6.48,3.29,-15.04999999999967,280.16338506374626
2885,2,6.48,6.48,3.29,-3.499999999999659,280.16338506374626
2886,2,6.48,6.48,3.29,8.050000000000352,280.16338506374626
2887,2,6.48,6.48,3.29,19.600000000000364,280.16338506374626
2888,2,6.48,6.48,3.29,31.150000000000375,280.16338506374626
2889,2,6.48,6.48,3.29,42.70000000000039,280.16338506374626
2890,2,6.48,6.48,3.29,54.2500000000004,280.16338506374626
2891,2,6.48,6.48,3.29,65.80000000000041,280.16338506374626
2892,2,6.48,6.48,3.29,77.35000000000042,280.16338506374626
2893,2,6.48,6.48,3.29,88.90000000000043,280.16338506374626
2894,2,6.48,6.48,3.29,100.45000000000044,280.16338506374626
2895,2,6.48,6.48,3.29,112.00000000000045,280.16338506374626
2896,3,6.42,6.42,3.26,123.55000000000047,280.16338506374626
2897,3,6.42,6.42,3.26,135.10000000000048,280.16338506374626
2898,3,6.42,6.42,3.26,146.6500000000005,280.16338506374626
2899,3,6.42,6.42,3.26,158.20000000000044,280.16338506374626
2900,3,6.42,6.42,3.26,169.7500000000005,280.16338506374626
2901,3,6.42,6.42,3.26,181.30000000000058,280.16338506374626
2902,3,6.42,6.42,3.26,192.85000000000053,280.16338506374626
2903,3,6.42,6.42,3.26,204.4000000000005,280.16338506374626
2904,4,6.36,6.36,3.23,-194.07499999999985,290.16597847745646
2905,3,6.42,6.42,3.26,-182.52499999999984,290.16597847745646
2906,3,6.42,6.42,3.26,-170.97499999999982,290.16597847745646
2907,3,6.42,6.42,3.26,-159.4249999999998,290.16597847745646
2908,3,6.42,6.42,3.26,-147.8749999999998,290.16597847745646
2909,3,6.42,6.42,3.26,-136.3249999999998,290.16597847745646
2910,3,6.42,6.42,3.26,-124.77499999999978,290.16597847745646
2911,3,6.42,6.42,3.26,-113.22499999999977,290.16597847745646
2912,3,6.42,6.42,3.26,-101.67499999999976,290.16597847745646
2913,2,6.48,6.48,3.29,-90.12499999999974,290.16597847745646
2914,2,6.48,6.48,3.29,-78.57499999999973,290.16597847745646
2915,2,6.48,6.48,3.29,-67.02499999999972,290.16597847745646
2916,2,6.48,6.48,3.29,-55.47499999999972,290.16597847745646
2917,2,6.48,6.48,3.29,-43.924999999999706,290.16597847745646
2918,2,6.48,6.48,3.29,-32.374999999999694,290.16597847745646
2919,2,6.48,6.48,3.29,-20.824999999999683,290.16597847745646
2920,2,6.48,6.48,3.29,-9.27499999999967,290.16597847745646
2921,2,6.48,6.48,3.29,2.2750000000003414,290.16597847745646
2922,2,6.48,6.48,3.29,13.825000000000353,290.16597847745646
2923,2,6.48,6.48,3.29,25.375000000000362,290.16597847745646
2924,2,6.48,6.48,3.29,36.925000000000374,290.16597847745646
2925,2,6.48,6.48,3.29,48.475000000000385,290.16597847745646
2926,2,6.48,6.48,3.29,60.0250000000004,290.16597847745646
2927,2,6.48,6.48,3.29,71.57500000000041,290.16597847745646
2928,2,6.48,6.48,3.29,83.12500000000043,290.16597847745646
2929,3,6.42,6.42,3.26,94.67500000000044,290.16597847745646
2930,3,6.42,6.42,3.26,106.22500000000045,290.16597847745646
2931,3,6.42,6.42,3.26,117.77500000000046,290.16597847745646
2932,3,6.42,6.42,3.26,129.32500000000047,290.16597847745646
2933,3,6.42,6.42,3.26,140.87500000000048,290.16597847745646
2934,3,6.42,6.42,3.26,152.4250000000005,290.16597847745646
2935,3,6.42,6.42,3.26,163.97500000000045,290.16597847745646
2936,3,6.42,6.42,3.26,175.52500000000052,290.16597847745646
2937,3,6.42,6.42,3.26,187.07500000000059,290.16597847745646
2938,3,6.42,6.42,3.26,-176.74999999999983,300.1685718911668
2939,3,6.42,6.42,3.26,-165.19999999999982,300.1685718911668
2940,3,6.42,6.42,3.26,-153.6499999999998,300.1685718911668
2941,3,6.42,6.42,3.26,-142.0999999999998,300.1685718911668
2942,3,6.42,6.42,3.26,-130.54999999999978,300.1685718911668
2943,3,6.42,6.42,3.26,-118.99999999999977,300.1685718911668
2944,3,6.42,6.42,3.26,-107.44999999999976,300.1685718911668
2945,3,6.42,6.42,3.26,-95.89999999999975,300.1685718911668
2946,3,6.42,6.42,3.26,-84.34999999999974,300.1685718911668
2947,3,6.42,6.42,3.26,-72.79999999999973,300.1685718911668
2948,3,6.42,6.42,3.26,-61.249999999999716,300.1685718911668
2949,2,6.48,6.48,3.29,-49.699999999999704,300.1685718911668
2950,2,6.48,6.48,3.29,-38.14999999999969,300.1685718911668
2951,2,6.48,6.48,3.29,-26.59999999999968,300.1685718911668
2952,2,6.48,6.48,3.29,-15.04999999999967,300.1685718911668
2953,2,6.48,6.48,3.29,-3.499999999999659,300.1685718911668
2954,2,6.48,6.48,3.29,8.050000000000352,300.1685718911668
2955,2,6.48,6.48,3.29,19.600000000000364,300.1685718911668
2956,2,6.48,6.48,3.29,31.150000000000375,300.1685718911668
2957,2,6.48,6.48,3.29,42.70000000000039,300.1685718911668
2958,2,6.48,6.48,3.29,54.2500000000004,300.1685718911668
2959,3,6.42,6.42,3.26,65.80000000000041,300.1685718911668
2960,3,6.42,6.42,3.26,77.35000000000042,300.1685718911668
2961,3,6.42,6.42,3.26,88.90000000000043,300.1685718911668
2962,3,6.42,6.42,3.26,100.45000000000044,300.1685718911668
2963,3,6.42,6.42,3.26,112.00000000000045,300.1685718911668
2964,3,6.42,6.42,3.26,123.55000000000047,300.1685718911668
2965,3,6.42,6.42,3.26,135.10000000000048,300.1685718911668
2966,3,6.42,6.42,3.26,146.6500000000005,300.1685718911668
2967,3,6.42,6.42,3.26,158.20000000000044,300.1685718911668
2968,3,6.42,6.42,3.26,169.7500000000005,300.1685718911668
2969,3,6.42,6.42,3.26,-159.4249999999998,310.1711653048771
2970,3,6.42,6.42,3.26,-147.8749999999998,310.1711653048771
2971,3,6.42,6.42,3.26,-136.3249999999998,310.1711653048771
2972,3,6.42,6.42,3.26,-124.77499999999978,310.1711653048771
2973,3,6.42,6.42,3.26,-113.22499999999977,310.1711653048771
2974,3,6.42,6.42,3.26,-101.67499999999976,310.1711653048771
2975,3,6.42,6.42,3.26,-90.12499999999974,310.1711653048771
2976,3,6.42,6.42,3.26,-78.57499999999973,310.1711653048771
2977,3,6.42,6.42,3.26,-67.02499999999972,310.1711653048771
2978,3,6.42,6.42,3.26,-55.47499999999972,310.1711653048771
2979,3,6.42,6.42,3.26,-43.924999999999706,310.1711653048771
2980,3,6.42,6.42,3.26,-32.374999999999694,310.1711653048771
2981,3,6.42,6.42,3.26,-20.824999999999683,310.1711653048771
2982,3,6.42,6.42,3.26,-9.27499999999967,310.1711653048771
2983,3,6.42,6.42,3.26,2.2750000000003414,310.1711653048771
2984,3,6.42,6.42,3.26,13.825000000000353,310.1711653048771
2985,3,6.42,6.42,3.26,25.375000000000362,310.1711653048771
2986,3,6.42,6.42,3.26,36.925000000000374,310.1711653048771
2987,3,6.42,6.42,3.26,48.475000000000385,310.1711653048771
2988,3,6.42,6.42,3.26,60.0250000000004,310.1711653048771
2989,3,6.42,6.42,3.26,71.57500000000041,310.1711653048771
2990,3,6.42,6.42,3.26,83.12500000000043,310.1711653048771
2991,3,6.42,6.42,3.26,94.67500000000044,310.1711653048771
2992,3,6.42,6.42,3.26,106.22500000000045,310.1711653048771
2993,3,6.42,6.42,3.26,117.77500000000046,310.1711653048771
2994,3,6.42,6.42,3.26,129.32500000000047,310.1711653048771
2995,3,6.42,6.42,3.26,140.87500000000048,310.1711653048771
2996,3,6.42,6.42,3.26,152.4250000000005,310.1711653048771
2997,3,6.42,6.42,3.26,-130.54999999999978,320.1737587185873
2998,3,6.42,6.42,3.26,-118.99999999999977,320.1737587185873
2999,3,6.42,6.42,3.26,-107.44999999999976,320.1737587185873
3000,3,6.42,6.42,3.26,-95.89999999999975,320.1737587185873
3001,3,6.42,6.42,3.26,-84.34999999999974,320.1737587185873
3002,3,6.42,6.42,3.26,-72.79999999999973,320.1737587185873
3003,3,6.42,6.42,3.26,-61.249999999999716,320.1737587185873
3004,3,6.42,6.42,3.26,-49.699999999999704,320.1737587185873
3005,3,6.42,6.42,3.26,-38.14999999999969,320.1737587185873
3006,3,6.42,6.42,3.26,-26.59999999999968,320.1737587185873
3007,3,6.42,6.42,3.26,-15.04999999999967,320.1737587185873
3008,3,6.42,6.42,3.26,-3.499999999999659,320.1737587185873
3009,3,6.42,6.42,3.26,8.050000000000352,320.1737587185873
3010,3,6.42,6.42,3.26,19.600000000000364,320.1737587185873
3011,3,6.42,6.42,3.26,31.150000000000375,320.1737587185873
3012,3,6.42,6.42,3.26,42.70000000000039,320.1737587185873
3013,3,6.42,6.42,3.26,54.2500000000004,320.1737587185873
3014,3,6.42,6.42,3.26,65.80000000000041,320.1737587185873
3015,3,6.42,6.42,3.26,77.35000000000042,320.1737587185873
3016,3,6.42,6.42,3.26,88.90000000000043,320.1737587185873
3017,3,6.42,6.42,3.26,100.45000000000044,320.1737587185873
3018,3,6.42,6.42,3.26,112.00000000000045,320.1737587185873
3019,3,6.42,6.42,3.26,123.55000000000047,320.1737587185873
3020,3,6.42,6.42,3.26,135.10000000000048,320.1737587185873
3021,3,6.42,6.42,3.26,-113.22499999999977,330.1763521322975
3022,3,6.42,6.42,3.26,-101.67499999999976,330.1763521322975
3023,3,6.42,6.42,3.26,-90.12499999999974,330.1763521322975
3024,3,6.42,6.42,3.26,-78.57499999999973,330.1763521322975
3025,3,6.42,6.42,3.26,-67.02499999999972,330.1763521322975
3026,3,6.42,6.42,3.26,-55.47499999999972,330.1763521322975
3027,3,6.42,6.42,3.26,-43.924999999999706,330.1763521322975
3028,3,6.42,6.42,3.26,-32.374999999999694,330.1763521322975
3029,3,6.42,6.42,3.26,-20.824999999999683,330.1763521322975
3030,3,6.42,6.42,3.26,-9.27499999999967,330.1763521322975
3031,3,6.42,6.42,3.26,2.2750000000003414,330.1763521322975
3032,3,6.42,6.42,3.26,13.825000000000353,330.1763521322975
3033,3,6.42,6.42,3.26,25.375000000000362,330.1763521322975
3034,3,6.42,6.42,3.26,36.925000000000374,330.1763521322975
3035,3,6.42,6.42,3.26,48.475000000000385,330.1763521322975
3036,3,6.42,6.42,3.26,60.0250000000004,330.1763521322975
3037,3,6.42,6.42,3.26,71.57500000000041,330.1763521322975
3038,3,6.42,6.42,3.26,83.12500000000043,330.1763521322975
3039,3,6.42,6.42,3.26,94.67500000000044,330.1763521322975
3040,3,6.42,6.42,3.26,106.22500000000045,330.1763521322975
3041,3,6.42,6.42,3.26,-72.79999999999973,340.1789455460078
3042,3,6.42,6.42,3.26,-61.249999999999716,340.1789455460078
3043,3,6.42,6.42,3.26,-49.699999999999704,340.1789455460078
3044,3,6.42,6.42,3.26,-38.14999999999969,340.1789455460078
3045,3,6.42,6.42,3.26,-26.59999999999968,340.1789455460078
3046,3,6.42,6.42,3.26,-15.04999999999967,340.1789455460078
3047,3,6.42,6.42,3.26,-3.499999999999659,340.1789455460078
3048,3,6.42,6.42,3.26,8.050000000000352,340.1789455460078
3049,3,6.42,6.42,3.26,19.600000000000364,340.1789455460078
3050,3,6.42,6.42,3.26,31.150000000000375,340.1789455460078
3051,3,6.42,6.42,3.26,42.70000000000039,340.1789455460078
3052,3,6.42,6.42,3.26,54.2500000000004,340.1789455460078
3053,3,6.42,6.42,3.26,65.80000000000041,340.1789455460078
3054,3,6.42,6.42,3.26,77.35000000000042,340.1789455460078
