x,y,objective
-3.000000,-3.000000,31.99589200
-2.900000,-3.000000,31.42507350
-2.800000,-3.000000,30.91879600
-2.700000,-3.000000,30.47603350
-2.600000,-3.000000,30.09579600
-2.500000,-3.000000,29.77712950
-2.400000,-3.000000,29.51911600
-2.300000,-3.000000,29.32087350
-2.200000,-3.000000,29.18155600
-2.100000,-3.000000,29.10035350
-2.000000,-3.000000,29.07649200
-1.900000,-3.000000,29.10923350
-1.800000,-3.000000,29.19787600
-1.700000,-3.000000,29.34175350
-1.600000,-3.000000,29.54023600
-1.500000,-3.000000,29.79272950
-1.400000,-3.000000,30.09867600
-1.300000,-3.000000,30.45755350
-1.200000,-3.000000,30.86887600
-1.100000,-3.000000,31.33219350
-1.000000,-3.000000,31.84709200
-0.900000,-3.000000,32.41319350
-0.800000,-3.000000,33.03015600
-0.700000,-3.000000,33.69767350
-0.600000,-3.000000,34.41547600
-0.500000,-3.000000,35.18332950
-0.400000,-3.000000,36.00103600
-0.300000,-3.000000,36.86843350
-0.200000,-3.000000,37.78539600
-0.100000,-3.000000,38.75183350
0.000000,-3.000000,39.76769200
0.100000,-3.000000,40.83295350
0.200000,-3.000000,41.94763600
0.300000,-3.000000,43.11179350
0.400000,-3.000000,44.32551600
0.500000,-3.000000,45.58892950
0.600000,-3.000000,46.90219600
0.700000,-3.000000,48.26551350
0.800000,-3.000000,49.67911600
0.900000,-3.000000,51.14327350
1.000000,-3.000000,52.65829200
1.100000,-3.000000,54.22451350
1.200000,-3.000000,55.84231600
1.300000,-3.000000,57.51211350
1.400000,-3.000000,59.23435600
1.500000,-3.000000,61.00952950
1.600000,-3.000000,62.83815600
1.700000,-3.000000,64.72079350
1.800000,-3.000000,66.65803600
1.900000,-3.000000,68.65051350
2.000000,-3.000000,70.69889200
2.100000,-3.000000,72.80387350
2.200000,-3.000000,74.96619600
2.300000,-3.000000,77.18663350
2.400000,-3.000000,79.46599600
2.500000,-3.000000,81.80512950
2.600000,-3.000000,84.20491600
2.700000,-3.000000,86.66627350
2.800000,-3.000000,89.19015600
2.900000,-3.000000,91.77755350
3.000000,-3.000000,94.42949200
-3.000000,-2.900000,30.73457350
-2.900000,-2.900000,30.17699800
-2.800000,-2.900000,29.68360950
-2.700000,-2.900000,29.25338200
-2.600000,-2.900000,28.88532550
-2.500000,-2.900000,28.57848600
-2.400000,-2.900000,28.33194550
-2.300000,-2.900000,28.14482200
-2.200000,-2.900000,28.01626950
-2.100000,-2.900000,27.94547800
-2.000000,-2.900000,27.93167350
-1.900000,-2.900000,27.97411800
-1.800000,-2.900000,28.07210950
-1.700000,-2.900000,28.22498200
-1.600000,-2.900000,28.43210550
-1.500000,-2.900000,28.69288600
-1.400000,-2.900000,29.00676550
-1.300000,-2.900000,29.37322200
-1.200000,-2.900000,29.79176950
-1.100000,-2.900000,30.26195800
-1.000000,-2.900000,30.78337350
-0.900000,-2.900000,31.35563800
-0.800000,-2.900000,31.97840950
-0.700000,-2.900000,32.65138200
-0.600000,-2.900000,33.37428550
-0.500000,-2.900000,34.14688600
-0.400000,-2.900000,34.96898550
-0.300000,-2.900000,35.84042200
-0.200000,-2.900000,36.76106950
-0.100000,-2.900000,37.73083800
0.000000,-2.900000,38.74967350
0.100000,-2.900000,39.81755800
0.200000,-2.900000,40.93450950
0.300000,-2.900000,42.10058200
0.400000,-2.900000,43.31586550
0.500000,-2.900000,44.58048600
0.600000,-2.900000,45.89460550
0.700000,-2.900000,47.25842200
0.800000,-2.900000,48.67216950
0.900000,-2.900000,50.13611800
1.000000,-2.900000,51.65057350
1.100000,-2.900000,53.21587800
1.200000,-2.900000,54.83240950
1.300000,-2.900000,56.50058200
1.400000,-2.900000,58.22084550
1.500000,-2.900000,59.99368600
1.600000,-2.900000,61.81962550
1.700000,-2.900000,63.69922200
1.800000,-2.900000,65.63306950
1.900000,-2.900000,67.62179800
2.000000,-2.900000,69.66607350
2.100000,-2.900000,71.76659800
2.200000,-2.900000,73.92410950
2.300000,-2.900000,76.13938200
2.400000,-2.900000,78.41322550
2.500000,-2.900000,80.74648600
2.600000,-2.900000,83.14004550
2.700000,-2.900000,85.59482200
2.800000,-2.900000,88.11176950
2.900000,-2.900000,90.69187800
3.000000,-2.900000,93.33617350
-3.000000,-2.800000,29.51079600
-2.900000,-2.800000,28.96610950
-2.800000,-2.800000,28.48526800
-2.700000,-2.800000,28.06724550
-2.600000,-2.800000,27.71105200
-2.500000,-2.800000,27.41573350
-2.400000,-2.800000,27.18037200
-2.300000,-2.800000,27.00408550
-2.200000,-2.800000,26.88602800
-2.100000,-2.800000,26.82538950
-2.000000,-2.800000,26.82139600
-1.900000,-2.800000,26.87330950
-1.800000,-2.800000,26.98042800
-1.700000,-2.800000,27.14208550
-1.600000,-2.800000,27.35765200
-1.500000,-2.800000,27.62653350
-1.400000,-2.800000,27.94817200
-1.300000,-2.800000,28.32204550
-1.200000,-2.800000,28.74766800
-1.100000,-2.800000,29.22458950
-1.000000,-2.800000,29.75239600
-0.900000,-2.800000,30.33070950
-0.800000,-2.800000,30.95918800
-0.700000,-2.800000,31.63752550
-0.600000,-2.800000,32.36545200
-0.500000,-2.800000,33.14273350
-0.400000,-2.800000,33.96917200
-0.300000,-2.800000,34.84460550
-0.200000,-2.800000,35.76890800
-0.100000,-2.800000,36.74198950
0.000000,-2.800000,37.76379600
0.100000,-2.800000,38.83430950
0.200000,-2.800000,39.95354800
0.300000,-2.800000,41.12156550
0.400000,-2.800000,42.33845200
0.500000,-2.800000,43.60433350
0.600000,-2.800000,44.91937200
0.700000,-2.800000,46.28376550
0.800000,-2.800000,47.69774800
0.900000,-2.800000,49.16158950
1.000000,-2.800000,50.67559600
1.100000,-2.800000,52.24010950
1.200000,-2.800000,53.85550800
1.300000,-2.800000,55.52220550
1.400000,-2.800000,57.24065200
1.500000,-2.800000,59.01133350
1.600000,-2.800000,60.83477200
1.700000,-2.800000,62.71152550
1.800000,-2.800000,64.64218800
1.900000,-2.800000,66.62738950
2.000000,-2.800000,68.66779600
2.100000,-2.800000,70.76410950
2.200000,-2.800000,72.91706800
2.300000,-2.800000,75.12744550
2.400000,-2.800000,77.39605200
2.500000,-2.800000,79.72373350
2.600000,-2.800000,82.11137200
2.700000,-2.800000,84.55988550
2.800000,-2.800000,87.07022800
2.900000,-2.800000,89.64338950
3.000000,-2.800000,92.28039600
-3.000000,-2.700000,28.32353350
-2.900000,-2.700000,27.79138200
-2.800000,-2.700000,27.32274550
-2.700000,-2.700000,26.91659800
-2.600000,-2.700000,26.57194950
-2.500000,-2.700000,26.28784600
-2.400000,-2.700000,26.06336950
-2.300000,-2.700000,25.89763800
-2.200000,-2.700000,25.78980550
-2.100000,-2.700000,25.73906200
-2.000000,-2.700000,25.74463350
-1.900000,-2.700000,25.80578200
-1.800000,-2.700000,25.92180550
-1.700000,-2.700000,26.09203800
-1.600000,-2.700000,26.31584950
-1.500000,-2.700000,26.59264600
-1.400000,-2.700000,26.92186950
-1.300000,-2.700000,27.30299800
-1.200000,-2.700000,27.73554550
-1.100000,-2.700000,28.21906200
-1.000000,-2.700000,28.75313350
-0.900000,-2.700000,29.33738200
-0.800000,-2.700000,29.97146550
-0.700000,-2.700000,30.65507800
-0.600000,-2.700000,31.38794950
-0.500000,-2.700000,32.16984600
-0.400000,-2.700000,33.00056950
-0.300000,-2.700000,33.87995800
-0.200000,-2.700000,34.80788550
-0.100000,-2.700000,35.78426200
0.000000,-2.700000,36.80903350
0.100000,-2.700000,37.88218200
0.200000,-2.700000,39.00372550
0.300000,-2.700000,40.17371800
0.400000,-2.700000,41.39224950
0.500000,-2.700000,42.65944600
0.600000,-2.700000,43.97546950
0.700000,-2.700000,45.34051800
0.800000,-2.700000,46.75482550
0.900000,-2.700000,48.21866200
1.000000,-2.700000,49.73233350
1.100000,-2.700000,51.29618200
1.200000,-2.700000,52.91058550
1.300000,-2.700000,54.57595800
1.400000,-2.700000,56.29274950
1.500000,-2.700000,58.06144600
1.600000,-2.700000,59.88256950
1.700000,-2.700000,61.75667800
1.800000,-2.700000,63.68436550
1.900000,-2.700000,65.66626200
2.000000,-2.700000,67.70303350
2.100000,-2.700000,69.79538200
2.200000,-2.700000,71.94404550
2.300000,-2.700000,74.14979800
2.400000,-2.700000,76.41344950
2.500000,-2.700000,78.73584600
2.600000,-2.700000,81.11786950
2.700000,-2.700000,83.56043800
2.800000,-2.700000,86.06450550
2.900000,-2.700000,88.63106200
3.000000,-2.700000,91.26113350
-3.000000,-2.600000,27.17179600
-2.900000,-2.600000,26.65182550
-2.800000,-2.600000,26.19505200
-2.700000,-2.600000,25.80044950
-2.600000,-2.600000,25.46702800
-2.500000,-2.600000,25.19383350
-2.400000,-2.600000,24.97994800
-2.300000,-2.600000,24.82448950
-2.200000,-2.600000,24.72661200
-2.100000,-2.600000,24.68550550
-2.000000,-2.600000,24.70039600
-1.900000,-2.600000,24.77054550
-1.800000,-2.600000,24.89525200
-1.700000,-2.600000,25.07384950
-1.600000,-2.600000,25.30570800
-1.500000,-2.600000,25.59023350
-1.400000,-2.600000,25.92686800
-1.300000,-2.600000,26.31508950
-1.200000,-2.600000,26.75441200
-1.100000,-2.600000,27.24438550
-1.000000,-2.600000,27.78459600
-0.900000,-2.600000,28.37466550
-0.800000,-2.600000,29.01425200
-0.700000,-2.600000,29.70304950
-0.600000,-2.600000,30.44078800
-0.500000,-2.600000,31.22723350
-0.400000,-2.600000,32.06218800
-0.300000,-2.600000,32.94548950
-0.200000,-2.600000,33.87701200
-0.100000,-2.600000,34.85666550
0.000000,-2.600000,35.88439600
0.100000,-2.600000,36.96018550
0.200000,-2.600000,38.08405200
0.300000,-2.600000,39.25604950
0.400000,-2.600000,40.47626800
0.500000,-2.600000,41.74483350
0.600000,-2.600000,43.06190800
0.700000,-2.600000,44.42768950
0.800000,-2.600000,45.84241200
0.900000,-2.600000,47.30634550
1.000000,-2.600000,48.81979600
1.100000,-2.600000,50.38310550
1.200000,-2.600000,51.99665200
1.300000,-2.600000,53.66084950
1.400000,-2.600000,55.37614800
1.500000,-2.600000,57.14303350
1.600000,-2.600000,58.96202800
1.700000,-2.600000,60.83368950
1.800000,-2.600000,62.75861200
1.900000,-2.600000,64.73742550
2.000000,-2.600000,66.77079600
2.100000,-2.600000,68.85942550
2.200000,-2.600000,71.00405200
2.300000,-2.600000,73.20544950
2.400000,-2.600000,75.46442800
2.500000,-2.600000,77.78183350
2.600000,-2.600000,80.15854800
2.700000,-2.600000,82.59548950
2.800000,-2.600000,85.09361200
2.900000,-2.600000,87.65390550
3.000000,-2.600000,90.27739600
-3.000000,-2.500000,26.05462950
-2.900000,-2.500000,25.54648600
-2.800000,-2.500000,25.10123350
-2.700000,-2.500000,24.71784600
-2.600000,-2.500000,24.39533350
-2.500000,-2.500000,24.13274200
-2.400000,-2.500000,23.92915350
-2.300000,-2.500000,23.78368600
-2.200000,-2.500000,23.69549350
-2.100000,-2.500000,23.66376600
-2.000000,-2.500000,23.68772950
-1.900000,-2.500000,23.76664600
-1.800000,-2.500000,23.89981350
-1.700000,-2.500000,24.08656600
-1.600000,-2.500000,24.32627350
-1.500000,-2.500000,24.61834200
-1.400000,-2.500000,24.96221350
-1.300000,-2.500000,25.35736600
-1.200000,-2.500000,25.80331350
-1.100000,-2.500000,26.29960600
-1.000000,-2.500000,26.84582950
-0.900000,-2.500000,27.44160600
-0.800000,-2.500000,28.08659350
-0.700000,-2.500000,28.78048600
-0.600000,-2.500000,29.52301350
-0.500000,-2.500000,30.31394200
-0.400000,-2.500000,31.15307350
-0.300000,-2.500000,32.04024600
-0.200000,-2.500000,32.97533350
-0.100000,-2.500000,33.95824600
0.000000,-2.500000,34.98892950
0.100000,-2.500000,36.06736600
0.200000,-2.500000,37.19357350
0.300000,-2.500000,38.36760600
0.400000,-2.500000,39.58955350
0.500000,-2.500000,40.85954200
0.600000,-2.500000,42.17773350
0.700000,-2.500000,43.54432600
0.800000,-2.500000,44.95955350
0.900000,-2.500000,46.42368600
1.000000,-2.500000,47.93702950
1.100000,-2.500000,49.49992600
1.200000,-2.500000,51.11275350
1.300000,-2.500000,52.77592600
1.400000,-2.500000,54.48989350
1.500000,-2.500000,56.25514200
1.600000,-2.500000,58.07219350
1.700000,-2.500000,59.94160600
1.800000,-2.500000,61.86397350
1.900000,-2.500000,63.83992600
2.000000,-2.500000,65.87012950
2.100000,-2.500000,67.95528600
2.200000,-2.500000,70.09613350
2.300000,-2.500000,72.29344600
2.400000,-2.500000,74.54803350
2.500000,-2.500000,76.86074200
2.600000,-2.500000,79.23245350
2.700000,-2.500000,81.66408600
2.800000,-2.500000,84.15659350
2.900000,-2.500000,86.71096600
3.000000,-2.500000,89.32822950
-3.000000,-2.400000,24.97111600
-2.900000,-2.400000,24.47444550
-2.800000,-2.400000,24.04037200
-2.700000,-2.400000,23.66786950
-2.600000,-2.400000,23.35594800
-2.500000,-2.400000,23.10365350
-2.400000,-2.400000,22.91006800
-2.300000,-2.400000,22.77430950
-2.200000,-2.400000,22.69553200
-2.100000,-2.400000,22.67292550
-2.000000,-2.400000,22.70571600
-1.900000,-2.400000,22.79316550
-1.800000,-2.400000,22.93457200
-1.700000,-2.400000,23.12926950
-1.600000,-2.400000,23.37662800
-1.500000,-2.400000,23.67605350
-1.400000,-2.400000,24.02698800
-1.300000,-2.400000,24.42890950
-1.200000,-2.400000,24.88133200
-1.100000,-2.400000,25.38380550
-1.000000,-2.400000,25.93591600
-0.900000,-2.400000,26.53728550
-0.800000,-2.400000,27.18757200
-0.700000,-2.400000,27.88646950
-0.600000,-2.400000,28.63370800
-0.500000,-2.400000,29.42905350
-0.400000,-2.400000,30.27230800
-0.300000,-2.400000,31.16330950
-0.200000,-2.400000,32.10193200
-0.100000,-2.400000,33.08808550
0.000000,-2.400000,34.12171600
0.100000,-2.400000,35.20280550
0.200000,-2.400000,36.33137200
0.300000,-2.400000,37.50746950
0.400000,-2.400000,38.73118800
0.500000,-2.400000,40.00265350
0.600000,-2.400000,41.32202800
0.700000,-2.400000,42.68950950
0.800000,-2.400000,44.10533200
0.900000,-2.400000,45.56976550
1.000000,-2.400000,47.08311600
1.100000,-2.400000,48.64572550
1.200000,-2.400000,50.25797200
1.300000,-2.400000,51.92026950
1.400000,-2.400000,53.63306800
1.500000,-2.400000,55.39685350
1.600000,-2.400000,57.21214800
1.700000,-2.400000,59.07950950
1.800000,-2.400000,60.99953200
1.900000,-2.400000,62.97284550
2.000000,-2.400000,65.00011600
2.100000,-2.400000,67.08204550
2.200000,-2.400000,69.21937200
2.300000,-2.400000,71.41286950
2.400000,-2.400000,73.66334800
2.500000,-2.400000,75.97165350
2.600000,-2.400000,78.33866800
2.700000,-2.400000,80.76530950
2.800000,-2.400000,83.25253200
2.900000,-2.400000,85.80132550
3.000000,-2.400000,88.41271600
-3.000000,-2.300000,23.92037350
-2.900000,-2.300000,23.43482200
-2.800000,-2.300000,23.01158550
-2.700000,-2.300000,22.64963800
-2.600000,-2.300000,22.34798950
-2.500000,-2.300000,22.10568600
-2.400000,-2.300000,21.92180950
-2.300000,-2.300000,21.79547800
-2.200000,-2.300000,21.72584550
-2.100000,-2.300000,21.71210200
-2.000000,-2.300000,21.75347350
-1.900000,-2.300000,21.84922200
-1.800000,-2.300000,21.99864550
-1.700000,-2.300000,22.20107800
-1.600000,-2.300000,22.45588950
-1.500000,-2.300000,22.76248600
-1.400000,-2.300000,23.12030950
-1.300000,-2.300000,23.52883800
-1.200000,-2.300000,23.98758550
-1.100000,-2.300000,24.49610200
-1.000000,-2.300000,25.05397350
-0.900000,-2.300000,25.66082200
-0.800000,-2.300000,26.31630550
-0.700000,-2.300000,27.02011800
-0.600000,-2.300000,27.77198950
-0.500000,-2.300000,28.57168600
-0.400000,-2.300000,29.41900950
-0.300000,-2.300000,30.31379800
-0.200000,-2.300000,31.25592550
-0.100000,-2.300000,32.24530200
0.000000,-2.300000,33.28187350
0.100000,-2.300000,34.36562200
0.200000,-2.300000,35.49656550
0.300000,-2.300000,36.67475800
0.400000,-2.300000,37.90028950
0.500000,-2.300000,39.17328600
0.600000,-2.300000,40.49390950
0.700000,-2.300000,41.86235800
0.800000,-2.300000,43.27886550
0.900000,-2.300000,44.74370200
1.000000,-2.300000,46.25717350
1.100000,-2.300000,47.81962200
1.200000,-2.300000,49.43142550
1.300000,-2.300000,51.09299800
1.400000,-2.300000,52.80478950
1.500000,-2.300000,54.56728600
1.600000,-2.300000,56.38100950
1.700000,-2.300000,58.24651800
1.800000,-2.300000,60.16440550
1.900000,-2.300000,62.13530200
2.000000,-2.300000,64.15987350
2.100000,-2.300000,66.23882200
2.200000,-2.300000,68.37288550
2.300000,-2.300000,70.56283800
2.400000,-2.300000,72.80948950
2.500000,-2.300000,75.11368600
2.600000,-2.300000,77.47630950
2.700000,-2.300000,79.89827800
2.800000,-2.300000,82.38054550
2.900000,-2.300000,84.92410200
3.000000,-2.300000,87.52997350
-3.000000,-2.200000,22.90155600
-2.900000,-2.200000,22.42676950
-2.800000,-2.200000,22.01402800
-2.700000,-2.200000,21.66230550
-2.600000,-2.200000,21.37061200
-2.500000,-2.200000,21.13799350
-2.400000,-2.200000,20.96353200
-2.300000,-2.200000,20.84634550
-2.200000,-2.200000,20.78558800
-2.100000,-2.200000,20.78044950
-2.000000,-2.200000,20.83015600
-1.900000,-2.200000,20.93396950
-1.800000,-2.200000,21.09118800
-1.700000,-2.200000,21.30114550
-1.600000,-2.200000,21.56321200
-1.500000,-2.200000,21.87679350
-1.400000,-2.200000,22.24133200
-1.300000,-2.200000,22.65630550
-1.200000,-2.200000,23.12122800
-1.100000,-2.200000,23.63564950
-1.000000,-2.200000,24.19915600
-0.900000,-2.200000,24.81136950
-0.800000,-2.200000,25.47194800
-0.700000,-2.200000,26.18058550
-0.600000,-2.200000,26.93701200
-0.500000,-2.200000,27.74099350
-0.400000,-2.200000,28.59233200
-0.300000,-2.200000,29.49086550
-0.200000,-2.200000,30.43646800
-0.100000,-2.200000,31.42904950
0.000000,-2.200000,32.46855600
0.100000,-2.200000,33.55496950
0.200000,-2.200000,34.68830800
0.300000,-2.200000,35.86862550
0.400000,-2.200000,37.09601200
0.500000,-2.200000,38.37059350
0.600000,-2.200000,39.69253200
0.700000,-2.200000,41.06202550
0.800000,-2.200000,42.47930800
0.900000,-2.200000,43.94464950
1.000000,-2.200000,45.45835600
1.100000,-2.200000,47.02076950
1.200000,-2.200000,48.63226800
1.300000,-2.200000,50.29326550
1.400000,-2.200000,52.00421200
1.500000,-2.200000,53.76559350
1.600000,-2.200000,55.57793200
1.700000,-2.200000,57.44178550
1.800000,-2.200000,59.35774800
1.900000,-2.200000,61.32644950
2.000000,-2.200000,63.34855600
2.100000,-2.200000,65.42476950
2.200000,-2.200000,67.55582800
2.300000,-2.200000,69.74250550
2.400000,-2.200000,71.98561200
2.500000,-2.200000,74.28599350
2.600000,-2.200000,76.64453200
2.700000,-2.200000,79.06214550
2.800000,-2.200000,81.53978800
2.900000,-2.200000,84.07844950
3.000000,-2.200000,86.67915600
-3.000000,-2.100000,21.91385350
-2.900000,-2.100000,21.44947800
-2.800000,-2.100000,21.04688950
-2.700000,-2.100000,20.70506200
-2.600000,-2.100000,20.42300550
-2.500000,-2.100000,20.19976600
-2.400000,-2.100000,20.03442550
-2.300000,-2.100000,19.92610200
-2.200000,-2.100000,19.87394950
-2.100000,-2.100000,19.87715800
-2.000000,-2.100000,19.93495350
-1.900000,-2.100000,20.04659800
-1.800000,-2.100000,20.21138950
-1.700000,-2.100000,20.42866200
-1.600000,-2.100000,20.69778550
-1.500000,-2.100000,21.01816600
-1.400000,-2.100000,21.38924550
-1.300000,-2.100000,21.81050200
-1.200000,-2.100000,22.28144950
-1.100000,-2.100000,22.80163800
-1.000000,-2.100000,23.37065350
-0.900000,-2.100000,23.98811800
-0.800000,-2.100000,24.65368950
-0.700000,-2.100000,25.36706200
-0.600000,-2.100000,26.12796550
-0.500000,-2.100000,26.93616600
-0.400000,-2.100000,27.79146550
-0.300000,-2.100000,28.69370200
-0.200000,-2.100000,29.64274950
-0.100000,-2.100000,30.63851800
0.000000,-2.100000,31.68095350
0.100000,-2.100000,32.77003800
0.200000,-2.100000,33.90578950
0.300000,-2.100000,35.08826200
0.400000,-2.100000,36.31754550
0.500000,-2.100000,37.59376600
0.600000,-2.100000,38.91708550
0.700000,-2.100000,40.28770200
0.800000,-2.100000,41.70584950
0.900000,-2.100000,43.17179800
1.000000,-2.100000,44.68585350
1.100000,-2.100000,46.24835800
1.200000,-2.100000,47.85968950
1.300000,-2.100000,49.52026200
1.400000,-2.100000,51.23052550
1.500000,-2.100000,52.99096600
1.600000,-2.100000,54.80210550
1.700000,-2.100000,56.66450200
1.800000,-2.100000,58.57874950
1.900000,-2.100000,60.54547800
2.000000,-2.100000,62.56535350
2.100000,-2.100000,64.63907800
2.200000,-2.100000,66.76738950
2.300000,-2.100000,68.95106200
2.400000,-2.100000,71.19090550
2.500000,-2.100000,73.48776600
2.600000,-2.100000,75.84252550
2.700000,-2.100000,78.25610200
2.800000,-2.100000,80.72944950
2.900000,-2.100000,83.26355800
3.000000,-2.100000,85.85945350
-3.000000,-2.000000,20.95649200
-2.900000,-2.000000,20.50217350
-2.800000,-2.000000,20.10939600
-2.700000,-2.000000,19.77713350
-2.600000,-2.000000,19.50439600
-2.500000,-2.000000,19.29022950
-2.400000,-2.000000,19.13371600
-2.300000,-2.000000,19.03397350
-2.200000,-2.000000,18.99015600
-2.100000,-2.000000,19.00145350
-2.000000,-2.000000,19.06709200
-1.900000,-2.000000,19.18633350
-1.800000,-2.000000,19.35847600
-1.700000,-2.000000,19.58285350
-1.600000,-2.000000,19.85883600
-1.500000,-2.000000,20.18582950
-1.400000,-2.000000,20.56327600
-1.300000,-2.000000,20.99065350
-1.200000,-2.000000,21.46747600
-1.100000,-2.000000,21.99329350
-1.000000,-2.000000,22.56769200
-0.900000,-2.000000,23.19029350
-0.800000,-2.000000,23.86075600
-0.700000,-2.000000,24.57877350
-0.600000,-2.000000,25.34407600
-0.500000,-2.000000,26.15642950
-0.400000,-2.000000,27.01563600
-0.300000,-2.000000,27.92153350
-0.200000,-2.000000,28.87399600
-0.100000,-2.000000,29.87293350
0.000000,-2.000000,30.91829200
0.100000,-2.000000,32.01005350
0.200000,-2.000000,33.14823600
0.300000,-2.000000,34.33289350
0.400000,-2.000000,35.56411600
0.500000,-2.000000,36.84202950
0.600000,-2.000000,38.16679600
0.700000,-2.000000,39.53861350
0.800000,-2.000000,40.95771600
0.900000,-2.000000,42.42437350
1.000000,-2.000000,43.93889200
1.100000,-2.000000,45.50161350
1.200000,-2.000000,47.11291600
1.300000,-2.000000,48.77321350
1.400000,-2.000000,50.48295600
1.500000,-2.000000,52.24262950
1.600000,-2.000000,54.05275600
1.700000,-2.000000,55.91389350
1.800000,-2.000000,57.82663600
1.900000,-2.000000,59.79161350
2.000000,-2.000000,61.80949200
2.100000,-2.000000,63.88097350
2.200000,-2.000000,66.00679600
2.300000,-2.000000,68.18773350
2.400000,-2.000000,70.42459600
2.500000,-2.000000,72.71822950
2.600000,-2.000000,75.06951600
2.700000,-2.000000,77.47937350
2.800000,-2.000000,79.94875600
2.900000,-2.000000,82.47865350
3.000000,-2.000000,85.07009200
-3.000000,-1.900000,20.02873350
-2.900000,-1.900000,19.58411800
-2.800000,-1.900000,19.20080950
-2.700000,-1.900000,18.87778200
-2.600000,-1.900000,18.61404550
-2.500000,-1.900000,18.40864600
-2.400000,-1.900000,18.26066550
-2.300000,-1.900000,18.16922200
-2.200000,-1.900000,18.13346950
-2.100000,-1.900000,18.15259800
-2.000000,-1.900000,18.22583350
-1.900000,-1.900000,18.35243800
-1.800000,-1.900000,18.53170950
-1.700000,-1.900000,18.76298200
-1.600000,-1.900000,19.04562550
-1.500000,-1.900000,19.37904600
-1.400000,-1.900000,19.76268550
-1.300000,-1.900000,20.19602200
-1.200000,-1.900000,20.67856950
-1.100000,-1.900000,21.20987800
-1.000000,-1.900000,21.78953350
-0.900000,-1.900000,22.41715800
-0.800000,-1.900000,23.09240950
-0.700000,-1.900000,23.81498200
-0.600000,-1.900000,24.58460550
-0.500000,-1.900000,25.40104600
-0.400000,-1.900000,26.26410550
-0.300000,-1.900000,27.17362200
-0.200000,-1.900000,28.12946950
-0.100000,-1.900000,29.13155800
0.000000,-1.900000,30.17983350
0.100000,-1.900000,31.27427800
0.200000,-1.900000,32.41490950
0.300000,-1.900000,33.60178200
0.400000,-1.900000,34.83498550
0.500000,-1.900000,36.11464600
0.600000,-1.900000,37.44092550
0.700000,-1.900000,38.81402200
0.800000,-1.900000,40.23416950
0.900000,-1.900000,41.70163800
1.000000,-1.900000,43.21673350
1.100000,-1.900000,44.77979800
1.200000,-1.900000,46.39120950
1.300000,-1.900000,48.05138200
1.400000,-1.900000,49.76076550
1.500000,-1.900000,51.51984600
1.600000,-1.900000,53.32914550
1.700000,-1.900000,55.18922200
1.800000,-1.900000,57.10066950
1.900000,-1.900000,59.06411800
2.000000,-1.900000,61.08023350
2.100000,-1.900000,63.14971800
2.200000,-1.900000,65.27330950
2.300000,-1.900000,67.45178200
2.400000,-1.900000,69.68594550
2.500000,-1.900000,71.97664600
2.600000,-1.900000,74.32476550
2.700000,-1.900000,76.73122200
2.800000,-1.900000,79.19696950
2.900000,-1.900000,81.72299800
3.000000,-1.900000,84.31033350
-3.000000,-1.800000,19.12987600
-2.900000,-1.800000,18.69460950
-2.800000,-1.800000,18.32042800
-2.700000,-1.800000,18.00630550
-2.600000,-1.800000,17.75125200
-2.500000,-1.800000,17.55431350
-2.400000,-1.800000,17.41457200
-2.300000,-1.800000,17.33114550
-2.200000,-1.800000,17.30318800
-2.100000,-1.800000,17.32988950
-2.000000,-1.800000,17.41047600
-1.900000,-1.800000,17.54420950
-1.800000,-1.800000,17.73038800
-1.700000,-1.800000,17.96834550
-1.600000,-1.800000,18.25745200
-1.500000,-1.800000,18.59711350
-1.400000,-1.800000,18.98677200
-1.300000,-1.800000,19.42590550
-1.200000,-1.800000,19.91402800
-1.100000,-1.800000,20.45068950
-1.000000,-1.800000,21.03547600
-0.900000,-1.800000,21.66800950
-0.800000,-1.800000,22.34794800
-0.700000,-1.800000,23.07498550
-0.600000,-1.800000,23.84885200
-0.500000,-1.800000,24.66931350
-0.400000,-1.800000,25.53617200
-0.300000,-1.800000,26.44926550
-0.200000,-1.800000,27.40846800
-0.100000,-1.800000,28.41368950
0.000000,-1.800000,29.46487600
0.100000,-1.800000,30.56200950
0.200000,-1.800000,31.70510800
0.300000,-1.800000,32.89422550
0.400000,-1.800000,34.12945200
0.500000,-1.800000,35.41091350
0.600000,-1.800000,36.73877200
0.700000,-1.800000,38.11322550
0.800000,-1.800000,39.53450800
0.900000,-1.800000,41.00288950
1.000000,-1.800000,42.51867600
1.100000,-1.800000,44.08220950
1.200000,-1.800000,45.69386800
1.300000,-1.800000,47.35406550
1.400000,-1.800000,49.06325200
1.500000,-1.800000,50.82191350
1.600000,-1.800000,52.63057200
1.700000,-1.800000,54.48978550
1.800000,-1.800000,56.40014800
1.900000,-1.800000,58.36228950
2.000000,-1.800000,60.37687600
2.100000,-1.800000,62.44460950
2.200000,-1.800000,64.56622800
2.300000,-1.800000,66.74250550
2.400000,-1.800000,68.97425200
2.500000,-1.800000,71.26231350
2.600000,-1.800000,73.60757200
2.700000,-1.800000,76.01094550
2.800000,-1.800000,78.47338800
2.900000,-1.800000,80.99588950
3.000000,-1.800000,83.57947600
-3.000000,-1.700000,18.25925350
-2.900000,-1.700000,17.83298200
-2.800000,-1.700000,17.46758550
-2.700000,-1.700000,17.16203800
-2.600000,-1.700000,16.91534950
-2.500000,-1.700000,16.72656600
-2.400000,-1.700000,16.59476950
-2.300000,-1.700000,16.51907800
-2.200000,-1.700000,16.49864550
-2.100000,-1.700000,16.53266200
-2.000000,-1.700000,16.62035350
-1.900000,-1.700000,16.76098200
-1.800000,-1.700000,16.95384550
-1.700000,-1.700000,17.19827800
-1.600000,-1.700000,17.49364950
-1.500000,-1.700000,17.83936600
-1.400000,-1.700000,18.23486950
-1.300000,-1.700000,18.67963800
-1.200000,-1.700000,19.17318550
-1.100000,-1.700000,19.71506200
-1.000000,-1.700000,20.30485350
-0.900000,-1.700000,20.94218200
-0.800000,-1.700000,21.62670550
-0.700000,-1.700000,22.35811800
-0.600000,-1.700000,23.13614950
-0.500000,-1.700000,23.96056600
-0.400000,-1.700000,24.83116950
-0.300000,-1.700000,25.74779800
-0.200000,-1.700000,26.71032550
-0.100000,-1.700000,27.71866200
0.000000,-1.700000,28.77275350
0.100000,-1.700000,29.87258200
0.200000,-1.700000,31.01816550
0.300000,-1.700000,32.20955800
0.400000,-1.700000,33.44684950
0.500000,-1.700000,34.73016600
0.600000,-1.700000,36.05966950
0.700000,-1.700000,37.43555800
0.800000,-1.700000,38.85806550
0.900000,-1.700000,40.32746200
1.000000,-1.700000,41.84405350
1.100000,-1.700000,43.40818200
1.200000,-1.700000,45.02022550
1.300000,-1.700000,46.68059800
1.400000,-1.700000,48.38974950
1.500000,-1.700000,50.14816600
1.600000,-1.700000,51.95636950
1.700000,-1.700000,53.81491800
1.800000,-1.700000,55.72440550
1.900000,-1.700000,57.68546200
2.000000,-1.700000,59.69875350
2.100000,-1.700000,61.76498200
2.200000,-1.700000,63.88488550
2.300000,-1.700000,66.05923800
2.400000,-1.700000,68.28884950
2.500000,-1.700000,70.57456600
2.600000,-1.700000,72.91726950
2.700000,-1.700000,75.31787800
2.800000,-1.700000,77.77734550
2.900000,-1.700000,80.29666200
3.000000,-1.700000,82.87685350
-3.000000,-1.600000,17.41623600
-2.900000,-1.600000,16.99860550
-2.800000,-1.600000,16.64165200
-2.700000,-1.600000,16.34434950
-2.600000,-1.600000,16.10570800
-2.500000,-1.600000,15.92477350
-2.400000,-1.600000,15.80062800
-2.300000,-1.600000,15.73238950
-2.200000,-1.600000,15.71921200
-2.100000,-1.600000,15.76028550
-2.000000,-1.600000,15.85483600
-1.900000,-1.600000,16.00212550
-1.800000,-1.600000,16.20145200
-1.700000,-1.600000,16.45214950
-1.600000,-1.600000,16.75358800
-1.500000,-1.600000,17.10517350
-1.400000,-1.600000,17.50634800
-1.300000,-1.600000,17.95658950
-1.200000,-1.600000,18.45541200
-1.100000,-1.600000,19.00236550
-1.000000,-1.600000,19.59703600
-0.900000,-1.600000,20.23904550
-0.800000,-1.600000,20.92805200
-0.700000,-1.600000,21.66374950
-0.600000,-1.600000,22.44586800
-0.500000,-1.600000,23.27417350
-0.400000,-1.600000,24.14846800
-0.300000,-1.600000,25.06858950
-0.200000,-1.600000,26.03441200
-0.100000,-1.600000,27.04584550
0.000000,-1.600000,28.10283600
0.100000,-1.600000,29.20536550
0.200000,-1.600000,30.35345200
0.300000,-1.600000,31.54714950
0.400000,-1.600000,32.78654800
0.500000,-1.600000,34.07177350
0.600000,-1.600000,35.40298800
0.700000,-1.600000,36.78038950
0.800000,-1.600000,38.20421200
0.900000,-1.600000,39.67472550
1.000000,-1.600000,41.19223600
1.100000,-1.600000,42.75708550
1.200000,-1.600000,44.36965200
1.300000,-1.600000,46.03034950
1.400000,-1.600000,47.73962800
1.500000,-1.600000,49.49797350
1.600000,-1.600000,51.30590800
1.700000,-1.600000,53.16398950
1.800000,-1.600000,55.07281200
1.900000,-1.600000,57.03300550
2.000000,-1.600000,59.04523600
2.100000,-1.600000,61.11020550
2.200000,-1.600000,63.22865200
2.300000,-1.600000,65.40134950
2.400000,-1.600000,67.62910800
2.500000,-1.600000,69.91277350
2.600000,-1.600000,72.25322800
2.700000,-1.600000,74.65138950
2.800000,-1.600000,77.10821200
2.900000,-1.600000,79.62468550
3.000000,-1.600000,82.20183600
-3.000000,-1.500000,16.60022950
-2.900000,-1.500000,16.19088600
-2.800000,-1.500000,15.84203350
-2.700000,-1.500000,15.55264600
-2.600000,-1.500000,15.32173350
-2.500000,-1.500000,15.14834200
-2.400000,-1.500000,15.03155350
-2.300000,-1.500000,14.97048600
-2.200000,-1.500000,14.96429350
-2.100000,-1.500000,15.01216600
-2.000000,-1.500000,15.11332950
-1.900000,-1.500000,15.26704600
-1.800000,-1.500000,15.47261350
-1.700000,-1.500000,15.72936600
-1.600000,-1.500000,16.03667350
-1.500000,-1.500000,16.39394200
-1.400000,-1.500000,16.80061350
-1.300000,-1.500000,17.25616600
-1.200000,-1.500000,17.76011350
-1.100000,-1.500000,18.31200600
-1.000000,-1.500000,18.91142950
-0.900000,-1.500000,19.55800600
-0.800000,-1.500000,20.25139350
-0.700000,-1.500000,20.99128600
-0.600000,-1.500000,21.77741350
-0.500000,-1.500000,22.60954200
-0.400000,-1.500000,23.48747350
-0.300000,-1.500000,24.41104600
-0.200000,-1.500000,25.38013350
-0.100000,-1.500000,26.39464600
0.000000,-1.500000,27.45452950
0.100000,-1.500000,28.55976600
0.200000,-1.500000,29.71037350
0.300000,-1.500000,30.90640600
0.400000,-1.500000,32.14795350
0.500000,-1.500000,33.43514200
0.600000,-1.500000,34.76813350
0.700000,-1.500000,36.14712600
0.800000,-1.500000,37.57235350
0.900000,-1.500000,39.04408600
1.000000,-1.500000,40.56262950
1.100000,-1.500000,42.12832600
1.200000,-1.500000,43.74155350
1.300000,-1.500000,45.40272600
1.400000,-1.500000,47.11229350
1.500000,-1.500000,48.87074200
1.600000,-1.500000,50.67859350
1.700000,-1.500000,52.53640600
1.800000,-1.500000,54.44477350
1.900000,-1.500000,56.40432600
2.000000,-1.500000,58.41572950
2.100000,-1.500000,60.47968600
2.200000,-1.500000,62.59693350
2.300000,-1.500000,64.76824600
2.400000,-1.500000,66.99443350
2.500000,-1.500000,69.27634200
2.600000,-1.500000,71.61485350
2.700000,-1.500000,74.01088600
2.800000,-1.500000,76.46539350
2.900000,-1.500000,78.97936600
3.000000,-1.500000,81.55382950
-3.000000,-1.400000,15.81067600
-2.900000,-1.400000,15.40926550
-2.800000,-1.400000,15.06817200
-2.700000,-1.400000,14.78636950
-2.600000,-1.400000,14.56286800
-2.500000,-1.400000,14.39671350
-2.400000,-1.400000,14.28698800
-2.300000,-1.400000,14.23280950
-2.200000,-1.400000,14.23333200
-2.100000,-1.400000,14.28774550
-2.000000,-1.400000,14.39527600
-1.900000,-1.400000,14.55518550
-1.800000,-1.400000,14.76677200
-1.700000,-1.400000,15.02936950
-1.600000,-1.400000,15.34234800
-1.500000,-1.400000,15.70511350
-1.400000,-1.400000,16.11710800
-1.300000,-1.400000,16.57780950
-1.200000,-1.400000,17.08673200
-1.100000,-1.400000,17.64342550
-1.000000,-1.400000,18.24747600
-0.900000,-1.400000,18.89850550
-0.800000,-1.400000,19.59617200
-0.700000,-1.400000,20.34016950
-0.600000,-1.400000,21.13022800
-0.500000,-1.400000,21.96611350
-0.400000,-1.400000,22.84762800
-0.300000,-1.400000,23.77460950
-0.200000,-1.400000,24.74693200
-0.100000,-1.400000,25.76450550
0.000000,-1.400000,26.82727600
0.100000,-1.400000,27.93522550
0.200000,-1.400000,29.08837200
0.300000,-1.400000,30.28676950
0.400000,-1.400000,31.53050800
0.500000,-1.400000,32.81971350
0.600000,-1.400000,34.15454800
0.700000,-1.400000,35.53520950
0.800000,-1.400000,36.96193200
0.900000,-1.400000,38.43498550
1.000000,-1.400000,39.95467600
1.100000,-1.400000,41.52134550
1.200000,-1.400000,43.13537200
1.300000,-1.400000,44.79716950
1.400000,-1.400000,46.50718800
1.500000,-1.400000,48.26591350
1.600000,-1.400000,50.07386800
1.700000,-1.400000,51.93160950
1.800000,-1.400000,53.83973200
1.900000,-1.400000,55.79886550
2.000000,-1.400000,57.80967600
2.100000,-1.400000,59.87286550
2.200000,-1.400000,61.98917200
2.300000,-1.400000,64.15936950
2.400000,-1.400000,66.38426800
2.500000,-1.400000,68.66471350
2.600000,-1.400000,71.00158800
2.700000,-1.400000,73.39580950
2.800000,-1.400000,75.84833200
2.900000,-1.400000,78.36014550
3.000000,-1.400000,80.93227600
-3.000000,-1.300000,15.04705350
-2.900000,-1.300000,14.65322200
-2.800000,-1.300000,14.31954550
-2.700000,-1.300000,14.04499800
-2.600000,-1.300000,13.82858950
-2.500000,-1.300000,13.66936600
-2.400000,-1.300000,13.56640950
-2.300000,-1.300000,13.51883800
-2.200000,-1.300000,13.52580550
-2.100000,-1.300000,13.58650200
-2.000000,-1.300000,13.70015350
-1.900000,-1.300000,13.86602200
-1.800000,-1.300000,14.08340550
-1.700000,-1.300000,14.35163800
-1.600000,-1.300000,14.67008950
-1.500000,-1.300000,15.03816600
-1.400000,-1.300000,15.45530950
-1.300000,-1.300000,15.92099800
-1.200000,-1.300000,16.43474550
-1.100000,-1.300000,16.99610200
-1.000000,-1.300000,17.60465350
-0.900000,-1.300000,18.26002200
-0.800000,-1.300000,18.96186550
-0.700000,-1.300000,19.70987800
-0.600000,-1.300000,20.50378950
-0.500000,-1.300000,21.34336600
-0.400000,-1.300000,22.22840950
-0.300000,-1.300000,23.15875800
-0.200000,-1.300000,24.13428550
-0.100000,-1.300000,25.15490200
0.000000,-1.300000,26.22055350
0.100000,-1.300000,27.33122200
0.200000,-1.300000,28.48692550
0.300000,-1.300000,29.68771800
0.400000,-1.300000,30.93368950
0.500000,-1.300000,32.22496600
0.600000,-1.300000,33.56170950
0.700000,-1.300000,34.94411800
0.800000,-1.300000,36.37242550
0.900000,-1.300000,37.84690200
1.000000,-1.300000,39.36785350
1.100000,-1.300000,40.93562200
1.200000,-1.300000,42.55058550
1.300000,-1.300000,44.21315800
1.400000,-1.300000,45.92378950
1.500000,-1.300000,47.68296600
1.600000,-1.300000,49.49120950
1.700000,-1.300000,51.34907800
1.800000,-1.300000,53.25716550
1.900000,-1.300000,55.21610200
2.000000,-1.300000,57.22655350
2.100000,-1.300000,59.28922200
2.200000,-1.300000,61.40484550
2.300000,-1.300000,63.57419800
2.400000,-1.300000,65.79808950
2.500000,-1.300000,68.07736600
2.600000,-1.300000,70.41290950
2.700000,-1.300000,72.80563800
2.800000,-1.300000,75.25650550
2.900000,-1.300000,77.76650200
3.000000,-1.300000,80.33665350
-3.000000,-1.200000,14.30887600
-2.900000,-1.200000,13.92226950
-2.800000,-1.200000,13.59566800
-2.700000,-1.200000,13.32804550
-2.600000,-1.200000,13.11841200
-2.500000,-1.200000,12.96581350
-2.400000,-1.200000,12.86933200
-2.300000,-1.200000,12.82808550
-2.200000,-1.200000,12.84122800
-2.100000,-1.200000,12.90794950
-2.000000,-1.200000,13.02747600
-1.900000,-1.200000,13.19906950
-1.800000,-1.200000,13.42202800
-1.700000,-1.200000,13.69568550
-1.600000,-1.200000,14.01941200
-1.500000,-1.200000,14.39261350
-1.400000,-1.200000,14.81473200
-1.300000,-1.200000,15.28524550
-1.200000,-1.200000,15.80366800
-1.100000,-1.200000,16.36954950
-1.000000,-1.200000,16.98247600
-0.900000,-1.200000,17.64206950
-0.800000,-1.200000,18.34798800
-0.700000,-1.200000,19.09992550
-0.600000,-1.200000,19.89761200
-0.500000,-1.200000,20.74081350
-0.400000,-1.200000,21.62933200
-0.300000,-1.200000,22.56300550
-0.200000,-1.200000,23.54170800
-0.100000,-1.200000,24.56534950
0.000000,-1.200000,25.63387600
0.100000,-1.200000,26.74726950
0.200000,-1.200000,27.90554800
0.300000,-1.200000,29.10876550
0.400000,-1.200000,30.35701200
0.500000,-1.200000,31.65041350
0.600000,-1.200000,32.98913200
0.700000,-1.200000,34.37336550
0.800000,-1.200000,35.80334800
0.900000,-1.200000,37.27934950
1.000000,-1.200000,38.80167600
1.100000,-1.200000,40.37066950
1.200000,-1.200000,41.98670800
1.300000,-1.200000,43.65020550
1.400000,-1.200000,45.36161200
1.500000,-1.200000,47.12141350
1.600000,-1.200000,48.93013200
1.700000,-1.200000,50.78832550
1.800000,-1.200000,52.69658800
1.900000,-1.200000,54.65554950
2.000000,-1.200000,56.66587600
2.100000,-1.200000,58.72826950
2.200000,-1.200000,60.84346800
2.300000,-1.200000,63.01224550
2.400000,-1.200000,65.23541200
2.500000,-1.200000,67.51381350
2.600000,-1.200000,69.84833200
2.700000,-1.200000,72.23988550
2.800000,-1.200000,74.68942800
2.900000,-1.200000,77.19794950
3.000000,-1.200000,79.76647600
-3.000000,-1.100000,13.59569350
-2.900000,-1.100000,13.21595800
-2.800000,-1.100000,12.89608950
-2.700000,-1.100000,12.63506200
-2.600000,-1.100000,12.43188550
-2.500000,-1.100000,12.28560600
-2.400000,-1.100000,12.19530550
-2.300000,-1.100000,12.16010200
-2.200000,-1.100000,12.17914950
-2.100000,-1.100000,12.25163800
-2.000000,-1.100000,12.37679350
-1.900000,-1.100000,12.55387800
-1.800000,-1.100000,12.78218950
-1.700000,-1.100000,13.06106200
-1.600000,-1.100000,13.38986550
-1.500000,-1.100000,13.76800600
-1.400000,-1.100000,14.19492550
-1.300000,-1.100000,14.67010200
-1.200000,-1.100000,15.19304950
-1.100000,-1.100000,15.76331800
-1.000000,-1.100000,16.38049350
-0.900000,-1.100000,17.04419800
-0.800000,-1.100000,17.75408950
-0.700000,-1.100000,18.50986200
-0.600000,-1.100000,19.31124550
-0.500000,-1.100000,20.15800600
-0.400000,-1.100000,21.04994550
-0.300000,-1.100000,21.98690200
-0.200000,-1.100000,22.96874950
-0.100000,-1.100000,23.99539800
0.000000,-1.100000,25.06679350
0.100000,-1.100000,26.18291800
0.200000,-1.100000,27.34378950
0.300000,-1.100000,28.54946200
0.400000,-1.100000,29.80002550
0.500000,-1.100000,31.09560600
0.600000,-1.100000,32.43636550
0.700000,-1.100000,33.82250200
0.800000,-1.100000,35.25424950
0.900000,-1.100000,36.73187800
1.000000,-1.100000,38.25569350
1.100000,-1.100000,39.82603800
1.200000,-1.100000,41.44328950
1.300000,-1.100000,43.10786200
1.400000,-1.100000,44.82020550
1.500000,-1.100000,46.58080600
1.600000,-1.100000,48.39018550
1.700000,-1.100000,50.24890200
1.800000,-1.100000,52.15754950
1.900000,-1.100000,54.11675800
2.000000,-1.100000,56.12719350
2.100000,-1.100000,58.18955800
2.200000,-1.100000,60.30458950
2.300000,-1.100000,62.47306200
2.400000,-1.100000,64.69578550
2.500000,-1.100000,66.97360600
2.600000,-1.100000,69.30740550
2.700000,-1.100000,71.69810200
2.800000,-1.100000,74.14664950
2.900000,-1.100000,76.65403800
3.000000,-1.100000,79.22129350
-3.000000,-1.000000,12.90709200
-2.900000,-1.000000,12.53387350
-2.800000,-1.000000,12.22039600
-2.700000,-1.000000,11.96563350
-2.600000,-1.000000,11.76859600
-2.500000,-1.000000,11.62832950
-2.400000,-1.000000,11.54391600
-2.300000,-1.000000,11.51447350
-2.200000,-1.000000,11.53915600
-2.100000,-1.000000,11.61715350
-2.000000,-1.000000,11.74769200
-1.900000,-1.000000,11.93003350
-1.800000,-1.000000,12.16347600
-1.700000,-1.000000,12.44735350
-1.600000,-1.000000,12.78103600
-1.500000,-1.000000,13.16392950
-1.400000,-1.000000,13.59547600
-1.300000,-1.000000,14.07515350
-1.200000,-1.000000,14.60247600
-1.100000,-1.000000,15.17699350
-1.000000,-1.000000,15.79829200
-0.900000,-1.000000,16.46599350
-0.800000,-1.000000,17.17975600
-0.700000,-1.000000,17.93927350
-0.600000,-1.000000,18.74427600
-0.500000,-1.000000,19.59452950
-0.400000,-1.000000,20.48983600
-0.300000,-1.000000,21.43003350
-0.200000,-1.000000,22.41499600
-0.100000,-1.000000,23.44463350
0.000000,-1.000000,24.51889200
0.100000,-1.000000,25.63775350
0.200000,-1.000000,26.80123600
0.300000,-1.000000,28.00939350
0.400000,-1.000000,29.26231600
0.500000,-1.000000,30.56012950
0.600000,-1.000000,31.90299600
0.700000,-1.000000,33.29111350
0.800000,-1.000000,34.72471600
0.900000,-1.000000,36.20407350
1.000000,-1.000000,37.72949200
1.100000,-1.000000,39.30131350
1.200000,-1.000000,40.91991600
1.300000,-1.000000,42.58571350
1.400000,-1.000000,44.29915600
1.500000,-1.000000,46.06072950
1.600000,-1.000000,47.87095600
1.700000,-1.000000,49.73039350
1.800000,-1.000000,51.63963600
1.900000,-1.000000,53.59931350
2.000000,-1.000000,55.61009200
2.100000,-1.000000,57.67267350
2.200000,-1.000000,59.78779600
2.300000,-1.000000,61.95623350
2.400000,-1.000000,64.17879600
2.500000,-1.000000,66.45632950
2.600000,-1.000000,68.78971600
2.700000,-1.000000,71.17987350
2.800000,-1.000000,73.62775600
2.900000,-1.000000,76.13435350
3.000000,-1.000000,78.70069200
-3.000000,-0.900000,12.24269350
-2.900000,-0.900000,11.87563800
-2.800000,-0.900000,11.56820950
-2.700000,-0.900000,11.31938200
-2.600000,-0.900000,11.12816550
-2.500000,-0.900000,10.99360600
-2.400000,-0.900000,10.91478550
-2.300000,-0.900000,10.89082200
-2.200000,-0.900000,10.92086950
-2.100000,-0.900000,11.00411800
-2.000000,-0.900000,11.13979350
-1.900000,-0.900000,11.32715800
-1.800000,-0.900000,11.56550950
-1.700000,-0.900000,11.85418200
-1.600000,-0.900000,12.19254550
-1.500000,-0.900000,12.58000600
-1.400000,-0.900000,13.01600550
-1.300000,-0.900000,13.50002200
-1.200000,-0.900000,14.03156950
-1.100000,-0.900000,14.61019800
-1.000000,-0.900000,15.23549350
-0.900000,-0.900000,15.90707800
-0.800000,-0.900000,16.62460950
-0.700000,-0.900000,17.38778200
-0.600000,-0.900000,18.19632550
-0.500000,-0.900000,19.05000600
-0.400000,-0.900000,19.94862550
-0.300000,-0.900000,20.89202200
-0.200000,-0.900000,21.88006950
-0.100000,-0.900000,22.91267800
0.000000,-0.900000,23.98979350
0.100000,-0.900000,25.11139800
0.200000,-0.900000,26.27750950
0.300000,-0.900000,27.48818200
0.400000,-0.900000,28.74350550
0.500000,-0.900000,30.04360600
0.600000,-0.900000,31.38864550
0.700000,-0.900000,32.77882200
0.800000,-0.900000,34.21436950
0.900000,-0.900000,35.69555800
1.000000,-0.900000,37.22269350
1.100000,-0.900000,38.79611800
1.200000,-0.900000,40.41620950
1.300000,-0.900000,42.08338200
1.400000,-0.900000,43.79808550
1.500000,-0.900000,45.56080600
1.600000,-0.900000,47.37206550
1.700000,-0.900000,49.23242200
1.800000,-0.900000,51.14246950
1.900000,-0.900000,53.10283800
2.000000,-0.900000,55.11419350
2.100000,-0.900000,57.17723800
2.200000,-0.900000,59.29270950
2.300000,-0.900000,61.46138200
2.400000,-0.900000,63.68406550
2.500000,-0.900000,65.96160600
2.600000,-0.900000,68.29488550
2.700000,-0.900000,70.68482200
2.800000,-0.900000,73.13236950
2.900000,-0.900000,75.63851800
3.000000,-0.900000,78.20429350
-3.000000,-0.800000,11.60215600
-2.900000,-0.800000,11.24090950
-2.800000,-0.800000,10.93918800
-2.700000,-0.800000,10.69596550
-2.600000,-0.800000,10.51025200
-2.500000,-0.800000,10.38109350
-2.400000,-0.800000,10.30757200
-2.300000,-0.800000,10.28880550
-2.200000,-0.800000,10.32394800
-2.100000,-0.800000,10.41218950
-2.000000,-0.800000,10.55275600
-1.900000,-0.800000,10.74490950
-1.800000,-0.800000,10.98794800
-1.700000,-0.800000,11.28120550
-1.600000,-0.800000,11.62405200
-1.500000,-0.800000,12.01589350
-1.400000,-0.800000,12.45617200
-1.300000,-0.800000,12.94436550
-1.200000,-0.800000,13.47998800
-1.100000,-0.800000,14.06258950
-1.000000,-0.800000,14.69175600
-0.900000,-0.800000,15.36710950
-0.800000,-0.800000,16.08830800
-0.700000,-0.800000,16.85504550
-0.600000,-0.800000,17.66705200
-0.500000,-0.800000,18.52409350
-0.400000,-0.800000,19.42597200
-0.300000,-0.800000,20.37252550
-0.200000,-0.800000,21.36362800
-0.100000,-0.800000,22.39918950
0.000000,-0.800000,23.47915600
0.100000,-0.800000,24.60350950
0.200000,-0.800000,25.77226800
0.300000,-0.800000,26.98548550
0.400000,-0.800000,28.24325200
0.500000,-0.800000,29.54569350
0.600000,-0.800000,30.89297200
0.700000,-0.800000,32.28528550
0.800000,-0.800000,33.72286800
0.900000,-0.800000,35.20598950
1.000000,-0.800000,36.73495600
1.100000,-0.800000,38.31010950
1.200000,-0.800000,39.93182800
1.300000,-0.800000,41.60052550
1.400000,-0.800000,43.31665200
1.500000,-0.800000,45.08069350
1.600000,-0.800000,46.89317200
1.700000,-0.800000,48.75464550
1.800000,-0.800000,50.66570800
1.900000,-0.800000,52.62698950
2.000000,-0.800000,54.63915600
2.100000,-0.800000,56.70290950
2.200000,-0.800000,58.81898800
2.300000,-0.800000,60.98816550
2.400000,-0.800000,63.21125200
2.500000,-0.800000,65.48909350
2.600000,-0.800000,67.82257200
2.700000,-0.800000,70.21260550
2.800000,-0.800000,72.66014800
2.900000,-0.800000,75.16618950
3.000000,-0.800000,77.73175600
-3.000000,-0.700000,10.98517350
-2.900000,-0.700000,10.62938200
-2.800000,-0.700000,10.33302550
-2.700000,-0.700000,10.09507800
-2.600000,-0.700000,9.91454950
-2.500000,-0.700000,9.79048600
-2.400000,-0.700000,9.72196950
-2.300000,-0.700000,9.70811800
-2.200000,-0.700000,9.74808550
-2.100000,-0.700000,9.84106200
-2.000000,-0.700000,9.98627350
-1.900000,-0.700000,10.18298200
-1.800000,-0.700000,10.43048550
-1.700000,-0.700000,10.72811800
-1.600000,-0.700000,11.07524950
-1.500000,-0.700000,11.47128600
-1.400000,-0.700000,11.91566950
-1.300000,-0.700000,12.40787800
-1.200000,-0.700000,12.94742550
-1.100000,-0.700000,13.53386200
-1.000000,-0.700000,14.16677350
-0.900000,-0.700000,14.84578200
-0.800000,-0.700000,15.57054550
-0.700000,-0.700000,16.34075800
-0.600000,-0.700000,17.15614950
-0.500000,-0.700000,18.01648600
-0.400000,-0.700000,18.92156950
-0.300000,-0.700000,19.87123800
-0.200000,-0.700000,20.86536550
-0.100000,-0.700000,21.90386200
0.000000,-0.700000,22.98667350
0.100000,-0.700000,24.11378200
0.200000,-0.700000,25.28520550
0.300000,-0.700000,26.50099800
0.400000,-0.700000,27.76124950
0.500000,-0.700000,29.06608600
0.600000,-0.700000,30.41566950
0.700000,-0.700000,31.81019800
0.800000,-0.700000,33.24990550
0.900000,-0.700000,34.73506200
1.000000,-0.700000,36.26597350
1.100000,-0.700000,37.84298200
1.200000,-0.700000,39.46646550
1.300000,-0.700000,41.13683800
1.400000,-0.700000,42.85454950
1.500000,-0.700000,44.62008600
1.600000,-0.700000,46.43396950
1.700000,-0.700000,48.29675800
1.800000,-0.700000,50.20904550
1.900000,-0.700000,52.17146200
2.000000,-0.700000,54.18467350
2.100000,-0.700000,56.24938200
2.200000,-0.700000,58.36632550
2.300000,-0.700000,60.53627800
2.400000,-0.700000,62.76004950
2.500000,-0.700000,65.03848600
2.600000,-0.700000,67.37246950
2.700000,-0.700000,69.76291800
2.800000,-0.700000,72.21078550
2.900000,-0.700000,74.71706200
3.000000,-0.700000,77.28277350
-3.000000,-0.600000,10.39147600
-2.900000,-0.600000,10.04078550
-2.800000,-0.600000,9.74945200
-2.700000,-0.600000,9.51644950
-2.600000,-0.600000,9.34078800
-2.500000,-0.600000,9.22151350
-2.400000,-0.600000,9.15770800
-2.300000,-0.600000,9.14848950
-2.200000,-0.600000,9.19301200
-2.100000,-0.600000,9.29046550
-2.000000,-0.600000,9.44007600
-1.900000,-0.600000,9.64110550
-1.800000,-0.600000,9.89285200
-1.700000,-0.600000,10.19464950
-1.600000,-0.600000,10.54586800
-1.500000,-0.600000,10.94591350
-1.400000,-0.600000,11.39422800
-1.300000,-0.600000,11.89028950
-1.200000,-0.600000,12.43361200
-1.100000,-0.600000,13.02374550
-1.000000,-0.600000,13.66027600
-0.900000,-0.600000,14.34282550
-0.800000,-0.600000,15.07105200
-0.700000,-0.600000,15.84464950
-0.600000,-0.600000,16.66334800
-0.500000,-0.600000,17.52691350
-0.400000,-0.600000,18.43514800
-0.300000,-0.600000,19.38788950
-0.200000,-0.600000,20.38501200
-0.100000,-0.600000,21.42642550
0.000000,-0.600000,22.51207600
0.100000,-0.600000,23.64194550
0.200000,-0.600000,24.81605200
0.300000,-0.600000,26.03444950
0.400000,-0.600000,27.29722800
0.500000,-0.600000,28.60451350
0.600000,-0.600000,29.95646800
0.700000,-0.600000,31.35328950
0.800000,-0.600000,32.79521200
0.900000,-0.600000,34.28250550
1.000000,-0.600000,35.81547600
1.100000,-0.600000,37.39446550
1.200000,-0.600000,39.01985200
1.300000,-0.600000,40.69204950
1.400000,-0.600000,42.41150800
1.500000,-0.600000,44.17871350
1.600000,-0.600000,45.99418800
1.700000,-0.600000,47.85848950
1.800000,-0.600000,49.77221200
1.900000,-0.600000,51.73598550
2.000000,-0.600000,53.75047600
2.100000,-0.600000,55.81638550
2.200000,-0.600000,57.93445200
2.300000,-0.600000,60.10544950
2.400000,-0.600000,62.33018800
2.500000,-0.600000,64.60951350
2.600000,-0.600000,66.94430800
2.700000,-0.600000,69.33548950
2.800000,-0.600000,71.78401200
2.900000,-0.600000,74.29086550
3.000000,-0.600000,76.85707600
-3.000000,-0.500000,9.82082950
-2.900000,-0.500000,9.47488600
-2.800000,-0.500000,9.18823350
-2.700000,-0.500000,8.95984600
-2.600000,-0.500000,8.78873350
-2.500000,-0.500000,8.67394200
-2.400000,-0.500000,8.61455350
-2.300000,-0.500000,8.60968600
-2.200000,-0.500000,8.65849350
-2.100000,-0.500000,8.76016600
-2.000000,-0.500000,8.91392950
-1.900000,-0.500000,9.11904600
-1.800000,-0.500000,9.37481350
-1.700000,-0.500000,9.68056600
-1.600000,-0.500000,10.03567350
-1.500000,-0.500000,10.43954200
-1.400000,-0.500000,10.89161350
-1.300000,-0.500000,11.39136600
-1.200000,-0.500000,11.93831350
-1.100000,-0.500000,12.53200600
-1.000000,-0.500000,13.17202950
-0.900000,-0.500000,13.85800600
-0.800000,-0.500000,14.58959350
-0.700000,-0.500000,15.36648600
-0.600000,-0.500000,16.18841350
-0.500000,-0.500000,17.05514200
-0.400000,-0.500000,17.96647350
-0.300000,-0.500000,18.92224600
-0.200000,-0.500000,19.92233350
-0.100000,-0.500000,20.96664600
0.000000,-0.500000,22.05512950
0.100000,-0.500000,23.18776600
0.200000,-0.500000,24.36457350
0.300000,-0.500000,25.58560600
0.400000,-0.500000,26.85095350
0.500000,-0.500000,28.16074200
0.600000,-0.500000,29.51513350
0.700000,-0.500000,30.91432600
0.800000,-0.500000,32.35855350
0.900000,-0.500000,33.84808600
1.000000,-0.500000,35.38322950
1.100000,-0.500000,36.96432600
1.200000,-0.500000,38.59175350
1.300000,-0.500000,40.26592600
1.400000,-0.500000,41.98729350
1.500000,-0.500000,43.75634200
1.600000,-0.500000,45.57359350
1.700000,-0.500000,47.43960600
1.800000,-0.500000,49.35497350
1.900000,-0.500000,51.32032600
2.000000,-0.500000,53.33632950
2.100000,-0.500000,55.40368600
2.200000,-0.500000,57.52313350
2.300000,-0.500000,59.69544600
2.400000,-0.500000,61.92143350
2.500000,-0.500000,64.20194200
2.600000,-0.500000,66.53785350
2.700000,-0.500000,68.93008600
2.800000,-0.500000,71.37959350
2.900000,-0.500000,73.88736600
3.000000,-0.500000,76.45442950
-3.000000,-0.400000,9.27303600
-2.900000,-0.400000,8.93148550
-2.800000,-0.400000,8.64917200
-2.700000,-0.400000,8.42506950
-2.600000,-0.400000,8.25818800
-2.500000,-0.400000,8.14757350
-2.400000,-0.400000,8.09230800
-2.300000,-0.400000,8.09150950
-2.200000,-0.400000,8.14433200
-2.100000,-0.400000,8.24996550
-2.000000,-0.400000,8.40763600
-1.900000,-0.400000,8.61660550
-1.800000,-0.400000,8.87617200
-1.700000,-0.400000,9.18566950
-1.600000,-0.400000,9.54446800
-1.500000,-0.400000,9.95197350
-1.400000,-0.400000,10.40762800
-1.300000,-0.400000,10.91090950
-1.200000,-0.400000,11.46133200
-1.100000,-0.400000,12.05844550
-1.000000,-0.400000,12.70183600
-0.900000,-0.400000,13.39112550
-0.800000,-0.400000,14.12597200
-0.700000,-0.400000,14.90606950
-0.600000,-0.400000,15.73114800
-0.500000,-0.400000,16.60097350
-0.400000,-0.400000,17.51534800
-0.300000,-0.400000,18.47410950
-0.200000,-0.400000,19.47713200
-0.100000,-0.400000,20.52432550
0.000000,-0.400000,21.61563600
0.100000,-0.400000,22.75104550
0.200000,-0.400000,23.93057200
0.300000,-0.400000,25.15426950
0.400000,-0.400000,26.42222800
0.500000,-0.400000,27.73457350
0.600000,-0.400000,29.09146800
0.700000,-0.400000,30.49310950
0.800000,-0.400000,31.93973200
0.900000,-0.400000,33.43160550
1.000000,-0.400000,34.96903600
1.100000,-0.400000,36.55236550
1.200000,-0.400000,38.18197200
1.300000,-0.400000,39.85826950
1.400000,-0.400000,41.58170800
1.500000,-0.400000,43.35277350
1.600000,-0.400000,45.17198800
1.700000,-0.400000,47.03990950
1.800000,-0.400000,48.95713200
1.900000,-0.400000,50.92428550
2.000000,-0.400000,52.94203600
2.100000,-0.400000,55.01108550
2.200000,-0.400000,57.13217200
2.300000,-0.400000,59.30606950
2.400000,-0.400000,61.53358800
2.500000,-0.400000,63.81557350
2.600000,-0.400000,66.15290800
2.700000,-0.400000,68.54650950
2.800000,-0.400000,70.99733200
2.900000,-0.400000,73.50636550
3.000000,-0.400000,76.07463600
-3.000000,-0.300000,8.74793350
-2.900000,-0.300000,8.41042200
-2.800000,-0.300000,8.13210550
-2.700000,-0.300000,7.91195800
-2.600000,-0.300000,7.74898950
-2.500000,-0.300000,7.64224600
-2.400000,-0.300000,7.59080950
-2.300000,-0.300000,7.59379800
-2.200000,-0.300000,7.65036550
-2.100000,-0.300000,7.75970200
-2.000000,-0.300000,7.92103350
-1.900000,-0.300000,8.13362200
-1.800000,-0.300000,8.39676550
-1.700000,-0.300000,8.70979800
-1.600000,-0.300000,9.07208950
-1.500000,-0.300000,9.48304600
-1.400000,-0.300000,9.94210950
-1.300000,-0.300000,10.44875800
-1.200000,-0.300000,11.00250550
-1.100000,-0.300000,11.60290200
-1.000000,-0.300000,12.24953350
-0.900000,-0.300000,12.94202200
-0.800000,-0.300000,13.68002550
-0.700000,-0.300000,14.46323800
-0.600000,-0.300000,15.29138950
-0.500000,-0.300000,16.16424600
-0.400000,-0.300000,17.08160950
-0.300000,-0.300000,18.04331800
-0.200000,-0.300000,19.04924550
-0.100000,-0.300000,20.09930200
0.000000,-0.300000,21.19343350
0.100000,-0.300000,22.33162200
0.200000,-0.300000,23.51388550
0.300000,-0.300000,24.74027800
0.400000,-0.300000,26.01088950
0.500000,-0.300000,27.32584600
0.600000,-0.300000,28.68530950
0.700000,-0.300000,30.08947800
0.800000,-0.300000,31.53858550
0.900000,-0.300000,33.03290200
1.000000,-0.300000,34.57273350
1.100000,-0.300000,36.15842200
1.200000,-0.300000,37.79034550
1.300000,-0.300000,39.46891800
1.400000,-0.300000,41.19458950
1.500000,-0.300000,42.96784600
1.600000,-0.300000,44.78920950
1.700000,-0.300000,46.65923800
1.800000,-0.300000,48.57852550
1.900000,-0.300000,50.54770200
2.000000,-0.300000,52.56743350
2.100000,-0.300000,54.63842200
2.200000,-0.300000,56.76140550
2.300000,-0.300000,58.93715800
2.400000,-0.300000,61.16648950
2.500000,-0.300000,63.45024600
2.600000,-0.300000,65.78930950
2.700000,-0.300000,68.18459800
2.800000,-0.300000,70.63706550
2.900000,-0.300000,73.14770200
3.000000,-0.300000,75.71753350
-3.000000,-0.200000,8.24539600
-2.900000,-0.200000,7.91156950
-2.800000,-0.200000,7.63690800
-2.700000,-0.200000,7.42038550
-2.600000,-0.200000,7.26101200
-2.500000,-0.200000,7.15783350
-2.400000,-0.200000,7.10993200
-2.300000,-0.200000,7.11642550
-2.200000,-0.200000,7.17646800
-2.100000,-0.200000,7.28924950
-2.000000,-0.200000,7.45399600
-1.900000,-0.200000,7.66996950
-1.800000,-0.200000,7.93646800
-1.700000,-0.200000,8.25282550
-1.600000,-0.200000,8.61841200
-1.500000,-0.200000,9.03263350
-1.400000,-0.200000,9.49493200
-1.300000,-0.200000,10.00478550
-1.200000,-0.200000,10.56170800
-1.100000,-0.200000,11.16524950
-1.000000,-0.200000,11.81499600
-0.900000,-0.200000,12.51056950
-0.800000,-0.200000,13.25162800
-0.700000,-0.200000,14.03786550
-0.600000,-0.200000,14.86901200
-0.500000,-0.200000,15.74483350
-0.400000,-0.200000,16.66513200
-0.300000,-0.200000,17.62974550
-0.200000,-0.200000,18.63854800
-0.100000,-0.200000,19.69144950
0.000000,-0.200000,20.78839600
0.100000,-0.200000,21.92936950
0.200000,-0.200000,23.11438800
0.300000,-0.200000,24.34350550
0.400000,-0.200000,25.61681200
0.500000,-0.200000,26.93443350
0.600000,-0.200000,28.29653200
0.700000,-0.200000,29.70330550
0.800000,-0.200000,31.15498800
0.900000,-0.200000,32.65184950
1.000000,-0.200000,34.19419600
1.100000,-0.200000,35.78236950
1.200000,-0.200000,37.41674800
1.300000,-0.200000,39.09774550
1.400000,-0.200000,40.82581200
1.500000,-0.200000,42.60143350
1.600000,-0.200000,44.42513200
1.700000,-0.200000,46.29746550
1.800000,-0.200000,48.21902800
1.900000,-0.200000,50.19044950
2.000000,-0.200000,52.21239600
2.100000,-0.200000,54.28556950
2.200000,-0.200000,56.41070800
2.300000,-0.200000,58.58858550
2.400000,-0.200000,60.82001200
2.500000,-0.200000,63.10583350
2.600000,-0.200000,65.44693200
2.700000,-0.200000,67.84422550
2.800000,-0.200000,70.29866800
2.900000,-0.200000,72.81124950
3.000000,-0.200000,75.38299600
-3.000000,-0.100000,7.76533350
-2.900000,-0.100000,7.43483800
-2.800000,-0.100000,7.16348950
-2.700000,-0.100000,6.95026200
-2.600000,-0.100000,6.79416550
-2.500000,-0.100000,6.69424600
-2.400000,-0.100000,6.64958550
-2.300000,-0.100000,6.65930200
-2.200000,-0.100000,6.72254950
-2.100000,-0.100000,6.83851800
-2.000000,-0.100000,7.00643350
-1.900000,-0.100000,7.22555800
-1.800000,-0.100000,7.49518950
-1.700000,-0.100000,7.81466200
-1.600000,-0.100000,8.18334550
-1.500000,-0.100000,8.60064600
-1.400000,-0.100000,9.06600550
-1.300000,-0.100000,9.57890200
-1.200000,-0.100000,10.13884950
-1.100000,-0.100000,10.74539800
-1.000000,-0.100000,11.39813350
-0.900000,-0.100000,12.09667800
-0.800000,-0.100000,12.84068950
-0.700000,-0.100000,13.62986200
-0.600000,-0.100000,14.46392550
-0.500000,-0.100000,15.34264600
-0.400000,-0.100000,16.26582550
-0.300000,-0.100000,17.23330200
-0.200000,-0.100000,18.24494950
-0.100000,-0.100000,19.30067800
0.000000,-0.100000,20.40043350
0.100000,-0.100000,21.54419800
0.200000,-0.100000,22.73198950
0.300000,-0.100000,23.96386200
0.400000,-0.100000,25.23990550
0.500000,-0.100000,26.56024600
0.600000,-0.100000,27.92504550
0.700000,-0.100000,29.33450200
0.800000,-0.100000,30.78884950
0.900000,-0.100000,32.28835800
1.000000,-0.100000,33.83333350
1.100000,-0.100000,35.42411800
1.200000,-0.100000,37.06108950
1.300000,-0.100000,38.74466200
1.400000,-0.100000,40.47528550
1.500000,-0.100000,42.25344600
1.600000,-0.100000,44.07966550
1.700000,-0.100000,45.95450200
1.800000,-0.100000,47.87854950
1.900000,-0.100000,49.85243800
2.000000,-0.100000,51.87683350
2.100000,-0.100000,53.95243800
2.200000,-0.100000,56.07998950
2.300000,-0.100000,58.26026200
2.400000,-0.100000,60.49406550
2.500000,-0.100000,62.78224600
2.600000,-0.100000,65.12568550
2.700000,-0.100000,67.52530200
2.800000,-0.100000,69.98204950
2.900000,-0.100000,72.49691800
3.000000,-0.100000,75.07093350
-3.000000,0.000000,7.30769200
-2.900000,0.000000,6.98017350
-2.800000,0.000000,6.71179600
-2.700000,0.000000,6.50153350
-2.600000,0.000000,6.34839600
-2.500000,0.000000,6.25142950
-2.400000,0.000000,6.20971600
-2.300000,0.000000,6.22237350
-2.200000,0.000000,6.28855600
-2.100000,0.000000,6.40745350
-2.000000,0.000000,6.57829200
-1.900000,0.000000,6.80033350
-1.800000,0.000000,7.07287600
-1.700000,0.000000,7.39525350
-1.600000,0.000000,7.76683600
-1.500000,0.000000,8.18702950
-1.400000,0.000000,8.65527600
-1.300000,0.000000,9.17105350
-1.200000,0.000000,9.73387600
-1.100000,0.000000,10.34329350
-1.000000,0.000000,10.99889200
-0.900000,0.000000,11.70029350
-0.800000,0.000000,12.44715600
-0.700000,0.000000,13.23917350
-0.600000,0.000000,14.07607600
-0.500000,0.000000,14.95762950
-0.400000,0.000000,15.88363600
-0.300000,0.000000,16.85393350
-0.200000,0.000000,17.86839600
-0.100000,0.000000,18.92693350
0.000000,0.000000,20.02949200
0.100000,0.000000,21.17605350
0.200000,0.000000,22.36663600
0.300000,0.000000,23.60129350
0.400000,0.000000,24.88011600
0.500000,0.000000,26.20322950
0.600000,0.000000,27.57079600
0.700000,0.000000,28.98301350
0.800000,0.000000,30.44011600
0.900000,0.000000,31.94237350
1.000000,0.000000,33.49009200
1.100000,0.000000,35.08361350
1.200000,0.000000,36.72331600
1.300000,0.000000,38.40961350
1.400000,0.000000,40.14295600
1.500000,0.000000,41.92382950
1.600000,0.000000,43.75275600
1.700000,0.000000,45.63029350
1.800000,0.000000,47.55703600
1.900000,0.000000,49.53361350
2.000000,0.000000,51.56069200
2.100000,0.000000,53.63897350
2.200000,0.000000,55.76919600
2.300000,0.000000,57.95213350
2.400000,0.000000,60.18859600
2.500000,0.000000,62.47942950
2.600000,0.000000,64.82551600
2.700000,0.000000,67.22777350
2.800000,0.000000,69.68715600
2.900000,0.000000,72.20465350
3.000000,0.000000,74.78129200
-3.000000,0.100000,6.87245350
-2.900000,0.100000,6.54755800
-2.800000,0.100000,6.28180950
-2.700000,0.100000,6.07418200
-2.600000,0.100000,5.92368550
-2.500000,0.100000,5.82936600
-2.400000,0.100000,5.79030550
-2.300000,0.100000,5.80562200
-2.200000,0.100000,5.87446950
-2.100000,0.100000,5.99603800
-2.000000,0.100000,6.16955350
-1.900000,0.100000,6.39427800
-1.800000,0.100000,6.66950950
-1.700000,0.100000,6.99458200
-1.600000,0.100000,7.36886550
-1.500000,0.100000,7.79176600
-1.400000,0.100000,8.26272550
-1.300000,0.100000,8.78122200
-1.200000,0.100000,9.34676950
-1.100000,0.100000,9.95891800
-1.000000,0.100000,10.61725350
-0.900000,0.100000,11.32139800
-0.800000,0.100000,12.07100950
-0.700000,0.100000,12.86578200
-0.600000,0.100000,13.70544550
-0.500000,0.100000,14.58976600
-0.400000,0.100000,15.51854550
-0.300000,0.100000,16.49162200
-0.200000,0.100000,17.50886950
-0.100000,0.100000,18.57019800
0.000000,0.100000,19.67555350
0.100000,0.100000,20.82491800
0.200000,0.100000,22.01830950
0.300000,0.100000,23.25578200
0.400000,0.100000,24.53742550
0.500000,0.100000,25.86336600
0.600000,0.100000,27.23376550
0.700000,0.100000,28.64882200
0.800000,0.100000,30.10876950
0.900000,0.100000,31.61387800
1.000000,0.100000,33.16445350
1.100000,0.100000,34.76083800
1.200000,0.100000,36.40340950
1.300000,0.100000,38.09258200
1.400000,0.100000,39.82880550
1.500000,0.100000,41.61256600
1.600000,0.100000,43.44438550
1.700000,0.100000,45.32482200
1.800000,0.100000,47.25446950
1.900000,0.100000,49.23395800
2.000000,0.100000,51.26395350
2.100000,0.100000,53.34515800
2.200000,0.100000,55.47830950
2.300000,0.100000,57.66418200
2.400000,0.100000,59.90358550
2.500000,0.100000,62.19736600
2.600000,0.100000,64.54640550
2.700000,0.100000,66.95162200
2.800000,0.100000,69.41396950
2.900000,0.100000,71.93443800
3.000000,0.100000,74.51405350
-3.000000,0.200000,6.45963600
-2.900000,0.200000,6.13700950
-2.800000,0.200000,5.87354800
-2.700000,0.200000,5.66822550
-2.600000,0.200000,5.52005200
-2.500000,0.200000,5.42807350
-2.400000,0.200000,5.39137200
-2.300000,0.200000,5.40906550
-2.200000,0.200000,5.48030800
-2.100000,0.200000,5.60428950
-2.000000,0.200000,5.78023600
-1.900000,0.200000,6.00740950
-1.800000,0.200000,6.28510800
-1.700000,0.200000,6.61266550
-1.600000,0.200000,6.98945200
-1.500000,0.200000,7.41487350
-1.400000,0.200000,7.88837200
-1.300000,0.200000,8.40942550
-1.200000,0.200000,8.97754800
-1.100000,0.200000,9.59228950
-1.000000,0.200000,10.25323600
-0.900000,0.200000,10.96000950
-0.800000,0.200000,11.71226800
-0.700000,0.200000,12.50970550
-0.600000,0.200000,13.35205200
-0.500000,0.200000,14.23907350
-0.400000,0.200000,15.17057200
-0.300000,0.200000,16.14638550
-0.200000,0.200000,17.16638800
-0.100000,0.200000,18.23048950
0.000000,0.200000,19.33863600
0.100000,0.200000,20.49080950
0.200000,0.200000,21.68702800
0.300000,0.200000,22.92734550
0.400000,0.200000,24.21185200
0.500000,0.200000,25.54067350
0.600000,0.200000,26.91397200
0.700000,0.200000,28.33194550
0.800000,0.200000,29.79482800
0.900000,0.200000,31.30288950
1.000000,0.200000,32.85643600
1.100000,0.200000,34.45580950
1.200000,0.200000,36.10138800
1.300000,0.200000,37.79358550
1.400000,0.200000,39.53285200
1.500000,0.200000,41.31967350
1.600000,0.200000,43.15457200
1.700000,0.200000,45.03810550
1.800000,0.200000,46.97086800
1.900000,0.200000,48.95348950
2.000000,0.200000,50.98663600
2.100000,0.200000,53.07100950
2.200000,0.200000,55.20734800
2.300000,0.200000,57.39642550
2.400000,0.200000,59.63905200
2.500000,0.200000,61.93607350
2.600000,0.200000,64.28837200
2.700000,0.200000,66.69686550
2.800000,0.200000,69.16250800
2.900000,0.200000,71.68628950
3.000000,0.200000,74.26923600
-3.000000,0.300000,6.06929350
-2.900000,0.300000,5.74858200
-2.800000,0.300000,5.48706550
-2.700000,0.300000,5.28371800
-2.600000,0.300000,5.13754950
-2.500000,0.300000,5.04760600
-2.400000,0.300000,5.01296950
-2.300000,0.300000,5.03275800
-2.200000,0.300000,5.10612550
-2.100000,0.300000,5.23226200
-2.000000,0.300000,5.41039350
-1.900000,0.300000,5.63978200
-1.800000,0.300000,5.91972550
-1.700000,0.300000,6.24955800
-1.600000,0.300000,6.62864950
-1.500000,0.300000,7.05640600
-1.400000,0.300000,7.53226950
-1.300000,0.300000,8.05571800
-1.200000,0.300000,8.62626550
-1.100000,0.300000,9.24346200
-1.000000,0.300000,9.90689350
-0.900000,0.300000,10.61618200
-0.800000,0.300000,11.37098550
-0.700000,0.300000,12.17099800
-0.600000,0.300000,13.01594950
-0.500000,0.300000,13.90560600
-0.400000,0.300000,14.83976950
-0.300000,0.300000,15.81827800
-0.200000,0.300000,16.84100550
-0.100000,0.300000,17.90786200
0.000000,0.300000,19.01879350
0.100000,0.300000,20.17378200
0.200000,0.300000,21.37284550
0.300000,0.300000,22.61603800
0.400000,0.300000,23.90344950
0.500000,0.300000,25.23520600
0.600000,0.300000,26.61146950
0.700000,0.300000,28.03243800
0.800000,0.300000,29.49834550
0.900000,0.300000,31.00946200
1.000000,0.300000,32.56609350
1.100000,0.300000,34.16858200
1.200000,0.300000,35.81730550
1.300000,0.300000,37.51267800
1.400000,0.300000,39.25514950
1.500000,0.300000,41.04520600
1.600000,0.300000,42.88336950
1.700000,0.300000,44.77019800
1.800000,0.300000,46.70628550
1.900000,0.300000,48.69226200
2.000000,0.300000,50.72879350
2.100000,0.300000,52.81658200
2.200000,0.300000,54.95636550
2.300000,0.300000,57.14891800
2.400000,0.300000,59.39504950
2.500000,0.300000,61.69560600
2.600000,0.300000,64.05146950
2.700000,0.300000,66.46355800
2.800000,0.300000,68.93282550
2.900000,0.300000,71.46026200
3.000000,0.300000,74.04689350
-3.000000,0.400000,5.70151600
-2.900000,0.400000,5.38236550
-2.800000,0.400000,5.12245200
-2.700000,0.400000,4.92074950
-2.600000,0.400000,4.77626800
-2.500000,0.400000,4.68805350
-2.400000,0.400000,4.65518800
-2.300000,0.400000,4.67678950
-2.200000,0.400000,4.75201200
-2.100000,0.400000,4.88004550
-2.000000,0.400000,5.06011600
-1.900000,0.400000,5.29148550
-1.800000,0.400000,5.57345200
-1.700000,0.400000,5.90534950
-1.600000,0.400000,6.28654800
-1.500000,0.400000,6.71645350
-1.400000,0.400000,7.19450800
-1.300000,0.400000,7.72018950
-1.200000,0.400000,8.29301200
-1.100000,0.400000,8.91252550
-1.000000,0.400000,9.57831600
-0.900000,0.400000,10.29000550
-0.800000,0.400000,11.04725200
-0.700000,0.400000,11.84974950
-0.600000,0.400000,12.69722800
-0.500000,0.400000,13.58945350
-0.400000,0.400000,14.52622800
-0.300000,0.400000,15.50738950
-0.200000,0.400000,16.53281200
-0.100000,0.400000,17.60240550
0.000000,0.400000,18.71611600
0.100000,0.400000,19.87392550
0.200000,0.400000,21.07585200
0.300000,0.400000,22.32194950
0.400000,0.400000,23.61230800
0.500000,0.400000,24.94705350
0.600000,0.400000,26.32634800
0.700000,0.400000,27.75038950
0.800000,0.400000,29.21941200
0.900000,0.400000,30.73368550
1.000000,0.400000,32.29351600
1.100000,0.400000,33.89924550
1.200000,0.400000,35.55125200
1.300000,0.400000,37.24994950
1.400000,0.400000,38.99578800
1.500000,0.400000,40.78925350
1.600000,0.400000,42.63086800
1.700000,0.400000,44.52118950
1.800000,0.400000,46.46081200
1.900000,0.400000,48.45036550
2.000000,0.400000,50.49051600
2.100000,0.400000,52.58196550
2.200000,0.400000,54.72545200
2.300000,0.400000,56.92174950
2.400000,0.400000,59.17166800
2.500000,0.400000,61.47605350
2.600000,0.400000,63.83578800
2.700000,0.400000,66.25178950
2.800000,0.400000,68.72501200
2.900000,0.400000,71.25644550
3.000000,0.400000,73.84711600
-3.000000,0.500000,5.35642950
-2.900000,0.500000,5.03848600
-2.800000,0.500000,4.77983350
-2.700000,0.500000,4.57944600
-2.600000,0.500000,4.43633350
-2.500000,0.500000,4.34954200
-2.400000,0.500000,4.31815350
-2.300000,0.500000,4.34128600
-2.200000,0.500000,4.41809350
-2.100000,0.500000,4.54776600
-2.000000,0.500000,4.72952950
-1.900000,0.500000,4.96264600
-1.800000,0.500000,5.24641350
-1.700000,0.500000,5.58016600
-1.600000,0.500000,5.96327350
-1.500000,0.500000,6.39514200
-1.400000,0.500000,6.87521350
-1.300000,0.500000,7.40296600
-1.200000,0.500000,7.97791350
-1.100000,0.500000,8.59960600
-1.000000,0.500000,9.26762950
-0.900000,0.500000,9.98160600
-0.800000,0.500000,10.74119350
-0.700000,0.500000,11.54608600
-0.600000,0.500000,12.39601350
-0.500000,0.500000,13.29074200
-0.400000,0.500000,14.23007350
-0.300000,0.500000,15.21384600
-0.200000,0.500000,16.24193350
-0.100000,0.500000,17.31424600
0.000000,0.500000,18.43072950
0.100000,0.500000,19.59136600
0.200000,0.500000,20.79617350
0.300000,0.500000,22.04520600
0.400000,0.500000,23.33855350
0.500000,0.500000,24.67634200
0.600000,0.500000,26.05873350
0.700000,0.500000,27.48592600
0.800000,0.500000,28.95815350
0.900000,0.500000,30.47568600
1.000000,0.500000,32.03882950
1.100000,0.500000,33.64792600
1.200000,0.500000,35.30335350
1.300000,0.500000,37.00552600
1.400000,0.500000,38.75489350
1.500000,0.500000,40.55194200
1.600000,0.500000,42.39719350
1.700000,0.500000,44.29120600
1.800000,0.500000,46.23457350
1.900000,0.500000,48.22792600
2.000000,0.500000,50.27192950
2.100000,0.500000,52.36728600
2.200000,0.500000,54.51473350
2.300000,0.500000,56.71504600
2.400000,0.500000,58.96903350
2.500000,0.500000,61.27754200
2.600000,0.500000,63.64145350
2.700000,0.500000,66.06168600
2.800000,0.500000,68.53919350
2.900000,0.500000,71.07496600
3.000000,0.500000,73.67002950
-3.000000,0.600000,5.03419600
-2.900000,0.600000,4.71710550
-2.800000,0.600000,4.45937200
-2.700000,0.600000,4.25996950
-2.600000,0.600000,4.11790800
-2.500000,0.600000,4.03223350
-2.400000,0.600000,4.00202800
-2.300000,0.600000,4.02640950
-2.200000,0.600000,4.10453200
-2.100000,0.600000,4.23558550
-2.000000,0.600000,4.41879600
-1.900000,0.600000,4.65342550
-1.800000,0.600000,4.93877200
-1.700000,0.600000,5.27416950
-1.600000,0.600000,5.65898800
-1.500000,0.600000,6.09263350
-1.400000,0.600000,6.57454800
-1.300000,0.600000,7.10420950
-1.200000,0.600000,7.68113200
-1.100000,0.600000,8.30486550
-1.000000,0.600000,8.97499600
-0.900000,0.600000,9.69114550
-0.800000,0.600000,10.45297200
-0.700000,0.600000,11.26016950
-0.600000,0.600000,12.11246800
-0.500000,0.600000,13.00963350
-0.400000,0.600000,13.95146800
-0.300000,0.600000,14.93780950
-0.200000,0.600000,15.96853200
-0.100000,0.600000,17.04354550
0.000000,0.600000,18.16279600
0.100000,0.600000,19.32626550
0.200000,0.600000,20.53397200
0.300000,0.600000,21.78596950
0.400000,0.600000,23.08234800
0.500000,0.600000,24.42323350
0.600000,0.600000,25.80878800
0.700000,0.600000,27.23920950
0.800000,0.600000,28.71473200
0.900000,0.600000,30.23562550
1.000000,0.600000,31.80219600
1.100000,0.600000,33.41478550
1.200000,0.600000,35.07377200
1.300000,0.600000,36.77956950
1.400000,0.600000,38.53262800
1.500000,0.600000,40.33343350
1.600000,0.600000,42.18250800
1.700000,0.600000,44.08040950
1.800000,0.600000,46.02773200
1.900000,0.600000,48.02510550
2.000000,0.600000,50.07319600
2.100000,0.600000,52.17270550
2.200000,0.600000,54.32437200
2.300000,0.600000,56.52896950
2.400000,0.600000,58.78730800
2.500000,0.600000,61.10023350
2.600000,0.600000,63.46862800
2.700000,0.600000,65.89340950
2.800000,0.600000,68.37553200
2.900000,0.600000,70.91598550
3.000000,0.600000,73.51579600
-3.000000,0.700000,4.73501350
-2.900000,0.700000,4.41842200
-2.800000,0.700000,4.16126550
-2.700000,0.700000,3.96251800
-2.600000,0.700000,3.82118950
-2.500000,0.700000,3.73632600
-2.400000,0.700000,3.70700950
-2.300000,0.700000,3.73235800
-2.200000,0.700000,3.81152550
-2.100000,0.700000,3.94370200
-2.000000,0.700000,4.12811350
-1.900000,0.700000,4.36402200
-1.800000,0.700000,4.65072550
-1.700000,0.700000,4.98755800
-1.600000,0.700000,5.37388950
-1.500000,0.700000,5.80912600
-1.400000,0.700000,6.29270950
-1.300000,0.700000,6.82411800
-1.200000,0.700000,7.40286550
-1.100000,0.700000,8.02850200
-1.000000,0.700000,8.70061350
-0.900000,0.700000,9.41882200
-0.800000,0.700000,10.18278550
-0.700000,0.700000,10.99219800
-0.600000,0.700000,11.84678950
-0.500000,0.700000,12.74632600
-0.400000,0.700000,13.69060950
-0.300000,0.700000,14.67947800
-0.200000,0.700000,15.71280550
-0.100000,0.700000,16.79050200
0.000000,0.700000,17.91251350
0.100000,0.700000,19.07882200
0.200000,0.700000,20.28944550
0.300000,0.700000,21.54443800
0.400000,0.700000,22.84388950
0.500000,0.700000,24.18792600
0.600000,0.700000,25.57670950
0.700000,0.700000,27.01043800
0.800000,0.700000,28.48934550
0.900000,0.700000,30.01370200
1.000000,0.700000,31.58381350
1.100000,0.700000,33.20002200
1.200000,0.700000,34.86270550
1.300000,0.700000,36.57227800
1.400000,0.700000,38.32918950
1.500000,0.700000,40.13392600
1.600000,0.700000,41.98700950
1.700000,0.700000,43.88899800
1.800000,0.700000,45.84048550
1.900000,0.700000,47.84210200
2.000000,0.700000,49.89451350
2.100000,0.700000,51.99842200
2.200000,0.700000,54.15456550
2.300000,0.700000,56.36371800
2.400000,0.700000,58.62668950
2.500000,0.700000,60.94432600
2.600000,0.700000,63.31750950
2.700000,0.700000,65.74715800
2.800000,0.700000,68.23422550
2.900000,0.700000,70.77970200
3.000000,0.700000,73.38461350
-3.000000,0.800000,4.45911600
-2.900000,0.800000,4.14266950
-2.800000,0.800000,3.88574800
-2.700000,0.800000,3.68732550
-2.600000,0.800000,3.54641200
-2.500000,0.800000,3.46205350
-2.400000,0.800000,3.43333200
-2.300000,0.800000,3.45936550
-2.200000,0.800000,3.53930800
-2.100000,0.800000,3.67234950
-2.000000,0.800000,3.85771600
-1.900000,0.800000,4.09466950
-1.800000,0.800000,4.38250800
-1.700000,0.800000,4.72056550
-1.600000,0.800000,5.10821200
-1.500000,0.800000,5.54485350
-1.400000,0.800000,6.02993200
-1.300000,0.800000,6.56292550
-1.200000,0.800000,7.14334800
-1.100000,0.800000,7.77074950
-1.000000,0.800000,8.44471600
-0.900000,0.800000,9.16486950
-0.800000,0.800000,9.93086800
-0.700000,0.800000,10.74240550
-0.600000,0.800000,11.59921200
-0.500000,0.800000,12.50105350
-0.400000,0.800000,13.44773200
-0.300000,0.800000,14.43908550
-0.200000,0.800000,15.47498800
-0.100000,0.800000,16.55534950
0.000000,0.800000,17.68011600
0.100000,0.800000,18.84926950
0.200000,0.800000,20.06282800
0.300000,0.800000,21.32084550
0.400000,0.800000,22.62341200
0.500000,0.800000,23.97065350
0.600000,0.800000,25.36273200
0.700000,0.800000,26.79984550
0.800000,0.800000,28.28222800
0.900000,0.800000,29.81014950
1.000000,0.800000,31.38391600
1.100000,0.800000,33.00386950
1.200000,0.800000,34.67038800
1.300000,0.800000,36.38388550
1.400000,0.800000,38.14481200
1.500000,0.800000,39.95365350
1.600000,0.800000,41.81093200
1.700000,0.800000,43.71720550
1.800000,0.800000,45.67306800
1.900000,0.800000,47.67914950
2.000000,0.800000,49.73611600
2.100000,0.800000,51.84466950
2.200000,0.800000,54.00554800
2.300000,0.800000,56.21952550
2.400000,0.800000,58.48741200
2.500000,0.800000,60.81005350
2.600000,0.800000,63.18833200
2.700000,0.800000,65.62316550
2.800000,0.800000,68.11550800
2.900000,0.800000,70.66634950
3.000000,0.800000,73.27671600
-3.000000,0.900000,4.20677350
-2.900000,0.900000,3.89011800
-2.800000,0.900000,3.63308950
-2.700000,0.900000,3.43466200
-2.600000,0.900000,3.29384550
-2.500000,0.900000,3.20968600
-2.400000,0.900000,3.18126550
-2.300000,0.900000,3.20770200
-2.200000,0.900000,3.28814950
-2.100000,0.900000,3.42179800
-2.000000,0.900000,3.60787350
-1.900000,0.900000,3.84563800
-1.800000,0.900000,4.13438950
-1.700000,0.900000,4.47346200
-1.600000,0.900000,4.86222550
-1.500000,0.900000,5.30008600
-1.400000,0.900000,5.78648550
-1.300000,0.900000,6.32090200
-1.200000,0.900000,6.90284950
-1.100000,0.900000,7.53187800
-1.000000,0.900000,8.20757350
-0.900000,0.900000,8.92955800
-0.800000,0.900000,9.69748950
-0.700000,0.900000,10.51106200
-0.600000,0.900000,11.37000550
-0.500000,0.900000,12.27408600
-0.400000,0.900000,13.22310550
-0.300000,0.900000,14.21690200
-0.200000,0.900000,15.25534950
-0.100000,0.900000,16.33835800
0.000000,0.900000,17.46587350
0.100000,0.900000,18.63787800
0.200000,0.900000,19.85438950
0.300000,0.900000,21.11546200
0.400000,0.900000,22.42118550
0.500000,0.900000,23.77168600
0.600000,0.900000,25.16712550
0.700000,0.900000,26.60770200
0.800000,0.900000,28.09364950
0.900000,0.900000,29.62523800
1.000000,0.900000,31.20277350
1.100000,0.900000,32.82659800
1.200000,0.900000,34.49708950
1.300000,0.900000,36.21466200
1.400000,0.900000,37.97976550
1.500000,0.900000,39.79288600
1.600000,0.900000,41.65454550
1.700000,0.900000,43.56530200
1.800000,0.900000,45.52574950
1.900000,0.900000,47.53651800
2.000000,0.900000,49.59827350
2.100000,0.900000,51.71171800
2.200000,0.900000,53.87758950
2.300000,0.900000,56.09666200
2.400000,0.900000,58.36974550
2.500000,0.900000,60.69768600
2.600000,0.900000,63.08136550
2.700000,0.900000,65.52170200
2.800000,0.900000,68.01964950
2.900000,0.900000,70.57619800
3.000000,0.900000,73.19237350
-3.000000,1.000000,3.97829200
-2.900000,1.000000,3.66107350
-2.800000,1.000000,3.40359600
-2.700000,1.000000,3.20483350
-2.600000,1.000000,3.06379600
-2.500000,1.000000,2.97952950
-2.400000,1.000000,2.95111600
-2.300000,1.000000,2.97767350
-2.200000,1.000000,3.05835600
-2.100000,1.000000,3.19235350
-2.000000,1.000000,3.37889200
-1.900000,1.000000,3.61723350
-1.800000,1.000000,3.90667600
-1.700000,1.000000,4.24655350
-1.600000,1.000000,4.63623600
-1.500000,1.000000,5.07512950
-1.400000,1.000000,5.56267600
-1.300000,1.000000,6.09835350
-1.200000,1.000000,6.68167600
-1.100000,1.000000,7.31219350
-1.000000,1.000000,7.98949200
-0.900000,1.000000,8.71319350
-0.800000,1.000000,9.48295600
-0.700000,1.000000,10.29847350
-0.600000,1.000000,11.15947600
-0.500000,1.000000,12.06572950
-0.400000,1.000000,13.01703600
-0.300000,1.000000,14.01323350
-0.200000,1.000000,15.05419600
-0.100000,1.000000,16.13983350
0.000000,1.000000,17.27009200
0.100000,1.000000,18.44495350
0.200000,1.000000,19.66443600
0.300000,1.000000,20.92859350
0.400000,1.000000,22.23751600
0.500000,1.000000,23.59132950
0.600000,1.000000,24.99019600
0.700000,1.000000,26.43431350
0.800000,1.000000,27.92391600
0.900000,1.000000,29.45927350
1.000000,1.000000,31.04069200
1.100000,1.000000,32.66851350
1.200000,1.000000,34.34311600
1.300000,1.000000,36.06491350
1.400000,1.000000,37.83435600
1.500000,1.000000,39.65192950
1.600000,1.000000,41.51815600
1.700000,1.000000,43.43359350
1.800000,1.000000,45.39883600
1.900000,1.000000,47.41451350
2.000000,1.000000,49.48129200
2.100000,1.000000,51.59987350
2.200000,1.000000,53.77099600
2.300000,1.000000,55.99543350
2.400000,1.000000,58.27399600
2.500000,1.000000,60.60752950
2.600000,1.000000,62.99691600
2.700000,1.000000,65.44307350
2.800000,1.000000,67.94695600
2.900000,1.000000,70.50955350
3.000000,1.000000,73.13189200
-3.000000,1.100000,3.77401350
-2.900000,1.100000,3.45587800
-2.800000,1.100000,3.19760950
-2.700000,1.100000,2.99818200
-2.600000,1.100000,2.85660550
-2.500000,1.100000,2.77192600
-2.400000,1.100000,2.74322550
-2.300000,1.100000,2.76962200
-2.200000,1.100000,2.85026950
-2.100000,1.100000,2.98435800
-2.000000,1.100000,3.17111350
-1.900000,1.100000,3.40979800
-1.800000,1.100000,3.69970950
-1.700000,1.100000,4.04018200
-1.600000,1.100000,4.43058550
-1.500000,1.100000,4.87032600
-1.400000,1.100000,5.35884550
-1.300000,1.100000,5.89562200
-1.200000,1.100000,6.48016950
-1.100000,1.100000,7.11203800
-1.000000,1.100000,7.79081350
-0.900000,1.100000,8.51611800
-0.800000,1.100000,9.28760950
-0.700000,1.100000,10.10498200
-0.600000,1.100000,10.96796550
-0.500000,1.100000,11.87632600
-0.400000,1.100000,12.82986550
-0.300000,1.100000,13.82842200
-0.200000,1.100000,14.87186950
-0.100000,1.100000,15.96011800
0.000000,1.100000,17.09311350
0.100000,1.100000,18.27083800
0.200000,1.100000,19.49330950
0.300000,1.100000,20.76058200
0.400000,1.100000,22.07274550
0.500000,1.100000,23.42992600
0.600000,1.100000,24.83228550
0.700000,1.100000,26.28002200
0.800000,1.100000,27.77336950
0.900000,1.100000,29.31259800
1.000000,1.100000,30.89801350
1.100000,1.100000,32.52995800
1.200000,1.100000,34.20880950
1.300000,1.100000,35.93498200
1.400000,1.100000,37.70892550
1.500000,1.100000,39.53112600
1.600000,1.100000,41.40210550
1.700000,1.100000,43.32242200
1.800000,1.100000,45.29266950
1.900000,1.100000,47.31347800
2.000000,1.100000,49.38551350
2.100000,1.100000,51.50947800
2.200000,1.100000,53.68610950
2.300000,1.100000,55.91618200
2.400000,1.100000,58.20050550
2.500000,1.100000,60.53992600
2.600000,1.100000,62.93532550
2.700000,1.100000,65.38762200
2.800000,1.100000,67.89776950
2.900000,1.100000,70.46675800
3.000000,1.100000,73.09561350
-3.000000,1.200000,3.59431600
-2.900000,1.200000,3.27490950
-2.800000,1.200000,3.01550800
-2.700000,1.200000,2.81508550
-2.600000,1.200000,2.67265200
-2.500000,1.200000,2.58725350
-2.400000,1.200000,2.55797200
-2.300000,1.200000,2.58392550
-2.200000,1.200000,2.66426800
-2.100000,1.200000,2.79818950
-2.000000,1.200000,2.98491600
-1.900000,1.200000,3.22370950
-1.800000,1.200000,3.51386800
-1.700000,1.200000,3.85472550
-1.600000,1.200000,4.24565200
-1.500000,1.200000,4.68605350
-1.400000,1.200000,5.17537200
-1.300000,1.200000,5.71308550
-1.200000,1.200000,6.29870800
-1.100000,1.200000,6.93178950
-1.000000,1.200000,7.61191600
-0.900000,1.200000,8.33870950
-0.800000,1.200000,9.11182800
-0.700000,1.200000,9.93096550
-0.600000,1.200000,10.79585200
-0.500000,1.200000,11.70625350
-0.400000,1.200000,12.66197200
-0.300000,1.200000,13.66284550
-0.200000,1.200000,14.70874800
-0.100000,1.200000,15.79958950
0.000000,1.200000,16.93531600
0.100000,1.200000,18.11590950
0.200000,1.200000,19.34138800
0.300000,1.200000,20.61180550
0.400000,1.200000,21.92725200
0.500000,1.200000,23.28785350
0.600000,1.200000,24.69377200
0.700000,1.200000,26.14520550
0.800000,1.200000,27.64238800
0.900000,1.200000,29.18558950
1.000000,1.200000,30.77511600
1.100000,1.200000,32.41130950
1.200000,1.200000,34.09454800
1.300000,1.200000,35.82524550
1.400000,1.200000,37.60385200
1.500000,1.200000,39.43085350
1.600000,1.200000,41.30677200
1.700000,1.200000,43.23216550
1.800000,1.200000,45.20762800
1.900000,1.200000,47.23378950
2.000000,1.200000,49.31131600
2.100000,1.200000,51.44090950
2.200000,1.200000,53.62330800
2.300000,1.200000,55.85928550
2.400000,1.200000,58.14965200
2.500000,1.200000,60.49525350
2.600000,1.200000,62.89697200
2.700000,1.200000,65.35572550
2.800000,1.200000,67.87246800
2.900000,1.200000,70.44818950
3.000000,1.200000,73.08391600
-3.000000,1.300000,3.43961350
-2.900000,1.300000,3.11858200
-2.800000,1.300000,2.85770550
-2.700000,1.300000,2.65595800
-2.600000,1.300000,2.51234950
-2.500000,1.300000,2.42592600
-2.400000,1.300000,2.39576950
-2.300000,1.300000,2.42099800
-2.200000,1.300000,2.50076550
-2.100000,1.300000,2.63426200
-2.000000,1.300000,2.82071350
-1.900000,1.300000,3.05938200
-1.800000,1.300000,3.34956550
-1.700000,1.300000,3.69059800
-1.600000,1.300000,4.08184950
-1.500000,1.300000,4.52272600
-1.400000,1.300000,5.01266950
-1.300000,1.300000,5.55115800
-1.200000,1.300000,6.13770550
-1.100000,1.300000,6.77186200
-1.000000,1.300000,7.45321350
-0.900000,1.300000,8.18138200
-0.800000,1.300000,8.95602550
-0.700000,1.300000,9.77683800
-0.600000,1.300000,10.64354950
-0.500000,1.300000,11.55592600
-0.400000,1.300000,12.51376950
-0.300000,1.300000,13.51691800
-0.200000,1.300000,14.56524550
-0.100000,1.300000,15.65866200
0.000000,1.300000,16.79711350
0.100000,1.300000,17.98058200
0.200000,1.300000,19.20908550
0.300000,1.300000,20.48267800
0.400000,1.300000,21.80144950
0.500000,1.300000,23.16552600
0.600000,1.300000,24.57506950
0.700000,1.300000,26.03027800
0.800000,1.300000,27.53138550
0.900000,1.300000,29.07866200
1.000000,1.300000,30.67241350
1.100000,1.300000,32.31298200
1.200000,1.300000,34.00074550
1.300000,1.300000,35.73611800
1.400000,1.300000,37.51954950
1.500000,1.300000,39.35152600
1.600000,1.300000,41.23256950
1.700000,1.300000,43.16323800
1.800000,1.300000,45.14412550
1.900000,1.300000,47.17586200
2.000000,1.300000,49.25911350
2.100000,1.300000,51.39458200
2.200000,1.300000,53.58300550
2.300000,1.300000,55.82515800
2.400000,1.300000,58.12184950
2.500000,1.300000,60.47392600
2.600000,1.300000,62.88226950
2.700000,1.300000,65.34779800
2.800000,1.300000,67.87146550
2.900000,1.300000,70.45426200
3.000000,1.300000,73.09721350
-3.000000,1.400000,3.31035600
-2.900000,1.400000,2.98734550
-2.800000,1.400000,2.72465200
-2.700000,1.400000,2.52124950
-2.600000,1.400000,2.37614800
-2.500000,1.400000,2.28839350
-2.400000,1.400000,2.25706800
-2.300000,1.400000,2.28128950
-2.200000,1.400000,2.36021200
-2.100000,1.400000,2.49302550
-2.000000,1.400000,2.67895600
-1.900000,1.400000,2.91726550
-1.800000,1.400000,3.20725200
-1.700000,1.400000,3.54824950
-1.600000,1.400000,3.93962800
-1.500000,1.400000,4.38079350
-1.400000,1.400000,4.87118800
-1.300000,1.400000,5.41028950
-1.200000,1.400000,5.99761200
-1.100000,1.400000,6.63270550
-1.000000,1.400000,7.31515600
-0.900000,1.400000,8.04458550
-0.800000,1.400000,8.82065200
-0.700000,1.400000,9.64304950
-0.600000,1.400000,10.51150800
-0.500000,1.400000,11.42579350
-0.400000,1.400000,12.38570800
-0.300000,1.400000,13.39108950
-0.200000,1.400000,14.44181200
-0.100000,1.400000,15.53778550
0.000000,1.400000,16.67895600
0.100000,1.400000,17.86530550
0.200000,1.400000,19.09685200
0.300000,1.400000,20.37364950
0.400000,1.400000,21.69578800
0.500000,1.400000,23.06339350
0.600000,1.400000,24.47662800
0.700000,1.400000,25.93568950
0.800000,1.400000,27.44081200
0.900000,1.400000,28.99226550
1.000000,1.400000,30.59035600
1.100000,1.400000,32.23542550
1.200000,1.400000,33.92785200
1.300000,1.400000,35.66804950
1.400000,1.400000,37.45646800
1.500000,1.400000,39.29359350
1.600000,1.400000,41.17994800
1.700000,1.400000,43.11608950
1.800000,1.400000,45.10261200
1.900000,1.400000,47.14014550
2.000000,1.400000,49.22935600
2.100000,1.400000,51.37094550
2.200000,1.400000,53.56565200
2.300000,1.400000,55.81424950
2.400000,1.400000,58.11754800
2.500000,1.400000,60.47639350
2.600000,1.400000,62.89166800
2.700000,1.400000,65.36428950
2.800000,1.400000,67.89521200
2.900000,1.400000,70.48542550
3.000000,1.400000,73.13595600
-3.000000,1.500000,3.20702950
-2.900000,1.500000,2.88168600
-2.800000,1.500000,2.61683350
-2.700000,1.500000,2.41144600
-2.600000,1.500000,2.26453350
-2.500000,1.500000,2.17514200
-2.400000,1.500000,2.14235350
-2.300000,1.500000,2.16528600
-2.200000,1.500000,2.24309350
-2.100000,1.500000,2.37496600
-2.000000,1.500000,2.56012950
-1.900000,1.500000,2.79784600
-1.800000,1.500000,3.08741350
-1.700000,1.500000,3.42816600
-1.600000,1.500000,3.81947350
-1.500000,1.500000,4.26074200
-1.400000,1.500000,4.75141350
-1.300000,1.500000,5.29096600
-1.200000,1.500000,5.87891350
-1.100000,1.500000,6.51480600
-1.000000,1.500000,7.19822950
-0.900000,1.500000,7.92880600
-0.800000,1.500000,8.70619350
-0.700000,1.500000,9.53008600
-0.600000,1.500000,10.40021350
-0.500000,1.500000,11.31634200
-0.400000,1.500000,12.27827350
-0.300000,1.500000,13.28584600
-0.200000,1.500000,14.33893350
-0.100000,1.500000,15.43744600
0.000000,1.500000,16.58132950
0.100000,1.500000,17.77056600
0.200000,1.500000,19.00517350
0.300000,1.500000,20.28520600
0.400000,1.500000,21.61075350
0.500000,1.500000,22.98194200
0.600000,1.500000,24.39893350
0.700000,1.500000,25.86192600
0.800000,1.500000,27.37115350
0.900000,1.500000,28.92688600
1.000000,1.500000,30.52942950
1.100000,1.500000,32.17912600
1.200000,1.500000,33.87635350
1.300000,1.500000,35.62152600
1.400000,1.500000,37.41509350
1.500000,1.500000,39.25754200
1.600000,1.500000,41.14939350
1.700000,1.500000,43.09120600
1.800000,1.500000,45.08357350
1.900000,1.500000,47.12712600
2.000000,1.500000,49.22252950
2.100000,1.500000,51.37048600
2.200000,1.500000,53.57173350
2.300000,1.500000,55.82704600
2.400000,1.500000,58.13723350
2.500000,1.500000,60.50314200
2.600000,1.500000,62.92565350
2.700000,1.500000,65.40568600
2.800000,1.500000,67.94419350
2.900000,1.500000,70.54216600
3.000000,1.500000,73.20062950
-3.000000,1.600000,3.13015600
-2.900000,1.600000,2.80212550
-2.800000,1.600000,2.53477200
-2.700000,1.600000,2.32706950
-2.600000,1.600000,2.17802800
-2.500000,1.600000,2.08669350
-2.400000,1.600000,2.05214800
-2.300000,1.600000,2.07350950
-2.200000,1.600000,2.14993200
-2.100000,1.600000,2.28060550
-2.000000,1.600000,2.46475600
-1.900000,1.600000,2.70164550
-1.800000,1.600000,2.99057200
-1.700000,1.600000,3.33086950
-1.600000,1.600000,3.72190800
-1.500000,1.600000,4.16309350
-1.400000,1.600000,4.65386800
-1.300000,1.600000,5.19370950
-1.200000,1.600000,5.78213200
-1.100000,1.600000,6.41868550
-1.000000,1.600000,7.10295600
-0.900000,1.600000,7.83456550
-0.800000,1.600000,8.61317200
-0.700000,1.600000,9.43846950
-0.600000,1.600000,10.31018800
-0.500000,1.600000,11.22809350
-0.400000,1.600000,12.19198800
-0.300000,1.600000,13.20170950
-0.200000,1.600000,14.25713200
-0.100000,1.600000,15.35816550
0.000000,1.600000,16.50475600
0.100000,1.600000,17.69688550
0.200000,1.600000,18.93457200
0.300000,1.600000,20.21786950
0.400000,1.600000,21.54686800
0.500000,1.600000,22.92169350
0.600000,1.600000,24.34250800
0.700000,1.600000,25.80950950
0.800000,1.600000,27.32293200
0.900000,1.600000,28.88304550
1.000000,1.600000,30.49015600
1.100000,1.600000,32.14460550
1.200000,1.600000,33.84677200
1.300000,1.600000,35.59706950
1.400000,1.600000,37.39594800
1.500000,1.600000,39.24389350
1.600000,1.600000,41.14142800
1.700000,1.600000,43.08910950
1.800000,1.600000,45.08753200
1.900000,1.600000,47.13732550
2.000000,1.600000,49.23915600
2.100000,1.600000,51.39372550
2.200000,1.600000,53.60177200
2.300000,1.600000,55.86406950
2.400000,1.600000,58.18142800
2.500000,1.600000,60.55469350
2.600000,1.600000,62.98474800
2.700000,1.600000,65.47250950
2.800000,1.600000,68.01893200
2.900000,1.600000,70.62500550
3.000000,1.600000,73.29175600
-3.000000,1.700000,3.08029350
-2.900000,1.700000,2.74922200
-2.800000,1.700000,2.47902550
-2.700000,1.700000,2.26867800
-2.600000,1.700000,2.11718950
-2.500000,1.700000,2.02360600
-2.400000,1.700000,1.98700950
-2.300000,1.700000,2.00651800
-2.200000,1.700000,2.08128550
-2.100000,1.700000,2.21050200
-2.000000,1.700000,2.39339350
-1.900000,1.700000,2.62922200
-1.800000,1.700000,2.91728550
-1.700000,1.700000,3.25691800
-1.600000,1.700000,3.64748950
-1.500000,1.700000,4.08840600
-1.400000,1.700000,4.57910950
-1.300000,1.700000,5.11907800
-1.200000,1.700000,5.70782550
-1.100000,1.700000,6.34490200
-1.000000,1.700000,7.02989350
-0.900000,1.700000,7.76242200
-0.800000,1.700000,8.54214550
-0.700000,1.700000,9.36875800
-0.600000,1.700000,10.24198950
-0.500000,1.700000,11.16160600
-0.400000,1.700000,12.12740950
-0.300000,1.700000,13.13923800
-0.200000,1.700000,14.19696550
-0.100000,1.700000,15.30050200
0.000000,1.700000,16.44979350
0.100000,1.700000,17.64482200
0.200000,1.700000,18.88560550
0.300000,1.700000,20.17219800
0.400000,1.700000,21.50468950
0.500000,1.700000,22.88320600
0.600000,1.700000,24.30790950
0.700000,1.700000,25.77899800
0.800000,1.700000,27.29670550
0.900000,1.700000,28.86130200
1.000000,1.700000,30.47309350
1.100000,1.700000,32.13242200
1.200000,1.700000,33.83966550
1.300000,1.700000,35.59523800
1.400000,1.700000,37.39958950
1.500000,1.700000,39.25320600
1.600000,1.700000,41.15660950
1.700000,1.700000,43.11035800
1.800000,1.700000,45.11504550
1.900000,1.700000,47.17130200
2.000000,1.700000,49.27979350
2.100000,1.700000,51.44122200
2.200000,1.700000,53.65632550
2.300000,1.700000,55.92587800
2.400000,1.700000,58.25068950
2.500000,1.700000,60.63160600
2.600000,1.700000,63.06950950
2.700000,1.700000,65.56531800
2.800000,1.700000,68.11998550
2.900000,1.700000,70.73450200
3.000000,1.700000,73.40989350
-3.000000,1.800000,3.05803600
-2.900000,1.800000,2.72356950
-2.800000,1.800000,2.45018800
-2.700000,1.800000,2.23686550
-2.600000,1.800000,2.08261200
-2.500000,1.800000,1.98647350
-2.400000,1.800000,1.94753200
-2.300000,1.800000,1.96490550
-2.200000,1.800000,2.03774800
-2.100000,1.800000,2.16524950
-2.000000,1.800000,2.34663600
-1.900000,1.800000,2.58116950
-1.800000,1.800000,2.86814800
-1.700000,1.800000,3.20690550
-1.600000,1.800000,3.59681200
-1.500000,1.800000,4.03727350
-1.400000,1.800000,4.52773200
-1.300000,1.800000,5.06766550
-1.200000,1.800000,5.65658800
-1.100000,1.800000,6.29404950
-1.000000,1.800000,6.97963600
-0.900000,1.800000,7.71296950
-0.800000,1.800000,8.49370800
-0.700000,1.800000,9.32154550
-0.600000,1.800000,10.19621200
-0.500000,1.800000,11.11747350
-0.400000,1.800000,12.08513200
-0.300000,1.800000,13.09902550
-0.200000,1.800000,14.15902800
-0.100000,1.800000,15.26504950
0.000000,1.800000,16.41703600
0.100000,1.800000,17.61496950
0.200000,1.800000,18.85886800
0.300000,1.800000,20.14878550
0.400000,1.800000,21.48481200
0.500000,1.800000,22.86707350
0.600000,1.800000,24.29573200
0.700000,1.800000,25.77098550
0.800000,1.800000,27.29306800
0.900000,1.800000,28.86224950
1.000000,1.800000,30.47883600
1.100000,1.800000,32.14316950
1.200000,1.800000,33.85562800
1.300000,1.800000,35.61662550
1.400000,1.800000,37.42661200
1.500000,1.800000,39.28607350
1.600000,1.800000,41.19553200
1.700000,1.800000,43.15554550
1.800000,1.800000,45.16670800
1.900000,1.800000,47.22964950
2.000000,1.800000,49.34503600
2.100000,1.800000,51.51356950
2.200000,1.800000,53.73598800
2.300000,1.800000,56.01306550
2.400000,1.800000,58.34561200
2.500000,1.800000,60.73447350
2.600000,1.800000,63.18053200
2.700000,1.800000,65.68470550
2.800000,1.800000,68.24794800
2.900000,1.800000,70.87124950
3.000000,1.800000,73.55563600
-3.000000,1.900000,3.06401350
-2.900000,1.900000,2.72579800
-2.800000,1.900000,2.44888950
-2.700000,1.900000,2.23226200
-2.600000,1.900000,2.07492550
-2.500000,1.900000,1.97592600
-2.400000,1.900000,1.93434550
-2.300000,1.900000,1.94930200
-2.200000,1.900000,2.01994950
-2.100000,1.900000,2.14547800
-2.000000,1.900000,2.32511350
-1.900000,1.900000,2.55811800
-1.800000,1.900000,2.84378950
-1.700000,1.900000,3.18146200
-1.600000,1.900000,3.57050550
-1.500000,1.900000,4.01032600
-1.400000,1.900000,4.50036550
-1.300000,1.900000,5.04010200
-1.200000,1.900000,5.62904950
-1.100000,1.900000,6.26675800
-1.000000,1.900000,6.95281350
-0.900000,1.900000,7.68683800
-0.800000,1.900000,8.46848950
-0.700000,1.900000,9.29746200
-0.600000,1.900000,10.17348550
-0.500000,1.900000,11.09632600
-0.400000,1.900000,12.06578550
-0.300000,1.900000,13.08170200
-0.200000,1.900000,14.14394950
-0.100000,1.900000,15.25243800
0.000000,1.900000,16.40711350
0.100000,1.900000,17.60795800
0.200000,1.900000,18.85498950
0.300000,1.900000,20.14826200
0.400000,1.900000,21.48786550
0.500000,1.900000,22.87392600
0.600000,1.900000,24.30660550
0.700000,1.900000,25.78610200
0.800000,1.900000,27.31264950
0.900000,1.900000,28.88651800
1.000000,1.900000,30.50801350
1.100000,1.900000,32.17747800
1.200000,1.900000,33.89528950
1.300000,1.900000,35.66186200
1.400000,1.900000,37.47764550
1.500000,1.900000,39.34312600
1.600000,1.900000,41.25882550
1.700000,1.900000,43.22530200
1.800000,1.900000,45.24314950
1.900000,1.900000,47.31299800
2.000000,1.900000,49.43551350
2.100000,1.900000,51.61139800
2.200000,1.900000,53.84138950
2.300000,1.900000,56.12626200
2.400000,1.900000,58.46682550
2.500000,1.900000,60.86392600
2.600000,1.900000,63.31844550
2.700000,1.900000,65.83130200
2.800000,1.900000,68.40344950
2.900000,1.900000,71.03587800
3.000000,1.900000,73.72961350
-3.000000,2.000000,3.09889200
-2.900000,2.000000,2.75657350
-2.800000,2.000000,2.47579600
-2.700000,2.000000,2.25553350
-2.600000,2.000000,2.09479600
-2.500000,2.000000,1.99262950
-2.400000,2.000000,1.94811600
-2.300000,2.000000,1.96037350
-2.200000,2.000000,2.02855600
-2.100000,2.000000,2.15185350
-2.000000,2.000000,2.32949200
-1.900000,2.000000,2.56073350
-1.800000,2.000000,2.84487600
-1.700000,2.000000,3.18125350
-1.600000,2.000000,3.56923600
-1.500000,2.000000,4.00822950
-1.400000,2.000000,4.49767600
-1.300000,2.000000,5.03705350
-1.200000,2.000000,5.62587600
-1.100000,2.000000,6.26369350
-1.000000,2.000000,6.95009200
-0.900000,2.000000,7.68469350
-0.800000,2.000000,8.46715600
-0.700000,2.000000,9.29717350
-0.600000,2.000000,10.17447600
-0.500000,2.000000,11.09882950
-0.400000,2.000000,12.07003600
-0.300000,2.000000,13.08793350
-0.200000,2.000000,14.15239600
-0.100000,2.000000,15.26333350
0.000000,2.000000,16.42069200
0.100000,2.000000,17.62445350
0.200000,2.000000,18.87463600
0.300000,2.000000,20.17129350
0.400000,2.000000,21.51451600
0.500000,2.000000,22.90442950
0.600000,2.000000,24.34119600
0.700000,2.000000,25.82501350
0.800000,2.000000,27.35611600
0.900000,2.000000,28.93477350
1.000000,2.000000,30.56129200
1.100000,2.000000,32.23601350
1.200000,2.000000,33.95931600
1.300000,2.000000,35.73161350
1.400000,2.000000,37.55335600
1.500000,2.000000,39.42502950
1.600000,2.000000,41.34715600
1.700000,2.000000,43.32029350
1.800000,2.000000,45.34503600
1.900000,2.000000,47.42201350
2.000000,2.000000,49.55189200
2.100000,2.000000,51.73537350
2.200000,2.000000,53.97319600
2.300000,2.000000,56.26613350
2.400000,2.000000,58.61499600
2.500000,2.000000,61.02062950
2.600000,2.000000,63.48391600
2.700000,2.000000,66.00577350
2.800000,2.000000,68.58715600
2.900000,2.000000,71.22905350
3.000000,2.000000,73.93249200
-3.000000,2.100000,3.16337350
-2.900000,2.100000,2.81659800
-2.800000,2.100000,2.53160950
-2.700000,2.100000,2.30738200
-2.600000,2.100000,2.14292550
-2.500000,2.100000,2.03728600
-2.400000,2.100000,1.98954550
-2.300000,2.100000,1.99882200
-2.200000,2.100000,2.06426950
-2.100000,2.100000,2.18507800
-2.000000,2.100000,2.36047350
-1.900000,2.100000,2.58971800
-1.800000,2.100000,2.87210950
-1.700000,2.100000,3.20698200
-1.600000,2.100000,3.59370550
-1.500000,2.100000,4.03168600
-1.400000,2.100000,4.52036550
-1.300000,2.100000,5.05922200
-1.200000,2.100000,5.64776950
-1.100000,2.100000,6.28555800
-1.000000,2.100000,6.97217350
-0.900000,2.100000,7.70723800
-0.800000,2.100000,8.49040950
-0.700000,2.100000,9.32138200
-0.600000,2.100000,10.19988550
-0.500000,2.100000,11.12568600
-0.400000,2.100000,12.09858550
-0.300000,2.100000,13.11842200
-0.200000,2.100000,14.18506950
-0.100000,2.100000,15.29843800
0.000000,2.100000,16.45847350
0.100000,2.100000,17.66515800
0.200000,2.100000,18.91850950
0.300000,2.100000,20.21858200
0.400000,2.100000,21.56546550
0.500000,2.100000,22.95928600
0.600000,2.100000,24.40020550
0.700000,2.100000,25.88842200
0.800000,2.100000,27.42416950
0.900000,2.100000,29.00771800
1.000000,2.100000,30.63937350
1.100000,2.100000,32.31947800
1.200000,2.100000,34.04840950
1.300000,2.100000,35.82658200
1.400000,2.100000,37.65444550
1.500000,2.100000,39.53248600
1.600000,2.100000,41.46122550
1.700000,2.100000,43.44122200
1.800000,2.100000,45.47306950
1.900000,2.100000,47.55739800
2.000000,2.100000,49.69487350
2.100000,2.100000,51.88619800
2.200000,2.100000,54.13210950
2.300000,2.100000,56.43338200
2.400000,2.100000,58.79082550
2.500000,2.100000,61.20528600
2.600000,2.100000,63.67764550
2.700000,2.100000,66.20882200
2.800000,2.100000,68.79976950
2.900000,2.100000,71.45147800
3.000000,2.100000,74.16497350
-3.000000,2.200000,3.25819600
-2.900000,2.200000,2.90660950
-2.800000,2.200000,2.61706800
-2.700000,2.200000,2.38854550
-2.600000,2.200000,2.22005200
-2.500000,2.200000,2.11063350
-2.400000,2.200000,2.05937200
-2.300000,2.200000,2.06538550
-2.200000,2.200000,2.12782800
-2.100000,2.200000,2.24588950
-2.000000,2.200000,2.41879600
-1.900000,2.200000,2.64580950
-1.800000,2.200000,2.92622800
-1.700000,2.200000,3.25938550
-1.600000,2.200000,3.64465200
-1.500000,2.200000,4.08143350
-1.400000,2.200000,4.56917200
-1.300000,2.200000,5.10734550
-1.200000,2.200000,5.69546800
-1.100000,2.200000,6.33308950
-1.000000,2.200000,7.01979600
-0.900000,2.200000,7.75520950
-0.800000,2.200000,8.53898800
-0.700000,2.200000,9.37082550
-0.600000,2.200000,10.25045200
-0.500000,2.200000,11.17763350
-0.400000,2.200000,12.15217200
-0.300000,2.200000,13.17390550
-0.200000,2.200000,14.24270800
-0.100000,2.200000,15.35848950
0.000000,2.200000,16.52119600
0.100000,2.200000,17.73080950
0.200000,2.200000,18.98734800
0.300000,2.200000,20.29086550
0.400000,2.200000,21.64145200
0.500000,2.200000,23.03923350
0.600000,2.200000,24.48437200
0.700000,2.200000,25.97706550
0.800000,2.200000,27.51754800
0.900000,2.200000,29.10608950
1.000000,2.200000,30.74299600
1.100000,2.200000,32.42860950
1.200000,2.200000,34.16330800
1.300000,2.200000,35.94750550
1.400000,2.200000,37.78165200
1.500000,2.200000,39.66623350
1.600000,2.200000,41.60177200
1.700000,2.200000,43.58882550
1.800000,2.200000,45.62798800
1.900000,2.200000,47.71988950
2.000000,2.200000,49.86519600
2.100000,2.200000,52.06460950
2.200000,2.200000,54.31886800
2.300000,2.200000,56.62874550
2.400000,2.200000,58.99505200
2.500000,2.200000,61.41863350
2.600000,2.200000,63.90037200
2.700000,2.200000,66.44118550
2.800000,2.200000,69.04202800
2.900000,2.200000,71.70388950
3.000000,2.200000,74.42779600
-3.000000,2.300000,3.38413350
-2.900000,2.300000,3.02738200
-2.800000,2.300000,2.73294550
-2.700000,2.300000,2.49979800
-2.600000,2.300000,2.32694950
-2.500000,2.300000,2.21344600
-2.400000,2.300000,2.15836950
-2.300000,2.300000,2.16083800
-2.200000,2.300000,2.22000550
-2.100000,2.300000,2.33506200
-2.000000,2.300000,2.50523350
-1.900000,2.300000,2.72978200
-1.800000,2.300000,3.00800550
-1.700000,2.300000,3.33923800
-1.600000,2.300000,3.72284950
-1.500000,2.300000,4.15824600
-1.400000,2.300000,4.64486950
-1.300000,2.300000,5.18219800
-1.200000,2.300000,5.76974550
-1.100000,2.300000,6.40706200
-1.000000,2.300000,7.09373350
-0.900000,2.300000,7.82938200
-0.800000,2.300000,8.61366550
-0.700000,2.300000,9.44627800
-0.600000,2.300000,10.32694950
-0.500000,2.300000,11.25544600
-0.400000,2.300000,12.23156950
-0.300000,2.300000,13.25515800
-0.200000,2.300000,14.32608550
-0.100000,2.300000,15.44426200
0.000000,2.300000,16.60963350
0.100000,2.300000,17.82218200
0.200000,2.300000,19.08192550
0.300000,2.300000,20.38891800
0.400000,2.300000,21.74324950
0.500000,2.300000,23.14504600
0.600000,2.300000,24.59446950
0.700000,2.300000,26.09171800
0.800000,2.300000,27.63702550
0.900000,2.300000,29.23066200
1.000000,2.300000,30.87293350
1.100000,2.300000,32.56418200
1.200000,2.300000,34.30478550
1.300000,2.300000,36.09515800
1.400000,2.300000,37.93574950
1.500000,2.300000,39.82704600
1.600000,2.300000,41.76956950
1.700000,2.300000,43.76387800
1.800000,2.300000,45.81056550
1.900000,2.300000,47.91026200
2.000000,2.300000,50.06363350
2.100000,2.300000,52.27138200
2.200000,2.300000,54.53424550
2.300000,2.300000,56.85299800
2.400000,2.300000,59.22844950
2.500000,2.300000,61.66144600
2.600000,2.300000,64.15286950
2.700000,2.300000,66.70363800
2.800000,2.300000,69.31470550
2.900000,2.300000,71.98706200
3.000000,2.300000,74.72173350
-3.000000,2.400000,3.54199600
-2.900000,2.400000,3.17972550
-2.800000,2.400000,2.88005200
-2.700000,2.400000,2.64194950
-2.600000,2.400000,2.46442800
-2.500000,2.400000,2.34653350
-2.400000,2.400000,2.28734800
-2.300000,2.400000,2.28598950
-2.200000,2.400000,2.34161200
-2.100000,2.400000,2.45340550
-2.000000,2.400000,2.62059600
-1.900000,2.400000,2.84244550
-1.800000,2.400000,3.11825200
-1.700000,2.400000,3.44734950
-1.600000,2.400000,3.82910800
-1.500000,2.400000,4.26293350
-1.400000,2.400000,4.74826800
-1.300000,2.400000,5.28458950
-1.200000,2.400000,5.87141200
-1.100000,2.400000,6.50828550
-1.000000,2.400000,7.19479600
-0.900000,2.400000,7.93056550
-0.800000,2.400000,8.71525200
-0.700000,2.400000,9.54854950
-0.600000,2.400000,10.43018800
-0.500000,2.400000,11.35993350
-0.400000,2.400000,12.33758800
-0.300000,2.400000,13.36298950
-0.200000,2.400000,14.43601200
-0.100000,2.400000,15.55656550
0.000000,2.400000,16.72459600
0.100000,2.400000,17.94008550
0.200000,2.400000,19.20305200
0.300000,2.400000,20.51354950
0.400000,2.400000,21.87166800
0.500000,2.400000,23.27753350
0.600000,2.400000,24.73130800
0.700000,2.400000,26.23318950
0.800000,2.400000,27.78341200
0.900000,2.400000,29.38224550
1.000000,2.400000,31.02999600
1.100000,2.400000,32.72700550
1.200000,2.400000,34.47365200
1.300000,2.400000,36.27034950
1.400000,2.400000,38.11754800
1.500000,2.400000,40.01573350
1.600000,2.400000,41.96542800
1.700000,2.400000,43.96718950
1.800000,2.400000,46.02161200
1.900000,2.400000,48.12932550
2.000000,2.400000,50.29099600
2.100000,2.400000,52.50732550
2.200000,2.400000,54.77905200
2.300000,2.400000,57.10694950
2.400000,2.400000,59.49182800
2.500000,2.400000,61.93453350
2.600000,2.400000,64.43594800
2.700000,2.400000,66.99698950
2.800000,2.400000,69.61861200
2.900000,2.400000,72.30180550
3.000000,2.400000,75.04759600
-3.000000,2.500000,3.73262950
-2.900000,2.500000,3.36448600
-2.800000,2.500000,3.05923350
-2.700000,2.500000,2.81584600
-2.600000,2.500000,2.63333350
-2.500000,2.500000,2.51074200
-2.400000,2.500000,2.44715350
-2.300000,2.500000,2.44168600
-2.200000,2.500000,2.49349350
-2.100000,2.500000,2.60176600
-2.000000,2.500000,2.76572950
-1.900000,2.500000,2.98464600
-1.800000,2.500000,3.25781350
-1.700000,2.500000,3.58456600
-1.600000,2.500000,3.96427350
-1.500000,2.500000,4.39634200
-1.400000,2.500000,4.88021350
-1.300000,2.500000,5.41536600
-1.200000,2.500000,6.00131350
-1.100000,2.500000,6.63760600
-1.000000,2.500000,7.32382950
-0.900000,2.500000,8.05960600
-0.800000,2.500000,8.84459350
-0.700000,2.500000,9.67848600
-0.600000,2.500000,10.56101350
-0.500000,2.500000,11.49194200
-0.400000,2.500000,12.47107350
-0.300000,2.500000,13.49824600
-0.200000,2.500000,14.57333350
-0.100000,2.500000,15.69624600
0.000000,2.500000,16.86692950
0.100000,2.500000,18.08536600
0.200000,2.500000,19.35157350
0.300000,2.500000,20.66560600
0.400000,2.500000,22.02755350
0.500000,2.500000,23.43754200
0.600000,2.500000,24.89573350
0.700000,2.500000,26.40232600
0.800000,2.500000,27.95755350
0.900000,2.500000,29.56168600
1.000000,2.500000,31.21502950
1.100000,2.500000,32.91792600
1.200000,2.500000,34.67075350
1.300000,2.500000,36.47392600
1.400000,2.500000,38.32789350
1.500000,2.500000,40.23314200
1.600000,2.500000,42.19019350
1.700000,2.500000,44.19960600
1.800000,2.500000,46.26197350
1.900000,2.500000,48.37792600
2.000000,2.500000,50.54812950
2.100000,2.500000,52.77328600
2.200000,2.500000,55.05413350
2.300000,2.500000,57.39144600
2.400000,2.500000,59.78603350
2.500000,2.500000,62.23874200
2.600000,2.500000,64.75045350
2.700000,2.500000,67.32208600
2.800000,2.500000,69.95459350
2.900000,2.500000,72.64896600
3.000000,2.500000,75.40622950
-3.000000,2.600000,3.95691600
-2.900000,2.600000,3.58254550
-2.800000,2.600000,3.27137200
-2.700000,2.600000,3.02236950
-2.600000,2.600000,2.83454800
-2.500000,2.600000,2.70695350
-2.400000,2.600000,2.63866800
-2.300000,2.600000,2.62880950
-2.200000,2.600000,2.67653200
-2.100000,2.600000,2.78102550
-2.000000,2.600000,2.94151600
-1.900000,2.600000,3.15726550
-1.800000,2.600000,3.42757200
-1.700000,2.600000,3.75176950
-1.600000,2.600000,4.12922800
-1.500000,2.600000,4.55935350
-1.400000,2.600000,5.04158800
-1.300000,2.600000,5.57540950
-1.200000,2.600000,6.16033200
-1.100000,2.600000,6.79590550
-1.000000,2.600000,7.48171600
-0.900000,2.600000,8.21738550
-0.800000,2.600000,9.00257200
-0.700000,2.600000,9.83696950
-0.600000,2.600000,10.72030800
-0.500000,2.600000,11.65235350
-0.400000,2.600000,12.63290800
-0.300000,2.600000,13.66180950
-0.200000,2.600000,14.73893200
-0.100000,2.600000,15.86418550
0.000000,2.600000,17.03751600
0.100000,2.600000,18.25890550
0.200000,2.600000,19.52837200
0.300000,2.600000,20.84596950
0.400000,2.600000,22.21178800
0.500000,2.600000,23.62595350
0.600000,2.600000,25.08862800
0.700000,2.600000,26.60000950
0.800000,2.600000,28.16033200
0.900000,2.600000,29.76986550
1.000000,2.600000,31.42891600
1.100000,2.600000,33.13782550
1.200000,2.600000,34.89697200
1.300000,2.600000,36.70676950
1.400000,2.600000,38.56766800
1.500000,2.600000,40.48015350
1.600000,2.600000,42.44474800
1.700000,2.600000,44.46200950
1.800000,2.600000,46.53253200
1.900000,2.600000,48.65694550
2.000000,2.600000,50.83591600
2.100000,2.600000,53.07014550
2.200000,2.600000,55.36037200
2.300000,2.600000,57.70736950
2.400000,2.600000,60.11194800
2.500000,2.600000,62.57495350
2.600000,2.600000,65.09726800
2.700000,2.600000,67.67980950
2.800000,2.600000,70.32353200
2.900000,2.600000,73.02942550
3.000000,2.600000,75.79851600
-3.000000,2.700000,4.21577350
-2.900000,2.700000,3.83482200
-2.800000,2.700000,3.51738550
-2.700000,2.700000,3.26243800
-2.600000,2.700000,3.06898950
-2.500000,2.700000,2.93608600
-2.400000,2.700000,2.86280950
-2.300000,2.700000,2.84827800
-2.200000,2.700000,2.89164550
-2.100000,2.700000,2.99210200
-2.000000,2.700000,3.14887350
-1.900000,2.700000,3.36122200
-1.800000,2.700000,3.62844550
-1.700000,2.700000,3.94987800
-1.600000,2.700000,4.32488950
-1.500000,2.700000,4.75288600
-1.400000,2.700000,5.23330950
-1.300000,2.700000,5.76563800
-1.200000,2.700000,6.34938550
-1.100000,2.700000,6.98410200
-1.000000,2.700000,7.66937350
-0.900000,2.700000,8.40482200
-0.800000,2.700000,9.19010550
-0.700000,2.700000,10.02491800
-0.600000,2.700000,10.90898950
-0.500000,2.700000,11.84208600
-0.400000,2.700000,12.82400950
-0.300000,2.700000,13.85459800
-0.200000,2.700000,14.93372550
-0.100000,2.700000,16.06130200
0.000000,2.700000,17.23727350
0.100000,2.700000,18.46162200
0.200000,2.700000,19.73436550
0.300000,2.700000,21.05555800
0.400000,2.700000,22.42528950
0.500000,2.700000,23.84368600
0.600000,2.700000,25.31090950
0.700000,2.700000,26.82715800
0.800000,2.700000,28.39266550
0.900000,2.700000,30.00770200
1.000000,2.700000,31.67257350
1.100000,2.700000,33.38762200
1.200000,2.700000,35.15322550
1.300000,2.700000,36.96979800
1.400000,2.700000,38.83778950
1.500000,2.700000,40.75768600
1.600000,2.700000,42.73000950
1.700000,2.700000,44.75531800
1.800000,2.700000,46.83420550
1.900000,2.700000,48.96730200
2.000000,2.700000,51.15527350
2.100000,2.700000,53.39882200
2.200000,2.700000,55.69868550
2.300000,2.700000,58.05563800
2.400000,2.700000,60.47048950
2.500000,2.700000,62.94408600
2.600000,2.700000,65.47730950
2.700000,2.700000,68.07107800
2.800000,2.700000,70.72634550
2.900000,2.700000,73.44410200
3.000000,2.700000,76.22537350
-3.000000,2.800000,4.51015600
-2.900000,2.800000,4.12226950
-2.800000,2.800000,3.79822800
-2.700000,2.800000,3.53700550
-2.600000,2.800000,3.33761200
-2.500000,2.800000,3.19909350
-2.400000,2.800000,3.12053200
-2.300000,2.800000,3.10104550
-2.200000,2.800000,3.13978800
-2.100000,2.800000,3.23594950
-2.000000,2.800000,3.38875600
-1.900000,2.800000,3.59746950
-1.800000,2.800000,3.86138800
-1.700000,2.800000,4.17984550
-1.600000,2.800000,4.55221200
-1.500000,2.800000,4.97789350
-1.400000,2.800000,5.45633200
-1.300000,2.800000,5.98700550
-1.200000,2.800000,6.56942800
-1.100000,2.800000,7.20314950
-1.000000,2.800000,7.88775600
-0.900000,2.800000,8.62286950
-0.800000,2.800000,9.40814800
-0.700000,2.800000,10.24328550
-0.600000,2.800000,11.12801200
-0.500000,2.800000,12.06209350
-0.400000,2.800000,13.04533200
-0.300000,2.800000,14.07756550
-0.200000,2.800000,15.15866800
-0.100000,2.800000,16.28854950
0.000000,2.800000,17.46715600
0.100000,2.800000,18.69446950
0.200000,2.800000,19.97050800
0.300000,2.800000,21.29532550
0.400000,2.800000,22.66901200
0.500000,2.800000,24.09169350
0.600000,2.800000,25.56353200
0.700000,2.800000,27.08472550
0.800000,2.800000,28.65550800
0.900000,2.800000,30.27614950
1.000000,2.800000,31.94695600
1.100000,2.800000,33.66826950
1.200000,2.800000,35.44046800
1.300000,2.800000,37.26396550
1.400000,2.800000,39.13921200
1.500000,2.800000,41.06669350
1.600000,2.800000,43.04693200
1.700000,2.800000,45.08048550
1.800000,2.800000,47.16794800
1.900000,2.800000,49.30994950
2.000000,2.800000,51.50715600
2.100000,2.800000,53.76026950
2.200000,2.800000,56.07002800
2.300000,2.800000,58.43720550
2.400000,2.800000,60.86261200
2.500000,2.800000,63.34709350
2.600000,2.800000,65.89153200
2.700000,2.800000,68.49684550
2.800000,2.800000,71.16398800
2.900000,2.800000,73.89394950
3.000000,2.800000,76.68775600
-3.000000,2.900000,4.84105350
-2.900000,2.900000,4.44587800
-2.800000,2.900000,4.11488950
-2.700000,2.900000,3.84706200
-2.600000,2.900000,3.64140550
-2.500000,2.900000,3.49696600
-2.400000,2.900000,3.41282550
-2.300000,2.900000,3.38810200
-2.200000,2.900000,3.42194950
-2.100000,2.900000,3.51355800
-2.000000,2.900000,3.66215350
-1.900000,2.900000,3.86699800
-1.800000,2.900000,4.12738950
-1.700000,2.900000,4.44266200
-1.600000,2.900000,4.81218550
-1.500000,2.900000,5.23536600
-1.400000,2.900000,5.71164550
-1.300000,2.900000,6.24050200
-1.200000,2.900000,6.82144950
-1.100000,2.900000,7.45403800
-1.000000,2.900000,8.13785350
-0.900000,2.900000,8.87251800
-0.800000,2.900000,9.65768950
-0.700000,2.900000,10.49306200
-0.600000,2.900000,11.37836550
-0.500000,2.900000,12.31336600
-0.400000,2.900000,13.29786550
-0.300000,2.900000,14.33170200
-0.200000,2.900000,15.41474950
-0.100000,2.900000,16.54691800
0.000000,2.900000,17.72815350
0.100000,2.900000,18.95843800
0.200000,2.900000,20.23778950
0.300000,2.900000,21.56626200
0.400000,2.900000,22.94394550
0.500000,2.900000,24.37096600
0.600000,2.900000,25.84748550
0.700000,2.900000,27.37370200
0.800000,2.900000,28.94984950
0.900000,2.900000,30.57619800
1.000000,2.900000,32.25305350
1.100000,2.900000,33.98075800
1.200000,2.900000,35.75968950
1.300000,2.900000,37.59026200
1.400000,2.900000,39.47292550
1.500000,2.900000,41.40816600
1.600000,2.900000,43.39650550
1.700000,2.900000,45.43850200
1.800000,2.900000,47.53474950
1.900000,2.900000,49.68587800
2.000000,2.900000,51.89255350
2.100000,2.900000,54.15547800
2.200000,2.900000,56.47538950
2.300000,2.900000,58.85306200
2.400000,2.900000,61.28930550
2.500000,2.900000,63.78496600
2.600000,2.900000,66.34092550
2.700000,2.900000,68.95810200
2.800000,2.900000,71.63744950
2.900000,2.900000,74.37995800
3.000000,2.900000,77.18665350
-3.000000,3.000000,5.20949200
-2.900000,3.000000,4.80667350
-2.800000,3.000000,4.46839600
-2.700000,3.000000,4.19363350
-2.600000,3.000000,3.98139600
-2.500000,3.000000,3.83072950
-2.400000,3.000000,3.74071600
-2.300000,3.000000,3.71047350
-2.200000,3.000000,3.73915600
-2.100000,3.000000,3.82595350
-2.000000,3.000000,3.97009200
-1.900000,3.000000,4.17083350
-1.800000,3.000000,4.42747600
-1.700000,3.000000,4.73935350
-1.600000,3.000000,5.10583600
-1.500000,3.000000,5.52632950
-1.400000,3.000000,6.00027600
-1.300000,3.000000,6.52715350
-1.200000,3.000000,7.10647600
-1.100000,3.000000,7.73779350
-1.000000,3.000000,8.42069200
-0.900000,3.000000,9.15479350
-0.800000,3.000000,9.93975600
-0.700000,3.000000,10.77527350
-0.600000,3.000000,11.66107600
-0.500000,3.000000,12.59692950
-0.400000,3.000000,13.58263600
-0.300000,3.000000,14.61803350
-0.200000,3.000000,15.70299600
-0.100000,3.000000,16.83743350
0.000000,3.000000,18.02129200
0.100000,3.000000,19.25455350
0.200000,3.000000,20.53723600
0.300000,3.000000,21.86939350
0.400000,3.000000,23.25111600
0.500000,3.000000,24.68252950
0.600000,3.000000,26.16379600
0.700000,3.000000,27.69511350
0.800000,3.000000,29.27671600
0.900000,3.000000,30.90887350
1.000000,3.000000,32.59189200
1.100000,3.000000,34.32611350
1.200000,3.000000,36.11191600
1.300000,3.000000,37.94971350
1.400000,3.000000,39.83995600
1.500000,3.000000,41.78312950
1.600000,3.000000,43.77975600
1.700000,3.000000,45.83039350
1.800000,3.000000,47.93563600
1.900000,3.000000,50.09611350
2.000000,3.000000,52.31249200
2.100000,3.000000,54.58547350
2.200000,3.000000,56.91579600
2.300000,3.000000,59.30423350
2.400000,3.000000,61.75159600
2.500000,3.000000,64.25872950
2.600000,3.000000,66.82651600
2.700000,3.000000,69.45587350
2.800000,3.000000,72.14775600
2.900000,3.000000,74.90315350
3.000000,3.000000,77.72309200
