position_along_extended_domain_m,elapsed_heating_time_s,temperature_c
0.000000,0.000000,24.040233
0.050000,0.000000,24.491857
0.100000,0.000000,25.100357
0.150000,0.000000,25.902877
0.200000,0.000000,26.938523
0.250000,0.000000,28.245750
0.300000,0.000000,29.858848
0.350000,0.000000,31.803678
0.400000,0.000000,34.092938
0.450000,0.000000,36.721399
0.500000,0.000000,39.661712
0.550000,0.000000,42.861419
0.600000,0.000000,46.241829
0.650000,0.000000,49.699293
0.700000,0.000000,53.109158
0.750000,0.000000,56.332422
0.800000,0.000000,59.224679
0.850000,0.000000,61.646629
0.900000,0.000000,63.475116
0.950000,0.000000,64.613476
1.000000,0.000000,65.000000
1.050000,0.000000,64.613476
1.100000,0.000000,63.475116
1.150000,0.000000,61.646629
1.200000,0.000000,59.224679
1.250000,0.000000,56.332422
1.300000,0.000000,53.109158
1.350000,0.000000,49.699293
1.400000,0.000000,46.241829
1.450000,0.000000,42.861419
1.500000,0.000000,39.661712
1.550000,0.000000,36.721399
1.600000,0.000000,34.092938
1.650000,0.000000,31.803678
1.700000,0.000000,29.858848
1.750000,0.000000,28.245750
1.800000,0.000000,26.938523
1.850000,0.000000,25.902877
1.900000,0.000000,25.100357
1.950000,0.000000,24.491857
2.000000,0.000000,24.040233
2.050000,0.000000,23.712039
2.100000,0.000000,23.478460
2.150000,0.000000,23.315615
2.200000,0.000000,23.204380
2.250000,0.000000,23.129924
2.300000,0.000000,23.081079
2.350000,0.000000,23.049670
2.400000,0.000000,23.029871
2.450000,0.000000,23.017635
2.500000,0.000000,23.010221
2.550000,0.000000,23.005815
2.600000,0.000000,23.003248
2.650000,0.000000,23.001781
2.700000,0.000000,23.000958
2.750000,0.000000,23.000506
2.800000,0.000000,23.000263
2.850000,0.000000,23.000134
2.900000,0.000000,23.000067
2.950000,0.000000,23.000033
3.000000,0.000000,23.000016
3.050000,0.000000,23.000007
3.100000,0.000000,23.000003
3.150000,0.000000,23.000002
3.200000,0.000000,23.000001
3.250000,0.000000,23.000000
3.300000,0.000000,23.000000
3.350000,0.000000,23.000000
3.400000,0.000000,23.000000
3.450000,0.000000,23.000000
3.500000,0.000000,23.000000
3.550000,0.000000,23.000000
3.600000,0.000000,23.000000
3.650000,0.000000,23.000000
3.700000,0.000000,23.000000
3.750000,0.000000,23.000000
3.800000,0.000000,23.000000
3.850000,0.000000,23.000000
3.900000,0.000000,23.000000
3.950000,0.000000,23.000000
4.000000,0.000000,23.000000
4.050000,0.000000,23.000000
4.100000,0.000000,23.000000
4.150000,0.000000,23.000000
4.200000,0.000000,23.000000
4.250000,0.000000,23.000000
4.300000,0.000000,23.000000
4.350000,0.000000,23.000000
4.400000,0.000000,23.000000
4.450000,0.000000,23.000000
4.500000,0.000000,23.000000
4.550000,0.000000,23.000000
4.600000,0.000000,23.000000
4.650000,0.000000,23.000000
4.700000,0.000000,23.000000
4.750000,0.000000,23.000000
4.800000,0.000000,23.000000
4.850000,0.000000,23.000000
4.900000,0.000000,23.000000
4.950000,0.000000,23.000000
5.000000,0.000000,23.000000
5.050000,0.000000,23.000000
5.100000,0.000000,23.000000
5.150000,0.000000,23.000000
5.200000,0.000000,23.000000
5.250000,0.000000,23.000000
5.300000,0.000000,23.000000
5.350000,0.000000,23.000000
5.400000,0.000000,23.000000
5.450000,0.000000,23.000000
5.500000,0.000000,23.000000
5.550000,0.000000,23.000000
5.600000,0.000000,23.000000
5.650000,0.000000,23.000000
5.700000,0.000000,23.000000
5.750000,0.000000,23.000000
5.800000,0.000000,23.000000
5.850000,0.000000,23.000000
5.900000,0.000000,23.000000
5.950000,0.000000,23.000000
6.000000,0.000000,23.000000
0.000000,1.000000,23.842076
0.050000,1.000000,24.219949
0.100000,1.000000,24.740352
0.150000,1.000000,25.439961
0.200000,1.000000,26.358240
0.250000,1.000000,27.535096
0.300000,1.000000,29.007655
0.350000,1.000000,30.806234
0.400000,1.000000,32.949736
0.450000,1.000000,35.440868
0.500000,1.000000,38.261684
0.550000,1.000000,41.370086
0.600000,1.000000,44.697923
0.650000,1.000000,48.151263
0.700000,1.000000,51.613243
0.750000,1.000000,54.949610
0.800000,1.000000,58.016750
0.850000,1.000000,60.671614
0.900000,1.000000,62.782625
0.950000,1.000000,64.240438
1.000000,1.000000,64.967324
1.050000,1.000000,64.924060
1.100000,1.000000,64.113465
1.150000,1.000000,62.580152
1.200000,1.000000,60.406498
1.250000,1.000000,57.705352
1.300000,1.000000,54.610381
1.350000,1.000000,51.265181
1.400000,1.000000,47.812408
1.450000,1.000000,44.384036
1.500000,1.000000,41.093632
1.550000,1.000000,38.031195
1.600000,1.000000,35.260727
1.650000,1.000000,32.820358
1.700000,1.000000,30.724592
1.750000,1.000000,28.968053
1.800000,1.000000,27.530075
1.850000,1.000000,26.379515
1.900000,1.000000,25.479270
1.950000,1.000000,24.790143
2.000000,1.000000,24.273863
2.050000,1.000000,23.895197
2.100000,1.000000,23.623221
2.150000,1.000000,23.431883
2.200000,1.000000,23.300007
2.250000,1.000000,23.210945
2.300000,1.000000,23.152000
2.350000,1.000000,23.113762
2.400000,1.000000,23.089447
2.450000,1.000000,23.074288
2.500000,1.000000,23.065023
2.550000,1.000000,23.059470
2.600000,1.000000,23.056206
2.650000,1.000000,23.054325
2.700000,1.000000,23.053262
2.750000,1.000000,23.052672
2.800000,1.000000,23.052351
2.850000,1.000000,23.052180
2.900000,1.000000,23.052091
2.950000,1.000000,23.052045
3.000000,1.000000,23.052022
3.050000,1.000000,23.052010
3.100000,1.000000,23.052005
3.150000,1.000000,23.052002
3.200000,1.000000,23.052001
3.250000,1.000000,23.052000
3.300000,1.000000,23.052000
3.350000,1.000000,23.052000
3.400000,1.000000,23.052000
3.450000,1.000000,23.052000
3.500000,1.000000,23.052000
3.550000,1.000000,23.052000
3.600000,1.000000,23.052000
3.650000,1.000000,23.052000
3.700000,1.000000,23.052000
3.750000,1.000000,23.052000
3.800000,1.000000,23.052000
3.850000,1.000000,23.052000
3.900000,1.000000,23.052000
3.950000,1.000000,23.052000
4.000000,1.000000,23.052000
4.050000,1.000000,23.052000
4.100000,1.000000,23.052000
4.150000,1.000000,23.052000
4.200000,1.000000,23.052000
4.250000,1.000000,23.052000
4.300000,1.000000,23.052000
4.350000,1.000000,23.052000
4.400000,1.000000,23.052000
4.450000,1.000000,23.052000
4.500000,1.000000,23.052000
4.550000,1.000000,23.052000
4.600000,1.000000,23.052000
4.650000,1.000000,23.052000
4.700000,1.000000,23.052000
4.750000,1.000000,23.052000
4.800000,1.000000,23.052000
4.850000,1.000000,23.052000
4.900000,1.000000,23.052000
4.950000,1.000000,23.052000
5.000000,1.000000,23.052000
5.050000,1.000000,23.052000
5.100000,1.000000,23.052000
5.150000,1.000000,23.052000
5.200000,1.000000,23.052000
5.250000,1.000000,23.052000
5.300000,1.000000,23.052000
5.350000,1.000000,23.052000
5.400000,1.000000,23.052000
5.450000,1.000000,23.052000
5.500000,1.000000,23.052000
5.550000,1.000000,23.052000
5.600000,1.000000,23.052000
5.650000,1.000000,23.052000
5.700000,1.000000,23.052000
5.750000,1.000000,23.052000
5.800000,1.000000,23.052000
5.850000,1.000000,23.052000
5.900000,1.000000,23.052000
5.950000,1.000000,23.052000
6.000000,1.000000,23.052000
0.000000,2.000000,23.667211
0.050000,2.000000,23.977778
0.100000,2.000000,24.417330
0.150000,2.000000,25.021796
0.200000,2.000000,25.830541
0.250000,2.000000,26.884304
0.300000,2.000000,28.222267
0.350000,2.000000,29.878304
0.400000,2.000000,31.876594
0.450000,2.000000,34.226904
0.500000,2.000000,36.920003
0.550000,2.000000,39.923775
0.600000,2.000000,43.180656
0.650000,2.000000,46.606988
0.700000,2.000000,50.094776
0.750000,2.000000,53.516089
0.800000,2.000000,56.730050
0.850000,2.000000,59.591995
0.900000,2.000000,61.964036
0.950000,2.000000,63.725986
1.000000,2.000000,64.785444
1.050000,2.000000,65.085865
1.100000,2.000000,64.611629
1.150000,2.000000,63.389462
1.200000,2.000000,61.486026
1.250000,2.000000,59.001975
1.300000,2.000000,56.063215
1.350000,2.000000,52.810410
1.400000,2.000000,49.387970
1.450000,2.000000,45.933684
1.500000,2.000000,42.570034
1.550000,2.000000,39.397859
1.600000,2.000000,36.492734
1.650000,2.000000,33.904014
1.700000,2.000000,31.656211
1.750000,2.000000,29.752165
1.800000,2.000000,28.177347
1.850000,2.000000,26.904640
1.900000,2.000000,25.899042
1.950000,2.000000,25.121852
2.000000,2.000000,24.534078
2.050000,2.000000,24.098946
2.100000,2.000000,23.783530
2.150000,2.000000,23.559604
2.200000,2.000000,23.403871
2.250000,2.000000,23.297755
2.300000,2.000000,23.226896
2.350000,2.000000,23.180524
2.400000,2.000000,23.150776
2.450000,2.000000,23.132068
2.500000,2.000000,23.120534
2.550000,2.000000,23.113561
2.600000,2.000000,23.109428
2.650000,2.000000,23.107025
2.700000,2.000000,23.105655
2.750000,2.000000,23.104889
2.800000,2.000000,23.104469
2.850000,2.000000,23.104242
2.900000,2.000000,23.104123
2.950000,2.000000,23.104061
3.000000,2.000000,23.104030
3.050000,2.000000,23.104014
3.100000,2.000000,23.104007
3.150000,2.000000,23.104003
3.200000,2.000000,23.104001
3.250000,2.000000,23.104001
3.300000,2.000000,23.104000
3.350000,2.000000,23.104000
3.400000,2.000000,23.104000
3.450000,2.000000,23.104000
3.500000,2.000000,23.104000
3.550000,2.000000,23.104000
3.600000,2.000000,23.104000
3.650000,2.000000,23.104000
3.700000,2.000000,23.104000
3.750000,2.000000,23.104000
3.800000,2.000000,23.104000
3.850000,2.000000,23.104000
3.900000,2.000000,23.104000
3.950000,2.000000,23.104000
4.000000,2.000000,23.104000
4.050000,2.000000,23.104000
4.100000,2.000000,23.104000
4.150000,2.000000,23.104000
4.200000,2.000000,23.104000
4.250000,2.000000,23.104000
4.300000,2.000000,23.104000
4.350000,2.000000,23.104000
4.400000,2.000000,23.104000
4.450000,2.000000,23.104000
4.500000,2.000000,23.104000
4.550000,2.000000,23.104000
4.600000,2.000000,23.104000
4.650000,2.000000,23.104000
4.700000,2.000000,23.104000
4.750000,2.000000,23.104000
4.800000,2.000000,23.104000
4.850000,2.000000,23.104000
4.900000,2.000000,23.104000
4.950000,2.000000,23.104000
5.000000,2.000000,23.104000
5.050000,2.000000,23.104000
5.100000,2.000000,23.104000
5.150000,2.000000,23.104000
5.200000,2.000000,23.104000
5.250000,2.000000,23.104000
5.300000,2.000000,23.104000
5.350000,2.000000,23.104000
5.400000,2.000000,23.104000
5.450000,2.000000,23.104000
5.500000,2.000000,23.104000
5.550000,2.000000,23.104000
5.600000,2.000000,23.104000
5.650000,2.000000,23.104000
5.700000,2.000000,23.104000
5.750000,2.000000,23.104000
5.800000,2.000000,23.104000
5.850000,2.000000,23.104000
5.900000,2.000000,23.104000
5.950000,2.000000,23.104000
6.000000,2.000000,23.104000
0.000000,3.000000,23.513203
0.050000,3.000000,23.762495
0.100000,3.000000,24.128098
0.150000,3.000000,24.644976
0.200000,3.000000,25.352023
0.250000,3.000000,26.290263
0.300000,3.000000,27.500222
0.350000,3.000000,29.018484
0.400000,3.000000,30.873579
0.450000,3.000000,33.081421
0.500000,3.000000,35.640711
0.550000,3.000000,38.528788
0.600000,3.000000,41.698521
0.650000,3.000000,45.076849
0.700000,3.000000,48.565494
0.750000,3.000000,52.044211
0.800000,3.000000,55.376654
0.850000,3.000000,58.418623
0.900000,3.000000,61.028066
0.950000,3.000000,63.075938
1.000000,3.000000,64.456753
1.050000,3.000000,65.097646
1.100000,3.000000,64.964834
1.150000,3.000000,64.066686
1.200000,3.000000,62.452988
1.250000,3.000000,60.210486
1.300000,3.000000,57.455274
1.350000,3.000000,54.322931
1.400000,3.000000,50.957595
1.450000,3.000000,47.501180
1.500000,3.000000,44.083846
1.550000,3.000000,40.816573
1.600000,3.000000,37.786326
1.650000,3.000000,35.053956
1.700000,3.000000,32.654608
1.750000,3.000000,30.600180
1.800000,3.000000,28.883210
1.850000,3.000000,27.481524
1.900000,3.000000,26.363036
1.950000,3.000000,25.490201
2.000000,3.000000,24.823793
2.050000,3.000000,24.325810
2.100000,3.000000,23.961486
2.150000,3.000000,23.700465
2.200000,3.000000,23.517286
2.250000,3.000000,23.391344
2.300000,3.000000,23.306495
2.350000,3.000000,23.250474
2.400000,3.000000,23.214220
2.450000,3.000000,23.191221
2.500000,3.000000,23.176917
2.550000,3.000000,23.168195
2.600000,3.000000,23.162979
2.650000,3.000000,23.159921
2.700000,3.000000,23.158163
2.750000,3.000000,23.157171
2.800000,3.000000,23.156622
2.850000,3.000000,23.156325
2.900000,3.000000,23.156166
2.950000,3.000000,23.156084
3.000000,3.000000,23.156041
3.050000,3.000000,23.156020
3.100000,3.000000,23.156010
3.150000,3.000000,23.156004
3.200000,3.000000,23.156002
3.250000,3.000000,23.156001
3.300000,3.000000,23.156000
3.350000,3.000000,23.156000
3.400000,3.000000,23.156000
3.450000,3.000000,23.156000
3.500000,3.000000,23.156000
3.550000,3.000000,23.156000
3.600000,3.000000,23.156000
3.650000,3.000000,23.156000
3.700000,3.000000,23.156000
3.750000,3.000000,23.156000
3.800000,3.000000,23.156000
3.850000,3.000000,23.156000
3.900000,3.000000,23.156000
3.950000,3.000000,23.156000
4.000000,3.000000,23.156000
4.050000,3.000000,23.156000
4.100000,3.000000,23.156000
4.150000,3.000000,23.156000
4.200000,3.000000,23.156000
4.250000,3.000000,23.156000
4.300000,3.000000,23.156000
4.350000,3.000000,23.156000
4.400000,3.000000,23.156000
4.450000,3.000000,23.156000
4.500000,3.000000,23.156000
4.550000,3.000000,23.156000
4.600000,3.000000,23.156000
4.650000,3.000000,23.156000
4.700000,3.000000,23.156000
4.750000,3.000000,23.156000
4.800000,3.000000,23.156000
4.850000,3.000000,23.156000
4.900000,3.000000,23.156000
4.950000,3.000000,23.156000
5.000000,3.000000,23.156000
5.050000,3.000000,23.156000
5.100000,3.000000,23.156000
5.150000,3.000000,23.156000
5.200000,3.000000,23.156000
5.250000,3.000000,23.156000
5.300000,3.000000,23.156000
5.350000,3.000000,23.156000
5.400000,3.000000,23.156000
5.450000,3.000000,23.156000
5.500000,3.000000,23.156000
5.550000,3.000000,23.156000
5.600000,3.000000,23.156000
5.650000,3.000000,23.156000
5.700000,3.000000,23.156000
5.750000,3.000000,23.156000
5.800000,3.000000,23.156000
5.850000,3.000000,23.156000
5.900000,3.000000,23.156000
5.950000,3.000000,23.156000
6.000000,3.000000,23.156000
0.000000,4.000000,23.377806
0.050000,4.000000,23.571425
0.100000,4.000000,23.869600
0.150000,4.000000,24.306168
0.200000,4.000000,24.919252
0.250000,4.000000,25.749696
0.300000,4.000000,26.838729
0.350000,4.000000,28.224858
0.400000,4.000000,29.940063
0.450000,4.000000,32.005481
0.500000,4.000000,34.426893
0.550000,4.000000,37.190433
0.600000,4.000000,40.259073
0.650000,4.000000,43.570451
0.700000,4.000000,47.036621
0.750000,4.000000,50.546162
0.800000,4.000000,53.968880
0.850000,4.000000,57.163009
0.900000,4.000000,59.984478
0.950000,4.000000,62.297470
1.000000,4.000000,63.985203
1.050000,4.000000,64.959765
1.100000,4.000000,65.169822
1.150000,4.000000,64.605245
1.200000,4.000000,63.298067
1.250000,4.000000,61.319638
1.300000,4.000000,58.774309
1.350000,4.000000,55.790437
1.400000,4.000000,52.509781
1.450000,4.000000,49.076517
1.500000,4.000000,45.627039
1.550000,4.000000,42.281525
1.600000,4.000000,39.137928
1.650000,4.000000,36.268678
1.700000,4.000000,33.720036
1.750000,4.000000,31.513719
1.800000,4.000000,29.650241
1.850000,4.000000,28.113306
1.900000,4.000000,26.874609
1.950000,4.000000,25.898497
2.000000,4.000000,25.146071
2.050000,4.000000,24.578492
2.100000,4.000000,24.159377
2.150000,4.000000,23.856333
2.200000,4.000000,23.641723
2.250000,4.000000,23.492838
2.300000,4.000000,23.391633
2.350000,4.000000,23.324218
2.400000,4.000000,23.280205
2.450000,4.000000,23.252038
2.500000,4.000000,23.234367
2.550000,4.000000,23.223497
2.600000,4.000000,23.216942
2.650000,4.000000,23.213065
2.700000,4.000000,23.210816
2.750000,4.000000,23.209537
2.800000,4.000000,23.208824
2.850000,4.000000,23.208433
2.900000,4.000000,23.208224
2.950000,4.000000,23.208113
3.000000,4.000000,23.208056
3.050000,4.000000,23.208028
3.100000,4.000000,23.208013
3.150000,4.000000,23.208006
3.200000,4.000000,23.208003
3.250000,4.000000,23.208001
3.300000,4.000000,23.208001
3.350000,4.000000,23.208000
3.400000,4.000000,23.208000
3.450000,4.000000,23.208000
3.500000,4.000000,23.208000
3.550000,4.000000,23.208000
3.600000,4.000000,23.208000
3.650000,4.000000,23.208000
3.700000,4.000000,23.208000
3.750000,4.000000,23.208000
3.800000,4.000000,23.208000
3.850000,4.000000,23.208000
3.900000,4.000000,23.208000
3.950000,4.000000,23.208000
4.000000,4.000000,23.208000
4.050000,4.000000,23.208000
4.100000,4.000000,23.208000
4.150000,4.000000,23.208000
4.200000,4.000000,23.208000
4.250000,4.000000,23.208000
4.300000,4.000000,23.208000
4.350000,4.000000,23.208000
4.400000,4.000000,23.208000
4.450000,4.000000,23.208000
4.500000,4.000000,23.208000
4.550000,4.000000,23.208000
4.600000,4.000000,23.208000
4.650000,4.000000,23.208000
4.700000,4.000000,23.208000
4.750000,4.000000,23.208000
4.800000,4.000000,23.208000
4.850000,4.000000,23.208000
4.900000,4.000000,23.208000
4.950000,4.000000,23.208000
5.000000,4.000000,23.208000
5.050000,4.000000,23.208000
5.100000,4.000000,23.208000
5.150000,4.000000,23.208000
5.200000,4.000000,23.208000
5.250000,4.000000,23.208000
5.300000,4.000000,23.208000
5.350000,4.000000,23.208000
5.400000,4.000000,23.208000
5.450000,4.000000,23.208000
5.500000,4.000000,23.208000
5.550000,4.000000,23.208000
5.600000,4.000000,23.208000
5.650000,4.000000,23.208000
5.700000,4.000000,23.208000
5.750000,4.000000,23.208000
5.800000,4.000000,23.208000
5.850000,4.000000,23.208000
5.900000,4.000000,23.208000
5.950000,4.000000,23.208000
6.000000,4.000000,23.208000
0.000000,5.000000,23.258961
0.050000,5.000000,23.402081
0.100000,5.000000,23.638937
0.150000,5.000000,24.002141
0.200000,5.000000,24.528811
0.250000,5.000000,25.259218
0.300000,5.000000,26.234738
0.350000,5.000000,27.495074
0.400000,5.000000,29.074803
0.450000,5.000000,30.999363
0.500000,5.000000,33.280712
0.550000,5.000000,35.913028
0.600000,5.000000,38.868893
0.650000,5.000000,42.096542
0.700000,5.000000,45.518741
0.750000,5.000000,49.033802
0.800000,5.000000,52.519100
0.850000,5.000000,55.837138
0.900000,5.000000,58.843918
0.950000,5.000000,61.398989
1.000000,5.000000,63.376223
1.050000,5.000000,64.674189
1.100000,5.000000,65.224914
1.150000,5.000000,64.999962
1.200000,5.000000,64.013061
1.250000,5.000000,62.318923
1.300000,5.000000,60.008395
1.350000,5.000000,57.200534
1.400000,5.000000,54.032573
1.450000,5.000000,50.648957
1.500000,5.000000,47.190669
1.550000,5.000000,43.785914
1.600000,5.000000,40.542992
1.650000,5.000000,37.545793
1.700000,5.000000,34.852016
1.750000,5.000000,32.493851
1.800000,5.000000,30.480646
1.850000,5.000000,28.802920
1.900000,5.000000,27.437059
1.950000,5.000000,26.350096
2.000000,5.000000,25.504103
2.050000,5.000000,24.859863
2.100000,5.000000,24.379676
2.150000,5.000000,24.029257
2.200000,5.000000,23.778824
2.250000,5.000000,23.603509
2.300000,5.000000,23.483267
2.350000,5.000000,23.402456
2.400000,5.000000,23.349229
2.450000,5.000000,23.314866
2.500000,5.000000,23.293118
2.550000,5.000000,23.279625
2.600000,5.000000,23.271416
2.650000,5.000000,23.266519
2.700000,5.000000,23.263654
2.750000,5.000000,23.262011
2.800000,5.000000,23.261086
2.850000,5.000000,23.260576
2.900000,5.000000,23.260300
2.950000,5.000000,23.260153
3.000000,5.000000,23.260077
3.050000,5.000000,23.260038
3.100000,5.000000,23.260018
3.150000,5.000000,23.260009
3.200000,5.000000,23.260004
3.250000,5.000000,23.260002
3.300000,5.000000,23.260001
3.350000,5.000000,23.260000
3.400000,5.000000,23.260000
3.450000,5.000000,23.260000
3.500000,5.000000,23.260000
3.550000,5.000000,23.260000
3.600000,5.000000,23.260000
3.650000,5.000000,23.260000
3.700000,5.000000,23.260000
3.750000,5.000000,23.260000
3.800000,5.000000,23.260000
3.850000,5.000000,23.260000
3.900000,5.000000,23.260000
3.950000,5.000000,23.260000
4.000000,5.000000,23.260000
4.050000,5.000000,23.260000
4.100000,5.000000,23.260000
4.150000,5.000000,23.260000
4.200000,5.000000,23.260000
4.250000,5.000000,23.260000
4.300000,5.000000,23.260000
4.350000,5.000000,23.260000
4.400000,5.000000,23.260000
4.450000,5.000000,23.260000
4.500000,5.000000,23.260000
4.550000,5.000000,23.260000
4.600000,5.000000,23.260000
4.650000,5.000000,23.260000
4.700000,5.000000,23.260000
4.750000,5.000000,23.260000
4.800000,5.000000,23.260000
4.850000,5.000000,23.260000
4.900000,5.000000,23.260000
4.950000,5.000000,23.260000
5.000000,5.000000,23.260000
5.050000,5.000000,23.260000
5.100000,5.000000,23.260000
5.150000,5.000000,23.260000
5.200000,5.000000,23.260000
5.250000,5.000000,23.260000
5.300000,5.000000,23.260000
5.350000,5.000000,23.260000
5.400000,5.000000,23.260000
5.450000,5.000000,23.260000
5.500000,5.000000,23.260000
5.550000,5.000000,23.260000
5.600000,5.000000,23.260000
5.650000,5.000000,23.260000
5.700000,5.000000,23.260000
5.750000,5.000000,23.260000
5.800000,5.000000,23.260000
5.850000,5.000000,23.260000
5.900000,5.000000,23.260000
5.950000,5.000000,23.260000
6.000000,5.000000,23.260000
0.000000,6.000000,23.154795
0.050000,6.000000,23.252158
0.100000,6.000000,23.433381
0.150000,6.000000,23.729795
0.200000,6.000000,24.177340
0.250000,6.000000,24.815400
0.300000,6.000000,25.685012
0.350000,6.000000,26.826428
0.400000,6.000000,28.276021
0.450000,6.000000,30.062627
0.500000,6.000000,32.203469
0.550000,6.000000,34.699926
0.600000,6.000000,37.533570
0.650000,6.000000,40.662946
0.700000,6.000000,44.021689
0.750000,6.000000,47.518517
0.800000,6.000000,51.039569
0.850000,6.000000,54.453284
0.900000,6.000000,57.617738
0.950000,6.000000,60.389992
1.000000,6.000000,62.636634
1.050000,6.000000,64.244451
1.100000,6.000000,65.130034
1.150000,6.000000,65.247163
1.200000,6.000000,64.591026
1.250000,6.000000,63.198748
1.300000,6.000000,61.146115
1.350000,6.000000,58.540919
1.400000,6.000000,55.513719
1.450000,6.000000,52.207144
1.500000,6.000000,48.764945
1.550000,6.000000,45.321966
1.600000,6.000000,41.995978
1.650000,6.000000,38.881989
1.700000,6.000000,36.049272
1.750000,6.000000,33.541014
1.800000,6.000000,31.376185
1.850000,6.000000,29.553033
1.900000,6.000000,28.053567
1.950000,6.000000,26.848362
2.000000,6.000000,25.901172
2.050000,6.000000,25.172949
2.100000,6.000000,24.625039
2.150000,6.000000,24.221473
2.200000,6.000000,23.930403
2.250000,6.000000,23.724784
2.300000,6.000000,23.582485
2.350000,6.000000,23.485994
2.400000,6.000000,23.421874
2.450000,6.000000,23.380112
2.500000,6.000000,23.353450
2.550000,6.000000,23.336762
2.600000,6.000000,23.326522
2.650000,6.000000,23.320360
2.700000,6.000000,23.316725
2.750000,6.000000,23.314622
2.800000,6.000000,23.313428
2.850000,6.000000,23.312763
2.900000,6.000000,23.312401
2.950000,6.000000,23.312206
3.000000,6.000000,23.312104
3.050000,6.000000,23.312052
3.100000,6.000000,23.312025
3.150000,6.000000,23.312012
3.200000,6.000000,23.312006
3.250000,6.000000,23.312003
3.300000,6.000000,23.312001
3.350000,6.000000,23.312001
3.400000,6.000000,23.312000
3.450000,6.000000,23.312000
3.500000,6.000000,23.312000
3.550000,6.000000,23.312000
3.600000,6.000000,23.312000
3.650000,6.000000,23.312000
3.700000,6.000000,23.312000
3.750000,6.000000,23.312000
3.800000,6.000000,23.312000
3.850000,6.000000,23.312000
3.900000,6.000000,23.312000
3.950000,6.000000,23.312000
4.000000,6.000000,23.312000
4.050000,6.000000,23.312000
4.100000,6.000000,23.312000
4.150000,6.000000,23.312000
4.200000,6.000000,23.312000
4.250000,6.000000,23.312000
4.300000,6.000000,23.312000
4.350000,6.000000,23.312000
4.400000,6.000000,23.312000
4.450000,6.000000,23.312000
4.500000,6.000000,23.312000
4.550000,6.000000,23.312000
4.600000,6.000000,23.312000
4.650000,6.000000,23.312000
4.700000,6.000000,23.312000
4.750000,6.000000,23.312000
4.800000,6.000000,23.312000
4.850000,6.000000,23.312000
4.900000,6.000000,23.312000
4.950000,6.000000,23.312000
5.000000,6.000000,23.312000
5.050000,6.000000,23.312000
5.100000,6.000000,23.312000
5.150000,6.000000,23.312000
5.200000,6.000000,23.312000
5.250000,6.000000,23.312000
5.300000,6.000000,23.312000
5.350000,6.000000,23.312000
5.400000,6.000000,23.312000
5.450000,6.000000,23.312000
5.500000,6.000000,23.312000
5.550000,6.000000,23.312000
5.600000,6.000000,23.312000
5.650000,6.000000,23.312000
5.700000,6.000000,23.312000
5.750000,6.000000,23.312000
5.800000,6.000000,23.312000
5.850000,6.000000,23.312000
5.900000,6.000000,23.312000
5.950000,6.000000,23.312000
6.000000,6.000000,23.312000
0.000000,7.000000,23.063609
0.050000,7.000000,23.119543
0.100000,7.000000,23.250390
0.150000,7.000000,23.486185
0.200000,7.000000,23.861577
0.250000,7.000000,24.414815
0.300000,7.000000,25.186195
0.350000,7.000000,26.215938
0.400000,7.000000,27.541481
0.450000,7.000000,29.194201
0.500000,7.000000,31.195655
0.550000,7.000000,33.553546
0.600000,7.000000,36.257700
0.650000,7.000000,39.276522
0.700000,7.000000,42.554462
0.750000,7.000000,46.011084
0.800000,7.000000,49.542258
0.850000,7.000000,53.023827
0.900000,7.000000,56.317815
0.950000,7.000000,59.280905
1.000000,7.000000,61.774524
1.050000,7.000000,63.675587
1.100000,7.000000,64.886715
1.150000,7.000000,65.344732
1.200000,7.000000,65.026394
1.250000,7.000000,63.950591
1.300000,7.000000,62.176742
1.350000,7.000000,59.799559
1.400000,7.000000,56.940833
1.450000,7.000000,53.739232
1.500000,7.000000,50.339317
1.550000,7.000000,46.880979
1.600000,7.000000,43.490353
1.650000,7.000000,40.272986
1.700000,7.000000,37.309663
1.750000,7.000000,34.654937
1.800000,7.000000,32.338084
1.850000,7.000000,30.365960
1.900000,7.000000,28.727132
1.950000,7.000000,27.396615
2.000000,7.000000,26.340627
2.050000,7.000000,25.520908
2.100000,7.000000,24.898292
2.150000,7.000000,24.435406
2.200000,7.000000,24.098462
2.250000,7.000000,23.858258
2.300000,7.000000,23.690519
2.350000,7.000000,23.575754
2.400000,7.000000,23.498811
2.450000,7.000000,23.448253
2.500000,7.000000,23.415691
2.550000,7.000000,23.395133
2.600000,7.000000,23.382407
2.650000,7.000000,23.374684
2.700000,7.000000,23.370088
2.750000,7.000000,23.367405
2.800000,7.000000,23.365870
2.850000,7.000000,23.365008
2.900000,7.000000,23.364533
2.950000,7.000000,23.364277
3.000000,7.000000,23.364141
3.050000,7.000000,23.364071
3.100000,7.000000,23.364035
3.150000,7.000000,23.364017
3.200000,7.000000,23.364008
3.250000,7.000000,23.364004
3.300000,7.000000,23.364002
3.350000,7.000000,23.364001
3.400000,7.000000,23.364000
3.450000,7.000000,23.364000
3.500000,7.000000,23.364000
3.550000,7.000000,23.364000
3.600000,7.000000,23.364000
3.650000,7.000000,23.364000
3.700000,7.000000,23.364000
3.750000,7.000000,23.364000
3.800000,7.000000,23.364000
3.850000,7.000000,23.364000
3.900000,7.000000,23.364000
3.950000,7.000000,23.364000
4.000000,7.000000,23.364000
4.050000,7.000000,23.364000
4.100000,7.000000,23.364000
4.150000,7.000000,23.364000
4.200000,7.000000,23.364000
4.250000,7.000000,23.364000
4.300000,7.000000,23.364000
4.350000,7.000000,23.364000
4.400000,7.000000,23.364000
4.450000,7.000000,23.364000
4.500000,7.000000,23.364000
4.550000,7.000000,23.364000
4.600000,7.000000,23.364000
4.650000,7.000000,23.364000
4.700000,7.000000,23.364000
4.750000,7.000000,23.364000
4.800000,7.000000,23.364000
4.850000,7.000000,23.364000
4.900000,7.000000,23.364000
4.950000,7.000000,23.364000
5.000000,7.000000,23.364000
5.050000,7.000000,23.364000
5.100000,7.000000,23.364000
5.150000,7.000000,23.364000
5.200000,7.000000,23.364000
5.250000,7.000000,23.364000
5.300000,7.000000,23.364000
5.350000,7.000000,23.364000
5.400000,7.000000,23.364000
5.450000,7.000000,23.364000
5.500000,7.000000,23.364000
5.550000,7.000000,23.364000
5.600000,7.000000,23.364000
5.650000,7.000000,23.364000
5.700000,7.000000,23.364000
5.750000,7.000000,23.364000
5.800000,7.000000,23.364000
5.850000,7.000000,23.364000
5.900000,7.000000,23.364000
5.950000,7.000000,23.364000
6.000000,7.000000,23.364000
0.000000,8.000000,22.983877
0.050000,8.000000,23.002308
0.100000,8.000000,23.087604
0.150000,8.000000,23.268532
0.200000,8.000000,23.578383
0.250000,8.000000,24.054086
0.300000,8.000000,24.734864
0.350000,8.000000,25.660416
0.400000,8.000000,26.868576
0.450000,8.000000,28.392449
0.500000,8.000000,30.257029
0.550000,8.000000,32.475426
0.600000,8.000000,35.044905
0.650000,8.000000,37.943138
0.700000,8.000000,41.125149
0.750000,8.000000,44.521559
0.800000,8.000000,48.038701
0.850000,8.000000,51.561078
0.900000,8.000000,54.956369
0.950000,8.000000,58.082906
1.000000,8.000000,60.799108
1.050000,8.000000,62.974051
1.100000,8.000000,64.498066
1.150000,8.000000,65.292157
1.200000,8.000000,65.315074
1.250000,8.000000,64.567153
1.300000,8.000000,63.090415
1.350000,8.000000,60.964880
1.400000,8.000000,58.301567
1.450000,8.000000,55.233034
1.500000,8.000000,51.902588
1.550000,8.000000,48.453388
1.600000,8.000000,45.018605
1.650000,8.000000,41.713514
1.700000,8.000000,38.630132
1.750000,8.000000,35.834567
1.800000,8.000000,33.366963
1.850000,8.000000,31.243590
1.900000,8.000000,29.460500
1.950000,8.000000,27.998074
2.000000,8.000000,26.825834
2.050000,8.000000,25.907000
2.100000,8.000000,25.202421
2.150000,8.000000,24.673660
2.200000,8.000000,24.285184
2.250000,8.000000,24.005698
2.300000,8.000000,23.808751
2.350000,8.000000,23.672788
2.400000,8.000000,23.580817
2.450000,8.000000,23.519848
2.500000,8.000000,23.480234
2.550000,8.000000,23.455003
2.600000,8.000000,23.439249
2.650000,8.000000,23.429604
2.700000,8.000000,23.423815
2.750000,8.000000,23.420407
2.800000,8.000000,23.418440
2.850000,8.000000,23.417326
2.900000,8.000000,23.416707
2.950000,8.000000,23.416370
3.000000,8.000000,23.416190
3.050000,8.000000,23.416096
3.100000,8.000000,23.416048
3.150000,8.000000,23.416023
3.200000,8.000000,23.416011
3.250000,8.000000,23.416005
3.300000,8.000000,23.416002
3.350000,8.000000,23.416001
3.400000,8.000000,23.416000
3.450000,8.000000,23.416000
3.500000,8.000000,23.416000
3.550000,8.000000,23.416000
3.600000,8.000000,23.416000
3.650000,8.000000,23.416000
3.700000,8.000000,23.416000
3.750000,8.000000,23.416000
3.800000,8.000000,23.416000
3.850000,8.000000,23.416000
3.900000,8.000000,23.416000
3.950000,8.000000,23.416000
4.000000,8.000000,23.416000
4.050000,8.000000,23.416000
4.100000,8.000000,23.416000
4.150000,8.000000,23.416000
4.200000,8.000000,23.416000
4.250000,8.000000,23.416000
4.300000,8.000000,23.416000
4.350000,8.000000,23.416000
4.400000,8.000000,23.416000
4.450000,8.000000,23.416000
4.500000,8.000000,23.416000
4.550000,8.000000,23.416000
4.600000,8.000000,23.416000
4.650000,8.000000,23.416000
4.700000,8.000000,23.416000
4.750000,8.000000,23.416000
4.800000,8.000000,23.416000
4.850000,8.000000,23.416000
4.900000,8.000000,23.416000
4.950000,8.000000,23.416000
5.000000,8.000000,23.416000
5.050000,8.000000,23.416000
5.100000,8.000000,23.416000
5.150000,8.000000,23.416000
5.200000,8.000000,23.416000
5.250000,8.000000,23.416000
5.300000,8.000000,23.416000
5.350000,8.000000,23.416000
5.400000,8.000000,23.416000
5.450000,8.000000,23.416000
5.500000,8.000000,23.416000
5.550000,8.000000,23.416000
5.600000,8.000000,23.416000
5.650000,8.000000,23.416000
5.700000,8.000000,23.416000
5.750000,8.000000,23.416000
5.800000,8.000000,23.416000
5.850000,8.000000,23.416000
5.900000,8.000000,23.416000
5.950000,8.000000,23.416000
6.000000,8.000000,23.416000
0.000000,9.000000,22.914233
0.050000,9.000000,22.898701
0.100000,9.000000,22.942856
0.150000,9.000000,23.074240
0.200000,9.000000,23.324766
0.250000,9.000000,23.729920
0.300000,9.000000,24.327591
0.350000,9.000000,25.156536
0.400000,9.000000,26.254397
0.450000,9.000000,27.655261
0.500000,9.000000,29.386692
0.550000,9.000000,31.466282
0.600000,9.000000,33.897864
0.650000,9.000000,36.667669
0.700000,9.000000,39.740882
0.750000,9.000000,43.059181
0.800000,9.000000,46.539860
0.850000,9.000000,50.077103
0.900000,9.000000,53.545771
0.950000,9.000000,56.807753
1.000000,9.000000,59.720579
1.050000,9.000000,62.147599
1.100000,9.000000,63.968726
1.150000,9.000000,65.090533
1.200000,9.000000,65.454520
1.250000,9.000000,65.042481
1.300000,9.000000,63.878309
1.350000,9.000000,62.025950
1.400000,9.000000,59.583798
1.450000,9.000000,56.676184
1.500000,9.000000,53.443029
1.550000,9.000000,50.028840
1.600000,9.000000,46.572280
1.650000,9.000000,43.197311
1.700000,9.000000,40.006666
1.750000,9.000000,37.078004
1.800000,9.000000,34.462749
1.850000,9.000000,32.187303
1.900000,9.000000,30.256089
1.950000,9.000000,28.655794
2.000000,9.000000,27.360130
2.050000,9.000000,26.334562
2.100000,9.000000,25.540549
2.150000,9.000000,24.939016
2.200000,9.000000,24.492943
2.250000,9.000000,24.169054
2.300000,9.000000,23.938731
2.350000,9.000000,23.778286
2.400000,9.000000,23.668781
2.450000,9.000000,23.595542
2.500000,9.000000,23.547534
2.550000,9.000000,23.516688
2.600000,9.000000,23.497259
2.650000,9.000000,23.485261
2.700000,9.000000,23.477996
2.750000,9.000000,23.473683
2.800000,9.000000,23.471172
2.850000,9.000000,23.469738
2.900000,9.000000,23.468935
2.950000,9.000000,23.468493
3.000000,9.000000,23.468256
3.050000,9.000000,23.468130
3.100000,9.000000,23.468065
3.150000,9.000000,23.468032
3.200000,9.000000,23.468015
3.250000,9.000000,23.468007
3.300000,9.000000,23.468003
3.350000,9.000000,23.468002
3.400000,9.000000,23.468001
3.450000,9.000000,23.468000
3.500000,9.000000,23.468000
3.550000,9.000000,23.468000
3.600000,9.000000,23.468000
3.650000,9.000000,23.468000
3.700000,9.000000,23.468000
3.750000,9.000000,23.468000
3.800000,9.000000,23.468000
3.850000,9.000000,23.468000
3.900000,9.000000,23.468000
3.950000,9.000000,23.468000
4.000000,9.000000,23.468000
4.050000,9.000000,23.468000
4.100000,9.000000,23.468000
4.150000,9.000000,23.468000
4.200000,9.000000,23.468000
4.250000,9.000000,23.468000
4.300000,9.000000,23.468000
4.350000,9.000000,23.468000
4.400000,9.000000,23.468000
4.450000,9.000000,23.468000
4.500000,9.000000,23.468000
4.550000,9.000000,23.468000
4.600000,9.000000,23.468000
4.650000,9.000000,23.468000
4.700000,9.000000,23.468000
4.750000,9.000000,23.468000
4.800000,9.000000,23.468000
4.850000,9.000000,23.468000
4.900000,9.000000,23.468000
4.950000,9.000000,23.468000
5.000000,9.000000,23.468000
5.050000,9.000000,23.468000
5.100000,9.000000,23.468000
5.150000,9.000000,23.468000
5.200000,9.000000,23.468000
5.250000,9.000000,23.468000
5.300000,9.000000,23.468000
5.350000,9.000000,23.468000
5.400000,9.000000,23.468000
5.450000,9.000000,23.468000
5.500000,9.000000,23.468000
5.550000,9.000000,23.468000
5.600000,9.000000,23.468000
5.650000,9.000000,23.468000
5.700000,9.000000,23.468000
5.750000,9.000000,23.468000
5.800000,9.000000,23.468000
5.850000,9.000000,23.468000
5.900000,9.000000,23.468000
5.950000,9.000000,23.468000
6.000000,9.000000,23.468000
0.000000,10.000000,22.853461
0.050000,10.000000,22.807148
0.100000,10.000000,22.814162
0.150000,10.000000,22.900897
0.200000,10.000000,23.097902
0.250000,10.000000,23.439142
0.300000,10.000000,23.960983
0.350000,10.000000,24.700892
0.400000,10.000000,25.695811
0.450000,10.000000,26.980130
0.500000,10.000000,28.583161
0.550000,10.000000,30.526074
0.600000,10.000000,32.818359
0.650000,10.000000,35.454008
0.700000,10.000000,38.407810
0.750000,10.000000,41.632301
0.800000,10.000000,45.056002
0.850000,10.000000,48.583576
0.900000,10.000000,52.098372
0.950000,10.000000,55.467592
1.000000,10.000000,58.549929
1.050000,10.000000,61.205158
1.100000,10.000000,63.304772
1.150000,10.000000,64.742546
1.200000,10.000000,65.443780
1.250000,10.000000,65.372072
1.300000,10.000000,64.532775
1.350000,10.000000,62.972656
1.400000,10.000000,60.775808
1.450000,10.000000,58.056306
1.500000,10.000000,54.948532
1.550000,10.000000,51.596302
1.600000,10.000000,48.142041
1.650000,10.000000,44.717128
1.700000,10.000000,41.434267
1.750000,10.000000,38.382446
1.800000,10.000000,35.624611
1.850000,10.000000,33.197891
1.900000,10.000000,31.115913
1.950000,10.000000,29.372597
2.000000,10.000000,27.946767
2.050000,10.000000,26.806958
2.100000,10.000000,25.915913
2.150000,10.000000,25.234420
2.200000,10.000000,24.724295
2.250000,10.000000,24.350459
2.300000,10.000000,24.082176
2.350000,10.000000,23.893591
2.400000,10.000000,23.763719
2.450000,10.000000,23.676082
2.500000,10.000000,23.618126
2.550000,10.000000,23.580560
2.600000,10.000000,23.556691
2.650000,10.000000,23.541822
2.700000,10.000000,23.532741
2.750000,10.000000,23.527303
2.800000,10.000000,23.524109
2.850000,10.000000,23.522270
2.900000,10.000000,23.521231
2.950000,10.000000,23.520655
3.000000,10.000000,23.520342
3.050000,10.000000,23.520176
3.100000,10.000000,23.520088
3.150000,10.000000,23.520044
3.200000,10.000000,23.520021
3.250000,10.000000,23.520010
3.300000,10.000000,23.520005
3.350000,10.000000,23.520002
3.400000,10.000000,23.520001
3.450000,10.000000,23.520000
3.500000,10.000000,23.520000
3.550000,10.000000,23.520000
3.600000,10.000000,23.520000
3.650000,10.000000,23.520000
3.700000,10.000000,23.520000
3.750000,10.000000,23.520000
3.800000,10.000000,23.520000
3.850000,10.000000,23.520000
3.900000,10.000000,23.520000
3.950000,10.000000,23.520000
4.000000,10.000000,23.520000
4.050000,10.000000,23.520000
4.100000,10.000000,23.520000
4.150000,10.000000,23.520000
4.200000,10.000000,23.520000
4.250000,10.000000,23.520000
4.300000,10.000000,23.520000
4.350000,10.000000,23.520000
4.400000,10.000000,23.520000
4.450000,10.000000,23.520000
4.500000,10.000000,23.520000
4.550000,10.000000,23.520000
4.600000,10.000000,23.520000
4.650000,10.000000,23.520000
4.700000,10.000000,23.520000
4.750000,10.000000,23.520000
4.800000,10.000000,23.520000
4.850000,10.000000,23.520000
4.900000,10.000000,23.520000
4.950000,10.000000,23.520000
5.000000,10.000000,23.520000
5.050000,10.000000,23.520000
5.100000,10.000000,23.520000
5.150000,10.000000,23.520000
5.200000,10.000000,23.520000
5.250000,10.000000,23.520000
5.300000,10.000000,23.520000
5.350000,10.000000,23.520000
5.400000,10.000000,23.520000
5.450000,10.000000,23.520000
5.500000,10.000000,23.520000
5.550000,10.000000,23.520000
5.600000,10.000000,23.520000
5.650000,10.000000,23.520000
5.700000,10.000000,23.520000
5.750000,10.000000,23.520000
5.800000,10.000000,23.520000
5.850000,10.000000,23.520000
5.900000,10.000000,23.520000
5.950000,10.000000,23.520000
6.000000,10.000000,23.520000
0.000000,11.000000,22.800484
0.050000,11.000000,22.726234
0.100000,11.000000,22.699721
0.150000,11.000000,22.746280
0.200000,11.000000,22.895140
0.250000,11.000000,23.178720
0.300000,11.000000,23.631724
0.350000,11.000000,24.290057
0.400000,11.000000,25.189529
0.450000,11.000000,26.364230
0.500000,11.000000,27.844456
0.550000,11.000000,29.654082
0.600000,11.000000,31.807332
0.650000,11.000000,34.305097
0.700000,11.000000,37.131086
0.750000,11.000000,40.248321
0.800000,11.000000,43.596606
0.850000,11.000000,47.091632
0.900000,11.000000,50.626326
0.950000,11.000000,54.074774
1.000000,11.000000,57.298779
1.050000,11.000000,60.156669
1.100000,11.000000,62.513618
1.150000,11.000000,64.252425
1.200000,11.000000,65.283514
1.250000,11.000000,65.552954
1.300000,11.000000,65.047483
1.350000,11.000000,63.795873
1.400000,11.000000,61.866471
1.450000,11.000000,59.361197
1.500000,11.000000,56.406763
1.550000,11.000000,53.144176
1.600000,11.000000,49.717741
1.650000,11.000000,46.264765
1.700000,11.000000,42.906944
1.750000,11.000000,39.744145
1.800000,11.000000,36.850885
1.850000,11.000000,34.275479
1.900000,11.000000,32.041499
1.950000,11.000000,30.150999
2.000000,11.000000,28.588852
2.050000,11.000000,27.327539
2.100000,11.000000,26.331831
2.150000,11.000000,25.562959
2.200000,11.000000,24.981975
2.250000,11.000000,24.552234
2.300000,11.000000,24.240987
2.350000,11.000000,24.020204
2.400000,11.000000,23.866783
2.450000,11.000000,23.762326
2.500000,11.000000,23.692632
2.550000,11.000000,23.647058
2.600000,11.000000,23.617846
2.650000,11.000000,23.599490
2.700000,11.000000,23.588182
2.750000,11.000000,23.581350
2.800000,11.000000,23.577304
2.850000,11.000000,23.574954
2.900000,11.000000,23.573615
2.950000,11.000000,23.572867
3.000000,11.000000,23.572456
3.050000,11.000000,23.572236
3.100000,11.000000,23.572120
3.150000,11.000000,23.572060
3.200000,11.000000,23.572029
3.250000,11.000000,23.572014
3.300000,11.000000,23.572007
3.350000,11.000000,23.572003
3.400000,11.000000,23.572001
3.450000,11.000000,23.572001
3.500000,11.000000,23.572000
3.550000,11.000000,23.572000
3.600000,11.000000,23.572000
3.650000,11.000000,23.572000
3.700000,11.000000,23.572000
3.750000,11.000000,23.572000
3.800000,11.000000,23.572000
3.850000,11.000000,23.572000
3.900000,11.000000,23.572000
3.950000,11.000000,23.572000
4.000000,11.000000,23.572000
4.050000,11.000000,23.572000
4.100000,11.000000,23.572000
4.150000,11.000000,23.572000
4.200000,11.000000,23.572000
4.250000,11.000000,23.572000
4.300000,11.000000,23.572000
4.350000,11.000000,23.572000
4.400000,11.000000,23.572000
4.450000,11.000000,23.572000
4.500000,11.000000,23.572000
4.550000,11.000000,23.572000
4.600000,11.000000,23.572000
4.650000,11.000000,23.572000
4.700000,11.000000,23.572000
4.750000,11.000000,23.572000
4.800000,11.000000,23.572000
4.850000,11.000000,23.572000
4.900000,11.000000,23.572000
4.950000,11.000000,23.572000
5.000000,11.000000,23.572000
5.050000,11.000000,23.572000
5.100000,11.000000,23.572000
5.150000,11.000000,23.572000
5.200000,11.000000,23.572000
5.250000,11.000000,23.572000
5.300000,11.000000,23.572000
5.350000,11.000000,23.572000
5.400000,11.000000,23.572000
5.450000,11.000000,23.572000
5.500000,11.000000,23.572000
5.550000,11.000000,23.572000
5.600000,11.000000,23.572000
5.650000,11.000000,23.572000
5.700000,11.000000,23.572000
5.750000,11.000000,23.572000
5.800000,11.000000,23.572000
5.850000,11.000000,23.572000
5.900000,11.000000,23.572000
5.950000,11.000000,23.572000
6.000000,11.000000,23.572000
0.000000,12.000000,22.754355
0.050000,12.000000,22.654699
0.100000,12.000000,22.597906
0.150000,12.000000,22.608352
0.200000,12.000000,22.714018
0.250000,12.000000,22.945782
0.300000,12.000000,23.336605
0.350000,12.000000,23.920628
0.400000,12.000000,24.732168
0.450000,12.000000,25.804488
0.500000,12.000000,27.168179
0.550000,12.000000,28.848983
0.600000,12.000000,30.864949
0.650000,12.000000,33.222963
0.700000,12.000000,35.914875
0.750000,12.000000,38.913668
0.800000,12.000000,42.170273
0.850000,12.000000,45.611743
0.900000,12.000000,49.141430
0.950000,12.000000,52.641676
1.000000,12.000000,55.979189
1.050000,12.000000,59.012926
1.100000,12.000000,61.603887
1.150000,12.000000,63.625863
1.200000,12.000000,64.975976
1.250000,12.000000,65.583738
1.300000,12.000000,65.417525
1.350000,12.000000,64.487619
1.400000,12.000000,62.845435
1.450000,12.000000,60.579010
1.500000,12.000000,57.805331
1.550000,12.000000,54.660443
1.600000,12.000000,51.288520
1.650000,12.000000,47.831118
1.700000,12.000000,44.417713
1.750000,12.000000,41.158372
1.800000,12.000000,38.139022
1.850000,12.000000,35.419450
1.900000,12.000000,33.033806
1.950000,12.000000,30.993131
2.000000,12.000000,29.289278
2.050000,12.000000,27.899586
2.100000,12.000000,26.791666
2.150000,12.000000,25.927841
2.200000,12.000000,25.268884
2.250000,12.000000,24.776888
2.300000,12.000000,24.417247
2.350000,12.000000,24.159796
2.400000,12.000000,23.979271
2.450000,12.000000,23.855254
2.500000,12.000000,23.771771
2.550000,12.000000,23.716695
2.600000,12.000000,23.681081
2.650000,12.000000,23.658507
2.700000,12.000000,23.644478
2.750000,12.000000,23.635930
2.800000,12.000000,23.630822
2.850000,12.000000,23.627830
2.900000,12.000000,23.626111
2.950000,12.000000,23.625142
3.000000,12.000000,23.624607
3.050000,12.000000,23.624316
3.100000,12.000000,23.624162
3.150000,12.000000,23.624081
3.200000,12.000000,23.624040
3.250000,12.000000,23.624019
3.300000,12.000000,23.624009
3.350000,12.000000,23.624004
3.400000,12.000000,23.624002
3.450000,12.000000,23.624001
3.500000,12.000000,23.624000
3.550000,12.000000,23.624000
3.600000,12.000000,23.624000
3.650000,12.000000,23.624000
3.700000,12.000000,23.624000
3.750000,12.000000,23.624000
3.800000,12.000000,23.624000
3.850000,12.000000,23.624000
3.900000,12.000000,23.624000
3.950000,12.000000,23.624000
4.000000,12.000000,23.624000
4.050000,12.000000,23.624000
4.100000,12.000000,23.624000
4.150000,12.000000,23.624000
4.200000,12.000000,23.624000
4.250000,12.000000,23.624000
4.300000,12.000000,23.624000
4.350000,12.000000,23.624000
4.400000,12.000000,23.624000
4.450000,12.000000,23.624000
4.500000,12.000000,23.624000
4.550000,12.000000,23.624000
4.600000,12.000000,23.624000
4.650000,12.000000,23.624000
4.700000,12.000000,23.624000
4.750000,12.000000,23.624000
4.800000,12.000000,23.624000
4.850000,12.000000,23.624000
4.900000,12.000000,23.624000
4.950000,12.000000,23.624000
5.000000,12.000000,23.624000
5.050000,12.000000,23.624000
5.100000,12.000000,23.624000
5.150000,12.000000,23.624000
5.200000,12.000000,23.624000
5.250000,12.000000,23.624000
5.300000,12.000000,23.624000
5.350000,12.000000,23.624000
5.400000,12.000000,23.624000
5.450000,12.000000,23.624000
5.500000,12.000000,23.624000
5.550000,12.000000,23.624000
5.600000,12.000000,23.624000
5.650000,12.000000,23.624000
5.700000,12.000000,23.624000
5.750000,12.000000,23.624000
5.800000,12.000000,23.624000
5.850000,12.000000,23.624000
5.900000,12.000000,23.624000
5.950000,12.000000,23.624000
6.000000,12.000000,23.624000
0.000000,13.000000,22.714241
0.050000,13.000000,22.591425
0.100000,13.000000,22.507257
0.150000,13.000000,22.485262
0.200000,13.000000,22.552260
0.250000,13.000000,22.737631
0.300000,13.000000,23.072556
0.350000,13.000000,23.589267
0.400000,13.000000,24.320305
0.450000,13.000000,25.297657
0.500000,13.000000,26.551589
0.550000,13.000000,28.108933
0.600000,13.000000,29.990677
0.650000,13.000000,32.208780
0.700000,13.000000,34.762382
0.750000,13.000000,37.633771
0.800000,13.000000,40.784677
0.850000,13.000000,44.153615
0.900000,13.000000,47.654984
0.950000,13.000000,51.180524
1.000000,13.000000,54.603474
1.050000,13.000000,57.785398
1.100000,13.000000,60.585260
1.150000,13.000000,62.869925
1.200000,13.000000,64.524983
1.250000,13.000000,65.464644
1.300000,13.000000,65.639505
1.350000,13.000000,65.041191
1.400000,13.000000,63.703289
1.450000,13.000000,61.698441
1.500000,13.000000,59.131968
1.550000,13.000000,56.132815
1.600000,13.000000,52.842923
1.650000,13.000000,49.406251
1.700000,13.000000,45.958631
1.750000,13.000000,42.619408
1.800000,13.000000,39.485533
1.850000,13.000000,36.628372
1.900000,13.000000,34.093151
1.950000,13.000000,31.900661
2.000000,13.000000,30.050651
2.050000,13.000000,28.526251
2.100000,13.000000,27.298776
2.150000,13.000000,26.332367
2.200000,13.000000,25.588072
2.250000,13.000000,25.027107
2.300000,13.000000,24.613226
2.350000,13.000000,24.314218
2.400000,13.000000,24.102641
2.450000,13.000000,23.955979
2.500000,13.000000,23.856367
2.550000,13.000000,23.790067
2.600000,13.000000,23.746816
2.650000,13.000000,23.719159
2.700000,13.000000,23.701822
2.750000,13.000000,23.691166
2.800000,13.000000,23.684744
2.850000,13.000000,23.680949
2.900000,13.000000,23.678750
2.950000,13.000000,23.677500
3.000000,13.000000,23.676803
3.050000,13.000000,23.676422
3.100000,13.000000,23.676218
3.150000,13.000000,23.676110
3.200000,13.000000,23.676055
3.250000,13.000000,23.676027
3.300000,13.000000,23.676013
3.350000,13.000000,23.676006
3.400000,13.000000,23.676003
3.450000,13.000000,23.676001
3.500000,13.000000,23.676001
3.550000,13.000000,23.676000
3.600000,13.000000,23.676000
3.650000,13.000000,23.676000
3.700000,13.000000,23.676000
3.750000,13.000000,23.676000
3.800000,13.000000,23.676000
3.850000,13.000000,23.676000
3.900000,13.000000,23.676000
3.950000,13.000000,23.676000
4.000000,13.000000,23.676000
4.050000,13.000000,23.676000
4.100000,13.000000,23.676000
4.150000,13.000000,23.676000
4.200000,13.000000,23.676000
4.250000,13.000000,23.676000
4.300000,13.000000,23.676000
4.350000,13.000000,23.676000
4.400000,13.000000,23.676000
4.450000,13.000000,23.676000
4.500000,13.000000,23.676000
4.550000,13.000000,23.676000
4.600000,13.000000,23.676000
4.650000,13.000000,23.676000
4.700000,13.000000,23.676000
4.750000,13.000000,23.676000
4.800000,13.000000,23.676000
4.850000,13.000000,23.676000
4.900000,13.000000,23.676000
4.950000,13.000000,23.676000
5.000000,13.000000,23.676000
5.050000,13.000000,23.676000
5.100000,13.000000,23.676000
5.150000,13.000000,23.676000
5.200000,13.000000,23.676000
5.250000,13.000000,23.676000
5.300000,13.000000,23.676000
5.350000,13.000000,23.676000
5.400000,13.000000,23.676000
5.450000,13.000000,23.676000
5.500000,13.000000,23.676000
5.550000,13.000000,23.676000
5.600000,13.000000,23.676000
5.650000,13.000000,23.676000
5.700000,13.000000,23.676000
5.750000,13.000000,23.676000
5.800000,13.000000,23.676000
5.850000,13.000000,23.676000
5.900000,13.000000,23.676000
5.950000,13.000000,23.676000
6.000000,13.000000,23.676000
0.000000,14.000000,22.679416
0.050000,14.000000,22.535427
0.100000,14.000000,22.426469
0.150000,14.000000,22.375334
0.200000,14.000000,22.407778
0.250000,14.000000,22.551752
0.300000,14.000000,22.836662
0.350000,14.000000,23.292740
0.400000,14.000000,23.950533
0.450000,14.000000,24.840382
0.500000,14.000000,25.991682
0.550000,14.000000,27.431648
0.600000,14.000000,29.183357
0.650000,14.000000,31.262926
0.700000,14.000000,33.675887
0.750000,14.000000,36.413070
0.800000,14.000000,39.446516
0.850000,14.000000,42.726101
0.900000,14.000000,46.177655
0.950000,14.000000,49.703231
1.000000,14.000000,53.184024
1.050000,14.000000,56.486045
1.100000,14.000000,59.468319
1.150000,14.000000,61.992917
1.200000,14.000000,63.935836
1.250000,14.000000,65.197495
1.300000,14.000000,65.711601
1.350000,14.000000,65.451285
1.400000,14.000000,64.431724
1.450000,14.000000,62.708908
1.500000,14.000000,60.374712
1.550000,14.000000,57.548898
1.600000,14.000000,54.369030
1.650000,14.000000,50.979490
1.700000,14.000000,47.520833
1.750000,14.000000,44.120537
1.800000,14.000000,40.885960
1.850000,14.000000,37.899943
1.900000,14.000000,35.219123
1.950000,14.000000,32.874712
2.000000,14.000000,30.875216
2.050000,14.000000,29.210494
2.100000,14.000000,27.856468
2.150000,14.000000,26.779891
2.200000,14.000000,25.942718
2.250000,14.000000,25.305747
2.300000,14.000000,24.831382
2.350000,14.000000,24.485501
2.400000,14.000000,24.238517
2.450000,14.000000,24.065759
2.500000,14.000000,23.947368
2.550000,14.000000,23.867865
2.600000,14.000000,23.815541
2.650000,14.000000,23.781788
2.700000,14.000000,23.760444
2.750000,14.000000,23.747211
2.800000,14.000000,23.739167
2.850000,14.000000,23.734372
2.900000,14.000000,23.731569
2.950000,14.000000,23.729963
3.000000,14.000000,23.729060
3.050000,14.000000,23.728562
3.100000,14.000000,23.728292
3.150000,14.000000,23.728149
3.200000,14.000000,23.728075
3.250000,14.000000,23.728037
3.300000,14.000000,23.728018
3.350000,14.000000,23.728008
3.400000,14.000000,23.728004
3.450000,14.000000,23.728002
3.500000,14.000000,23.728001
3.550000,14.000000,23.728000
3.600000,14.000000,23.728000
3.650000,14.000000,23.728000
3.700000,14.000000,23.728000
3.750000,14.000000,23.728000
3.800000,14.000000,23.728000
3.850000,14.000000,23.728000
3.900000,14.000000,23.728000
3.950000,14.000000,23.728000
4.000000,14.000000,23.728000
4.050000,14.000000,23.728000
4.100000,14.000000,23.728000
4.150000,14.000000,23.728000
4.200000,14.000000,23.728000
4.250000,14.000000,23.728000
4.300000,14.000000,23.728000
4.350000,14.000000,23.728000
4.400000,14.000000,23.728000
4.450000,14.000000,23.728000
4.500000,14.000000,23.728000
4.550000,14.000000,23.728000
4.600000,14.000000,23.728000
4.650000,14.000000,23.728000
4.700000,14.000000,23.728000
4.750000,14.000000,23.728000
4.800000,14.000000,23.728000
4.850000,14.000000,23.728000
4.900000,14.000000,23.728000
4.950000,14.000000,23.728000
5.000000,14.000000,23.728000
5.050000,14.000000,23.728000
5.100000,14.000000,23.728000
5.150000,14.000000,23.728000
5.200000,14.000000,23.728000
5.250000,14.000000,23.728000
5.300000,14.000000,23.728000
5.350000,14.000000,23.728000
5.400000,14.000000,23.728000
5.450000,14.000000,23.728000
5.500000,14.000000,23.728000
5.550000,14.000000,23.728000
5.600000,14.000000,23.728000
5.650000,14.000000,23.728000
5.700000,14.000000,23.728000
5.750000,14.000000,23.728000
5.800000,14.000000,23.728000
5.850000,14.000000,23.728000
5.900000,14.000000,23.728000
5.950000,14.000000,23.728000
6.000000,14.000000,23.728000
0.000000,15.000000,22.649251
0.050000,15.000000,22.485838
0.100000,15.000000,22.354383
0.150000,15.000000,22.277059
0.200000,15.000000,22.278669
0.250000,15.000000,22.385819
0.300000,15.000000,22.626178
0.350000,15.000000,23.027938
0.400000,15.000000,23.619498
0.450000,15.000000,24.429253
0.500000,15.000000,25.485260
0.550000,15.000000,26.814480
0.600000,15.000000,28.441289
0.650000,15.000000,30.385060
0.700000,15.000000,32.656795
0.750000,15.000000,35.255035
0.800000,15.000000,38.161498
0.850000,15.000000,41.337137
0.900000,15.000000,44.719370
0.950000,15.000000,48.221248
1.000000,15.000000,51.733124
1.050000,15.000000,55.127133
1.100000,15.000000,58.264365
1.150000,15.000000,61.004248
1.200000,15.000000,63.215239
1.250000,15.000000,64.785686
1.300000,15.000000,65.633591
1.350000,15.000000,65.714085
1.400000,15.000000,65.023677
1.450000,15.000000,63.600726
1.500000,15.000000,61.522091
1.550000,15.000000,58.896373
1.600000,15.000000,55.854610
1.650000,15.000000,52.539529
1.700000,15.000000,49.094604
1.750000,15.000000,45.654075
1.800000,15.000000,42.334854
1.850000,15.000000,39.230934
1.900000,15.000000,36.410522
1.950000,15.000000,33.915782
2.000000,15.000000,31.764774
2.050000,15.000000,29.955006
2.100000,15.000000,28.467935
2.150000,15.000000,27.273776
2.200000,15.000000,26.336101
2.250000,15.000000,25.615822
2.300000,15.000000,25.074352
2.350000,15.000000,24.675867
2.400000,15.000000,24.388701
2.450000,15.000000,24.186008
2.500000,15.000000,24.045848
2.550000,15.000000,23.950884
2.600000,15.000000,23.887830
2.650000,15.000000,23.846796
2.700000,15.000000,23.820619
2.750000,15.000000,23.804248
2.800000,15.000000,23.794210
2.850000,15.000000,23.788175
2.900000,15.000000,23.784617
2.950000,15.000000,23.782559
3.000000,15.000000,23.781393
3.050000,15.000000,23.780744
3.100000,15.000000,23.780390
3.150000,15.000000,23.780201
3.200000,15.000000,23.780102
3.250000,15.000000,23.780050
3.300000,15.000000,23.780025
3.350000,15.000000,23.780012
3.400000,15.000000,23.780006
3.450000,15.000000,23.780003
3.500000,15.000000,23.780001
3.550000,15.000000,23.780001
3.600000,15.000000,23.780000
3.650000,15.000000,23.780000
3.700000,15.000000,23.780000
3.750000,15.000000,23.780000
3.800000,15.000000,23.780000
3.850000,15.000000,23.780000
3.900000,15.000000,23.780000
3.950000,15.000000,23.780000
4.000000,15.000000,23.780000
4.050000,15.000000,23.780000
4.100000,15.000000,23.780000
4.150000,15.000000,23.780000
4.200000,15.000000,23.780000
4.250000,15.000000,23.780000
4.300000,15.000000,23.780000
4.350000,15.000000,23.780000
4.400000,15.000000,23.780000
4.450000,15.000000,23.780000
4.500000,15.000000,23.780000
4.550000,15.000000,23.780000
4.600000,15.000000,23.780000
4.650000,15.000000,23.780000
4.700000,15.000000,23.780000
4.750000,15.000000,23.780000
4.800000,15.000000,23.780000
4.850000,15.000000,23.780000
4.900000,15.000000,23.780000
4.950000,15.000000,23.780000
5.000000,15.000000,23.780000
5.050000,15.000000,23.780000
5.100000,15.000000,23.780000
5.150000,15.000000,23.780000
5.200000,15.000000,23.780000
5.250000,15.000000,23.780000
5.300000,15.000000,23.780000
5.350000,15.000000,23.780000
5.400000,15.000000,23.780000
5.450000,15.000000,23.780000
5.500000,15.000000,23.780000
5.550000,15.000000,23.780000
5.600000,15.000000,23.780000
5.650000,15.000000,23.780000
5.700000,15.000000,23.780000
5.750000,15.000000,23.780000
5.800000,15.000000,23.780000
5.850000,15.000000,23.780000
5.900000,15.000000,23.780000
5.950000,15.000000,23.780000
6.000000,15.000000,23.780000
0.000000,16.000000,22.623199
0.050000,16.000000,22.441901
0.100000,16.000000,22.289976
0.150000,16.000000,22.189090
0.200000,16.000000,22.163208
0.250000,16.000000,22.237693
0.300000,16.000000,22.438542
0.350000,16.000000,22.791906
0.400000,16.000000,23.323938
0.450000,16.000000,24.060858
0.500000,16.000000,25.028997
0.550000,16.000000,26.254498
0.600000,16.000000,27.762306
0.650000,16.000000,29.574192
0.700000,16.000000,31.705704
0.750000,16.000000,34.162198
0.800000,16.000000,36.934337
0.850000,16.000000,39.993693
0.900000,16.000000,43.289228
0.950000,16.000000,46.745430
1.000000,16.000000,50.262792
1.050000,16.000000,53.721050
1.100000,16.000000,56.985245
1.150000,16.000000,59.914272
1.200000,16.000000,62.371173
1.250000,16.000000,64.234124
1.300000,16.000000,65.406864
1.350000,16.000000,65.827335
1.400000,16.000000,65.473452
1.450000,16.000000,64.365274
1.500000,16.000000,62.563309
1.550000,16.000000,60.163176
1.600000,16.000000,57.287282
1.650000,16.000000,54.074560
1.700000,16.000000,50.669459
1.750000,16.000000,47.211403
1.800000,16.000000,43.825771
1.850000,16.000000,40.617156
1.900000,16.000000,37.665288
1.950000,16.000000,35.023668
2.000000,16.000000,32.720606
2.050000,16.000000,30.762138
2.100000,16.000000,29.136195
2.150000,16.000000,27.817350
2.200000,16.000000,26.771564
2.250000,16.000000,25.960476
2.300000,16.000000,25.344948
2.350000,16.000000,24.887720
2.400000,16.000000,24.555174
2.450000,16.000000,24.318302
2.500000,16.000000,24.153025
2.550000,16.000000,24.040037
2.600000,16.000000,23.964347
2.650000,16.000000,23.914652
2.700000,16.000000,23.882672
2.750000,16.000000,23.862496
2.800000,16.000000,23.850017
2.850000,16.000000,23.842450
2.900000,16.000000,23.837950
2.950000,16.000000,23.835326
3.000000,16.000000,23.833825
3.050000,16.000000,23.832983
3.100000,16.000000,23.832520
3.150000,16.000000,23.832270
3.200000,16.000000,23.832137
3.250000,16.000000,23.832069
3.300000,16.000000,23.832034
3.350000,16.000000,23.832016
3.400000,16.000000,23.832008
3.450000,16.000000,23.832004
3.500000,16.000000,23.832002
3.550000,16.000000,23.832001
3.600000,16.000000,23.832000
3.650000,16.000000,23.832000
3.700000,16.000000,23.832000
3.750000,16.000000,23.832000
3.800000,16.000000,23.832000
3.850000,16.000000,23.832000
3.900000,16.000000,23.832000
3.950000,16.000000,23.832000
4.000000,16.000000,23.832000
4.050000,16.000000,23.832000
4.100000,16.000000,23.832000
4.150000,16.000000,23.832000
4.200000,16.000000,23.832000
4.250000,16.000000,23.832000
4.300000,16.000000,23.832000
4.350000,16.000000,23.832000
4.400000,16.000000,23.832000
4.450000,16.000000,23.832000
4.500000,16.000000,23.832000
4.550000,16.000000,23.832000
4.600000,16.000000,23.832000
4.650000,16.000000,23.832000
4.700000,16.000000,23.832000
4.750000,16.000000,23.832000
4.800000,16.000000,23.832000
4.850000,16.000000,23.832000
4.900000,16.000000,23.832000
4.950000,16.000000,23.832000
5.000000,16.000000,23.832000
5.050000,16.000000,23.832000
5.100000,16.000000,23.832000
5.150000,16.000000,23.832000
5.200000,16.000000,23.832000
5.250000,16.000000,23.832000
5.300000,16.000000,23.832000
5.350000,16.000000,23.832000
5.400000,16.000000,23.832000
5.450000,16.000000,23.832000
5.500000,16.000000,23.832000
5.550000,16.000000,23.832000
5.600000,16.000000,23.832000
5.650000,16.000000,23.832000
5.700000,16.000000,23.832000
5.750000,16.000000,23.832000
5.800000,16.000000,23.832000
5.850000,16.000000,23.832000
5.900000,16.000000,23.832000
5.950000,16.000000,23.832000
6.000000,16.000000,23.832000
0.000000,17.000000,22.600789
0.050000,17.000000,22.402957
0.100000,17.000000,22.232347
0.150000,17.000000,22.110227
0.200000,17.000000,22.059843
0.250000,17.000000,22.105423
0.300000,17.000000,22.271378
0.350000,17.000000,22.581856
0.400000,17.000000,23.060714
0.450000,17.000000,23.731831
0.500000,17.000000,24.619500
0.550000,17.000000,25.748557
0.600000,17.000000,27.143861
0.650000,17.000000,28.828768
0.700000,17.000000,30.822467
0.750000,17.000000,33.136206
0.800000,17.000000,35.768768
0.850000,17.000000,38.701753
0.900000,17.000000,41.895420
0.950000,17.000000,45.285917
1.000000,17.000000,48.784618
1.050000,17.000000,52.280128
1.100000,17.000000,55.643159
1.150000,17.000000,58.734112
1.200000,17.000000,61.412762
1.250000,17.000000,63.549140
1.300000,17.000000,65.034391
1.350000,17.000000,65.790376
1.400000,17.000000,65.776820
1.450000,17.000000,64.995133
1.500000,17.000000,63.488421
1.550000,17.000000,61.337683
1.600000,17.000000,58.654687
1.650000,17.000000,55.572422
1.700000,17.000000,52.234252
1.750000,17.000000,48.783029
1.800000,17.000000,45.351288
1.850000,17.000000,42.053429
1.900000,17.000000,38.980448
1.950000,17.000000,36.197391
2.000000,17.000000,33.743387
2.050000,17.000000,31.633820
2.100000,17.000000,29.864021
2.150000,17.000000,28.413843
2.200000,17.000000,27.252473
2.250000,17.000000,26.342965
2.300000,17.000000,25.646143
2.350000,17.000000,25.123650
2.400000,17.000000,24.740104
2.450000,17.000000,24.464395
2.500000,17.000000,24.270269
2.550000,17.000000,24.136363
2.600000,17.000000,24.045857
2.650000,17.000000,23.985907
2.700000,17.000000,23.946987
2.750000,17.000000,23.922218
2.800000,17.000000,23.906764
2.850000,17.000000,23.897311
2.900000,17.000000,23.891640
2.950000,17.000000,23.888305
3.000000,17.000000,23.886382
3.050000,17.000000,23.885293
3.100000,17.000000,23.884689
3.150000,17.000000,23.884361
3.200000,17.000000,23.884185
3.250000,17.000000,23.884093
3.300000,17.000000,23.884046
3.350000,17.000000,23.884022
3.400000,17.000000,23.884011
3.450000,17.000000,23.884005
3.500000,17.000000,23.884002
3.550000,17.000000,23.884001
3.600000,17.000000,23.884000
3.650000,17.000000,23.884000
3.700000,17.000000,23.884000
3.750000,17.000000,23.884000
3.800000,17.000000,23.884000
3.850000,17.000000,23.884000
3.900000,17.000000,23.884000
3.950000,17.000000,23.884000
4.000000,17.000000,23.884000
4.050000,17.000000,23.884000
4.100000,17.000000,23.884000
4.150000,17.000000,23.884000
4.200000,17.000000,23.884000
4.250000,17.000000,23.884000
4.300000,17.000000,23.884000
4.350000,17.000000,23.884000
4.400000,17.000000,23.884000
4.450000,17.000000,23.884000
4.500000,17.000000,23.884000
4.550000,17.000000,23.884000
4.600000,17.000000,23.884000
4.650000,17.000000,23.884000
4.700000,17.000000,23.884000
4.750000,17.000000,23.884000
4.800000,17.000000,23.884000
4.850000,17.000000,23.884000
4.900000,17.000000,23.884000
4.950000,17.000000,23.884000
5.000000,17.000000,23.884000
5.050000,17.000000,23.884000
5.100000,17.000000,23.884000
5.150000,17.000000,23.884000
5.200000,17.000000,23.884000
5.250000,17.000000,23.884000
5.300000,17.000000,23.884000
5.350000,17.000000,23.884000
5.400000,17.000000,23.884000
5.450000,17.000000,23.884000
5.500000,17.000000,23.884000
5.550000,17.000000,23.884000
5.600000,17.000000,23.884000
5.650000,17.000000,23.884000
5.700000,17.000000,23.884000
5.750000,17.000000,23.884000
5.800000,17.000000,23.884000
5.850000,17.000000,23.884000
5.900000,17.000000,23.884000
5.950000,17.000000,23.884000
6.000000,17.000000,23.884000
0.000000,18.000000,22.581616
0.050000,18.000000,22.368432
0.100000,18.000000,22.180705
0.150000,18.000000,22.039409
0.200000,18.000000,21.967181
0.250000,18.000000,21.987235
0.300000,18.000000,22.122499
0.350000,18.000000,22.395178
0.400000,18.000000,22.826832
0.450000,18.000000,23.438890
0.500000,18.000000,24.253360
0.550000,18.000000,25.293368
0.600000,18.000000,26.583099
0.650000,18.000000,28.146749
0.700000,18.000000,30.006269
0.750000,18.000000,32.177873
0.800000,18.000000,34.667581
0.850000,18.000000,37.466303
0.900000,18.000000,40.545189
0.950000,18.000000,43.852045
1.000000,18.000000,47.309634
1.050000,18.000000,50.816474
1.100000,18.000000,54.250483
1.150000,18.000000,57.475484
1.200000,18.000000,60.350118
1.250000,18.000000,62.738379
1.300000,18.000000,64.520675
1.350000,18.000000,65.604159
1.400000,18.000000,65.931093
1.450000,18.000000,65.484224
1.500000,18.000000,64.288499
1.550000,18.000000,62.408896
1.600000,18.000000,59.944674
1.650000,18.000000,57.020757
1.700000,18.000000,53.777299
1.750000,18.000000,50.358668
1.800000,18.000000,46.903033
1.850000,18.000000,43.533581
1.900000,18.000000,40.352079
1.950000,18.000000,37.435130
2.000000,18.000000,34.833114
2.050000,18.000000,32.571483
2.100000,18.000000,30.653864
2.150000,18.000000,29.066328
2.200000,18.000000,27.782170
2.250000,18.000000,26.766618
2.300000,18.000000,25.981048
2.350000,18.000000,25.386424
2.400000,18.000000,24.945848
2.450000,18.000000,24.626218
2.500000,18.000000,24.399112
2.550000,18.000000,24.241039
2.600000,18.000000,24.133240
2.650000,18.000000,24.061199
2.700000,18.000000,24.014015
2.750000,18.000000,23.983723
2.800000,18.000000,23.964658
2.850000,18.000000,23.952894
2.900000,18.000000,23.945776
2.950000,18.000000,23.941554
3.000000,18.000000,23.939097
3.050000,18.000000,23.937696
3.100000,18.000000,23.936911
3.150000,18.000000,23.936481
3.200000,18.000000,23.936249
3.250000,18.000000,23.936127
3.300000,18.000000,23.936063
3.350000,18.000000,23.936031
3.400000,18.000000,23.936015
3.450000,18.000000,23.936007
3.500000,18.000000,23.936003
3.550000,18.000000,23.936001
3.600000,18.000000,23.936001
3.650000,18.000000,23.936000
3.700000,18.000000,23.936000
3.750000,18.000000,23.936000
3.800000,18.000000,23.936000
3.850000,18.000000,23.936000
3.900000,18.000000,23.936000
3.950000,18.000000,23.936000
4.000000,18.000000,23.936000
4.050000,18.000000,23.936000
4.100000,18.000000,23.936000
4.150000,18.000000,23.936000
4.200000,18.000000,23.936000
4.250000,18.000000,23.936000
4.300000,18.000000,23.936000
4.350000,18.000000,23.936000
4.400000,18.000000,23.936000
4.450000,18.000000,23.936000
4.500000,18.000000,23.936000
4.550000,18.000000,23.936000
4.600000,18.000000,23.936000
4.650000,18.000000,23.936000
4.700000,18.000000,23.936000
4.750000,18.000000,23.936000
4.800000,18.000000,23.936000
4.850000,18.000000,23.936000
4.900000,18.000000,23.936000
4.950000,18.000000,23.936000
5.000000,18.000000,23.936000
5.050000,18.000000,23.936000
5.100000,18.000000,23.936000
5.150000,18.000000,23.936000
5.200000,18.000000,23.936000
5.250000,18.000000,23.936000
5.300000,18.000000,23.936000
5.350000,18.000000,23.936000
5.400000,18.000000,23.936000
5.450000,18.000000,23.936000
5.500000,18.000000,23.936000
5.550000,18.000000,23.936000
5.600000,18.000000,23.936000
5.650000,18.000000,23.936000
5.700000,18.000000,23.936000
5.750000,18.000000,23.936000
5.800000,18.000000,23.936000
5.850000,18.000000,23.936000
5.900000,18.000000,23.936000
5.950000,18.000000,23.936000
6.000000,18.000000,23.936000
0.000000,19.000000,22.565334
0.050000,19.000000,22.337834
0.100000,19.000000,22.134364
0.150000,19.000000,21.975699
0.200000,19.000000,21.883982
0.250000,19.000000,21.881531
0.300000,19.000000,21.989903
0.350000,19.000000,22.229449
0.400000,19.000000,22.619461
0.450000,19.000000,23.178864
0.500000,19.000000,23.927201
0.550000,19.000000,24.885557
0.600000,19.000000,26.076934
0.650000,19.000000,27.525690
0.700000,19.000000,29.255709
0.750000,19.000000,31.287254
0.800000,19.000000,33.632662
0.850000,19.000000,36.291350
0.900000,19.000000,39.244790
0.950000,19.000000,42.452260
1.000000,19.000000,45.848190
1.050000,19.000000,49.341811
1.100000,19.000000,52.819581
1.150000,19.000000,56.150513
1.200000,19.000000,59.194173
1.250000,19.000000,61.810669
1.300000,19.000000,63.871668
1.350000,19.000000,65.271227
1.400000,19.000000,65.935174
1.450000,19.000000,65.827910
1.500000,19.000000,64.955783
1.550000,19.000000,63.366620
1.600000,19.000000,61.145482
1.650000,19.000000,58.407184
1.700000,19.000000,55.286521
1.750000,19.000000,51.927345
1.800000,19.000000,48.471748
1.850000,19.000000,45.050453
1.900000,19.000000,41.775272
1.950000,19.000000,38.734167
2.000000,19.000000,35.989025
2.050000,19.000000,33.575976
2.100000,19.000000,31.507777
2.150000,19.000000,29.777651
2.200000,19.000000,28.363918
2.250000,19.000000,27.234799
2.300000,19.000000,26.352891
2.350000,19.000000,25.678971
2.400000,19.000000,25.174945
2.450000,19.000000,24.805889
2.500000,19.000000,24.541258
2.550000,19.000000,24.355393
2.600000,19.000000,24.227498
2.650000,19.000000,24.141265
2.700000,19.000000,24.084284
2.750000,19.000000,24.047379
2.800000,19.000000,24.023949
2.850000,19.000000,24.009365
2.900000,19.000000,24.000465
2.950000,19.000000,23.995139
3.000000,19.000000,23.992014
3.050000,19.000000,23.990216
3.100000,19.000000,23.989200
3.150000,19.000000,23.988639
3.200000,19.000000,23.988333
3.250000,19.000000,23.988171
3.300000,19.000000,23.988086
3.350000,19.000000,23.988042
3.400000,19.000000,23.988021
3.450000,19.000000,23.988010
3.500000,19.000000,23.988005
3.550000,19.000000,23.988002
3.600000,19.000000,23.988001
3.650000,19.000000,23.988000
3.700000,19.000000,23.988000
3.750000,19.000000,23.988000
3.800000,19.000000,23.988000
3.850000,19.000000,23.988000
3.900000,19.000000,23.988000
3.950000,19.000000,23.988000
4.000000,19.000000,23.988000
4.050000,19.000000,23.988000
4.100000,19.000000,23.988000
4.150000,19.000000,23.988000
4.200000,19.000000,23.988000
4.250000,19.000000,23.988000
4.300000,19.000000,23.988000
4.350000,19.000000,23.988000
4.400000,19.000000,23.988000
4.450000,19.000000,23.988000
4.500000,19.000000,23.988000
4.550000,19.000000,23.988000
4.600000,19.000000,23.988000
4.650000,19.000000,23.988000
4.700000,19.000000,23.988000
4.750000,19.000000,23.988000
4.800000,19.000000,23.988000
4.850000,19.000000,23.988000
4.900000,19.000000,23.988000
4.950000,19.000000,23.988000
5.000000,19.000000,23.988000
5.050000,19.000000,23.988000
5.100000,19.000000,23.988000
5.150000,19.000000,23.988000
5.200000,19.000000,23.988000
5.250000,19.000000,23.988000
5.300000,19.000000,23.988000
5.350000,19.000000,23.988000
5.400000,19.000000,23.988000
5.450000,19.000000,23.988000
5.500000,19.000000,23.988000
5.550000,19.000000,23.988000
5.600000,19.000000,23.988000
5.650000,19.000000,23.988000
5.700000,19.000000,23.988000
5.750000,19.000000,23.988000
5.800000,19.000000,23.988000
5.850000,19.000000,23.988000
5.900000,19.000000,23.988000
5.950000,19.000000,23.988000
6.000000,19.000000,23.988000
0.000000,20.000000,22.551645
0.050000,20.000000,22.310736
0.100000,20.000000,22.092725
0.150000,20.000000,21.918276
0.200000,20.000000,21.809147
0.250000,20.000000,21.786876
0.300000,20.000000,21.871771
0.350000,20.000000,22.082432
0.400000,20.000000,22.435948
0.450000,20.000000,22.948723
0.500000,20.000000,23.637722
0.550000,20.000000,24.521721
0.600000,20.000000,25.622117
0.650000,20.000000,26.962819
0.700000,20.000000,28.568879
0.750000,20.000000,30.463715
0.800000,20.000000,32.665052
0.850000,20.000000,35.179939
0.900000,20.000000,37.999486
0.950000,20.000000,41.094069
1.000000,20.000000,44.409848
1.050000,20.000000,47.867339
1.100000,20.000000,51.362639
1.150000,20.000000,54.771544
1.200000,20.000000,57.956501
1.250000,20.000000,60.775869
1.300000,20.000000,63.094670
1.350000,20.000000,64.795672
1.400000,20.000000,65.789577
1.450000,20.000000,66.023077
1.500000,20.000000,65.483819
1.550000,20.000000,64.201636
1.600000,20.000000,62.245922
1.650000,20.000000,59.719476
1.700000,20.000000,56.749595
1.750000,20.000000,53.477508
1.800000,20.000000,50.047355
1.850000,20.000000,46.595927
1.900000,20.000000,43.244126
1.950000,20.000000,40.090842
2.000000,20.000000,37.209536
2.050000,20.000000,34.647488
2.100000,20.000000,32.427335
2.150000,20.000000,30.550358
2.200000,20.000000,29.000839
2.250000,20.000000,27.750862
2.300000,20.000000,26.764984
2.350000,20.000000,26.004366
2.400000,20.000000,25.430114
2.450000,20.000000,25.005712
2.500000,20.000000,24.698589
2.550000,20.000000,24.480911
2.600000,20.000000,24.329772
2.650000,20.000000,24.226952
2.700000,20.000000,24.158406
2.750000,20.000000,24.113619
2.800000,20.000000,24.084934
2.850000,20.000000,24.066923
2.900000,20.000000,24.055836
2.950000,20.000000,24.049144
3.000000,20.000000,24.045183
3.050000,20.000000,24.042884
3.100000,20.000000,24.041576
3.150000,20.000000,24.040845
3.200000,20.000000,24.040445
3.250000,20.000000,24.040230
3.300000,20.000000,24.040117
3.350000,20.000000,24.040058
3.400000,20.000000,24.040028
3.450000,20.000000,24.040014
3.500000,20.000000,24.040006
3.550000,20.000000,24.040003
3.600000,20.000000,24.040001
3.650000,20.000000,24.040001
3.700000,20.000000,24.040000
3.750000,20.000000,24.040000
3.800000,20.000000,24.040000
3.850000,20.000000,24.040000
3.900000,20.000000,24.040000
3.950000,20.000000,24.040000
4.000000,20.000000,24.040000
4.050000,20.000000,24.040000
4.100000,20.000000,24.040000
4.150000,20.000000,24.040000
4.200000,20.000000,24.040000
4.250000,20.000000,24.040000
4.300000,20.000000,24.040000
4.350000,20.000000,24.040000
4.400000,20.000000,24.040000
4.450000,20.000000,24.040000
4.500000,20.000000,24.040000
4.550000,20.000000,24.040000
4.600000,20.000000,24.040000
4.650000,20.000000,24.040000
4.700000,20.000000,24.040000
4.750000,20.000000,24.040000
4.800000,20.000000,24.040000
4.850000,20.000000,24.040000
4.900000,20.000000,24.040000
4.950000,20.000000,24.040000
5.000000,20.000000,24.040000
5.050000,20.000000,24.040000
5.100000,20.000000,24.040000
5.150000,20.000000,24.040000
5.200000,20.000000,24.040000
5.250000,20.000000,24.040000
5.300000,20.000000,24.040000
5.350000,20.000000,24.040000
5.400000,20.000000,24.040000
5.450000,20.000000,24.040000
5.500000,20.000000,24.040000
5.550000,20.000000,24.040000
5.600000,20.000000,24.040000
5.650000,20.000000,24.040000
5.700000,20.000000,24.040000
5.750000,20.000000,24.040000
5.800000,20.000000,24.040000
5.850000,20.000000,24.040000
5.900000,20.000000,24.040000
5.950000,20.000000,24.040000
6.000000,20.000000,24.040000
0.000000,21.000000,22.540298
0.050000,21.000000,22.286774
0.100000,21.000000,22.055270
0.150000,21.000000,21.866425
0.200000,21.000000,21.741706
0.250000,21.000000,21.701991
0.300000,21.000000,21.766461
0.350000,21.000000,21.952081
0.400000,21.000000,22.273821
0.450000,21.000000,22.745597
0.500000,21.000000,23.381724
0.550000,21.000000,24.198478
0.600000,21.000000,25.215297
0.650000,21.000000,26.455113
0.700000,21.000000,27.943441
0.750000,21.000000,29.706013
0.800000,21.000000,31.765010
0.850000,21.000000,34.134202
0.900000,21.000000,36.813550
0.950000,21.000000,39.784003
1.000000,21.000000,43.003306
1.050000,21.000000,46.403603
1.100000,21.000000,49.891500
1.150000,21.000000,53.350963
1.200000,21.000000,56.649132
1.250000,21.000000,59.644705
1.300000,21.000000,62.198200
1.350000,21.000000,64.183061
1.400000,21.000000,65.496413
1.450000,21.000000,66.068191
1.500000,21.000000,65.867564
1.550000,21.000000,64.905849
1.600000,21.000000,63.235564
1.650000,21.000000,60.945745
1.700000,21.000000,58.154130
1.750000,21.000000,54.997170
1.800000,21.000000,51.619055
1.850000,21.000000,48.160981
1.900000,21.000000,44.751749
1.950000,21.000000,41.500516
2.000000,21.000000,38.492179
2.050000,21.000000,35.785470
2.100000,21.000000,33.413554
2.150000,21.000000,31.386620
2.200000,21.000000,29.695849
2.250000,21.000000,28.318098
2.300000,21.000000,27.220687
2.350000,21.000000,26.365809
2.400000,21.000000,25.714241
2.450000,21.000000,25.228178
2.500000,21.000000,24.873172
2.550000,21.000000,24.619249
2.600000,21.000000,24.441345
2.650000,21.000000,24.319229
2.700000,21.000000,24.237091
2.750000,21.000000,24.182947
2.800000,21.000000,24.147964
2.850000,21.000000,24.125806
2.900000,21.000000,24.112047
2.950000,21.000000,24.103670
3.000000,21.000000,24.098669
3.050000,21.000000,24.095741
3.100000,21.000000,24.094060
3.150000,21.000000,24.093114
3.200000,21.000000,24.092591
3.250000,21.000000,24.092308
3.300000,21.000000,24.092158
3.350000,21.000000,24.092079
3.400000,21.000000,24.092039
3.450000,21.000000,24.092019
3.500000,21.000000,24.092009
3.550000,21.000000,24.092004
3.600000,21.000000,24.092002
3.650000,21.000000,24.092001
3.700000,21.000000,24.092000
3.750000,21.000000,24.092000
3.800000,21.000000,24.092000
3.850000,21.000000,24.092000
3.900000,21.000000,24.092000
3.950000,21.000000,24.092000
4.000000,21.000000,24.092000
4.050000,21.000000,24.092000
4.100000,21.000000,24.092000
4.150000,21.000000,24.092000
4.200000,21.000000,24.092000
4.250000,21.000000,24.092000
4.300000,21.000000,24.092000
4.350000,21.000000,24.092000
4.400000,21.000000,24.092000
4.450000,21.000000,24.092000
4.500000,21.000000,24.092000
4.550000,21.000000,24.092000
4.600000,21.000000,24.092000
4.650000,21.000000,24.092000
4.700000,21.000000,24.092000
4.750000,21.000000,24.092000
4.800000,21.000000,24.092000
4.850000,21.000000,24.092000
4.900000,21.000000,24.092000
4.950000,21.000000,24.092000
5.000000,21.000000,24.092000
5.050000,21.000000,24.092000
5.100000,21.000000,24.092000
5.150000,21.000000,24.092000
5.200000,21.000000,24.092000
5.250000,21.000000,24.092000
5.300000,21.000000,24.092000
5.350000,21.000000,24.092000
5.400000,21.000000,24.092000
5.450000,21.000000,24.092000
5.500000,21.000000,24.092000
5.550000,21.000000,24.092000
5.600000,21.000000,24.092000
5.650000,21.000000,24.092000
5.700000,21.000000,24.092000
5.750000,21.000000,24.092000
5.800000,21.000000,24.092000
5.850000,21.000000,24.092000
5.900000,21.000000,24.092000
5.950000,21.000000,24.092000
6.000000,21.000000,24.092000
0.000000,22.000000,22.531076
0.050000,22.000000,22.265634
0.100000,22.000000,22.021554
0.150000,22.000000,21.819521
0.200000,22.000000,21.680807
0.250000,22.000000,21.625739
0.300000,22.000000,21.672496
0.350000,22.000000,21.836530
0.400000,22.000000,22.130798
0.450000,22.000000,22.566787
0.500000,22.000000,23.156143
0.550000,22.000000,23.912510
0.600000,22.000000,24.853083
0.650000,22.000000,25.999367
0.700000,22.000000,27.376712
0.750000,22.000000,29.012373
0.800000,22.000000,30.932087
0.850000,22.000000,33.155408
0.900000,22.000000,35.690290
0.950000,22.000000,38.527597
1.000000,22.000000,41.636334
1.050000,22.000000,44.960392
1.100000,22.000000,48.417520
1.150000,22.000000,51.901021
1.200000,22.000000,55.284371
1.250000,22.000000,58.428595
1.300000,22.000000,61.191852
1.350000,22.000000,63.440338
1.400000,22.000000,65.059359
1.450000,22.000000,65.963326
1.500000,22.000000,66.103484
1.550000,22.000000,65.472438
1.600000,22.000000,64.104906
1.650000,22.000000,62.074632
1.700000,22.000000,59.487839
1.750000,22.000000,56.474060
1.800000,22.000000,53.175441
1.850000,22.000000,49.735751
1.900000,22.000000,46.290280
1.950000,22.000000,42.957560
2.000000,22.000000,39.833553
2.050000,22.000000,36.988569
2.100000,22.000000,34.466810
2.150000,22.000000,32.288149
2.200000,22.000000,30.451582
2.250000,22.000000,28.939673
2.300000,22.000000,27.723361
2.350000,22.000000,26.766593
2.400000,22.000000,26.030365
2.450000,22.000000,25.475956
2.500000,22.000000,25.067259
2.550000,22.000000,24.772242
2.600000,22.000000,24.563662
2.650000,22.000000,24.419195
2.700000,22.000000,24.321155
2.750000,22.000000,24.255952
2.800000,22.000000,24.213452
2.850000,22.000000,24.186296
2.900000,22.000000,24.169287
2.950000,22.000000,24.158841
3.000000,22.000000,24.152550
3.050000,22.000000,24.148836
3.100000,22.000000,24.146685
3.150000,22.000000,24.145463
3.200000,22.000000,24.144783
3.250000,22.000000,24.144411
3.300000,22.000000,24.144212
3.350000,22.000000,24.144107
3.400000,22.000000,24.144053
3.450000,22.000000,24.144026
3.500000,22.000000,24.144012
3.550000,22.000000,24.144006
3.600000,22.000000,24.144003
3.650000,22.000000,24.144001
3.700000,22.000000,24.144001
3.750000,22.000000,24.144000
3.800000,22.000000,24.144000
3.850000,22.000000,24.144000
3.900000,22.000000,24.144000
3.950000,22.000000,24.144000
4.000000,22.000000,24.144000
4.050000,22.000000,24.144000
4.100000,22.000000,24.144000
4.150000,22.000000,24.144000
4.200000,22.000000,24.144000
4.250000,22.000000,24.144000
4.300000,22.000000,24.144000
4.350000,22.000000,24.144000
4.400000,22.000000,24.144000
4.450000,22.000000,24.144000
4.500000,22.000000,24.144000
4.550000,22.000000,24.144000
4.600000,22.000000,24.144000
4.650000,22.000000,24.144000
4.700000,22.000000,24.144000
4.750000,22.000000,24.144000
4.800000,22.000000,24.144000
4.850000,22.000000,24.144000
4.900000,22.000000,24.144000
4.950000,22.000000,24.144000
5.000000,22.000000,24.144000
5.050000,22.000000,24.144000
5.100000,22.000000,24.144000
5.150000,22.000000,24.144000
5.200000,22.000000,24.144000
5.250000,22.000000,24.144000
5.300000,22.000000,24.144000
5.350000,22.000000,24.144000
5.400000,22.000000,24.144000
5.450000,22.000000,24.144000
5.500000,22.000000,24.144000
5.550000,22.000000,24.144000
5.600000,22.000000,24.144000
5.650000,22.000000,24.144000
5.700000,22.000000,24.144000
5.750000,22.000000,24.144000
5.800000,22.000000,24.144000
5.850000,22.000000,24.144000
5.900000,22.000000,24.144000
5.950000,22.000000,24.144000
6.000000,22.000000,24.144000
0.000000,23.000000,22.523797
0.050000,23.000000,22.247049
0.100000,23.000000,21.991193
0.150000,23.000000,21.777025
0.200000,23.000000,21.625706
0.250000,23.000000,21.557117
0.300000,23.000000,21.588556
0.350000,23.000000,21.734092
0.400000,23.000000,22.004786
0.450000,23.000000,22.409779
0.500000,23.000000,22.958070
0.550000,23.000000,23.660593
0.600000,23.000000,24.532088
0.650000,23.000000,25.592258
0.700000,23.000000,26.865736
0.750000,23.000000,28.380574
0.800000,23.000000,30.165203
0.850000,23.000000,32.244027
0.900000,23.000000,34.632085
0.950000,23.000000,37.329394
1.000000,23.000000,40.315733
1.050000,23.000000,43.546648
1.100000,23.000000,46.951436
1.150000,23.000000,50.433671
1.200000,23.000000,53.874610
1.250000,23.000000,57.139462
1.300000,23.000000,60.086132
1.350000,23.000000,62.575702
1.400000,23.000000,64.483586
1.450000,23.000000,65.710159
1.500000,23.000000,66.189611
1.550000,23.000000,65.895965
1.600000,23.000000,64.845533
1.650000,23.000000,63.095480
1.700000,23.000000,60.738723
1.750000,23.000000,57.895788
1.800000,23.000000,54.704630
1.850000,23.000000,51.309625
1.900000,23.000000,47.850939
1.950000,23.000000,44.455348
2.000000,23.000000,41.229289
2.050000,23.000000,38.254564
2.100000,23.000000,35.586763
2.150000,23.000000,33.256122
2.200000,23.000000,31.270320
2.250000,23.000000,29.618565
2.300000,23.000000,28.276320
2.350000,23.000000,27.210069
2.400000,23.000000,26.381654
2.450000,23.000000,25.751891
2.500000,23.000000,25.283292
2.550000,23.000000,24.941904
2.600000,23.000000,24.698329
2.650000,23.000000,24.528096
2.700000,23.000000,24.411530
2.750000,23.000000,24.333317
2.800000,23.000000,24.281883
2.850000,23.000000,24.248730
2.900000,23.000000,24.227782
2.950000,23.000000,24.214805
3.000000,23.000000,24.206923
3.050000,23.000000,24.202228
3.100000,23.000000,24.199486
3.150000,23.000000,24.197916
3.200000,23.000000,24.197033
3.250000,23.000000,24.196547
3.300000,23.000000,24.196284
3.350000,23.000000,24.196145
3.400000,23.000000,24.196073
3.450000,23.000000,24.196036
3.500000,23.000000,24.196017
3.550000,23.000000,24.196008
3.600000,23.000000,24.196004
3.650000,23.000000,24.196002
3.700000,23.000000,24.196001
3.750000,23.000000,24.196000
3.800000,23.000000,24.196000
3.850000,23.000000,24.196000
3.900000,23.000000,24.196000
3.950000,23.000000,24.196000
4.000000,23.000000,24.196000
4.050000,23.000000,24.196000
4.100000,23.000000,24.196000
4.150000,23.000000,24.196000
4.200000,23.000000,24.196000
4.250000,23.000000,24.196000
4.300000,23.000000,24.196000
4.350000,23.000000,24.196000
4.400000,23.000000,24.196000
4.450000,23.000000,24.196000
4.500000,23.000000,24.196000
4.550000,23.000000,24.196000
4.600000,23.000000,24.196000
4.650000,23.000000,24.196000
4.700000,23.000000,24.196000
4.750000,23.000000,24.196000
4.800000,23.000000,24.196000
4.850000,23.000000,24.196000
4.900000,23.000000,24.196000
4.950000,23.000000,24.196000
5.000000,23.000000,24.196000
5.050000,23.000000,24.196000
5.100000,23.000000,24.196000
5.150000,23.000000,24.196000
5.200000,23.000000,24.196000
5.250000,23.000000,24.196000
5.300000,23.000000,24.196000
5.350000,23.000000,24.196000
5.400000,23.000000,24.196000
5.450000,23.000000,24.196000
5.500000,23.000000,24.196000
5.550000,23.000000,24.196000
5.600000,23.000000,24.196000
5.650000,23.000000,24.196000
5.700000,23.000000,24.196000
5.750000,23.000000,24.196000
5.800000,23.000000,24.196000
5.850000,23.000000,24.196000
5.900000,23.000000,24.196000
5.950000,23.000000,24.196000
6.000000,23.000000,24.196000
0.000000,24.000000,22.518305
0.050000,24.000000,22.230790
0.100000,24.000000,21.963857
0.150000,24.000000,21.738469
0.200000,24.000000,21.575752
0.250000,24.000000,21.495242
0.300000,24.000000,21.513469
0.350000,24.000000,21.643249
0.400000,24.000000,21.893873
0.450000,24.000000,22.272243
0.500000,24.000000,22.784765
0.550000,24.000000,23.439630
0.600000,24.000000,24.248978
0.650000,24.000000,25.230408
0.700000,24.000000,26.407356
0.750000,24.000000,27.808022
0.800000,24.000000,29.462722
0.850000,24.000000,31.399797
0.900000,24.000000,33.640435
0.950000,24.000000,36.192964
1.000000,24.000000,39.047311
1.050000,24.000000,42.170400
1.100000,24.000000,45.503253
1.150000,24.000000,48.960416
1.200000,24.000000,52.432155
1.250000,24.000000,55.789555
1.300000,24.000000,58.892288
1.350000,24.000000,61.598471
1.400000,24.000000,63.775676
1.450000,24.000000,65.311947
1.500000,24.000000,66.125577
1.550000,24.000000,66.172478
1.600000,24.000000,65.450263
1.650000,24.000000,63.998518
1.700000,24.000000,61.895260
1.750000,24.000000,59.250019
1.800000,24.000000,56.194412
1.850000,24.000000,52.871348
1.900000,24.000000,49.424082
1.950000,24.000000,45.986283
2.000000,24.000000,42.674029
2.050000,24.000000,39.580312
2.100000,24.000000,36.772286
2.150000,24.000000,34.291098
2.200000,24.000000,32.153909
2.250000,24.000000,30.357495
2.300000,24.000000,28.882771
2.350000,24.000000,27.699601
2.400000,24.000000,26.771378
2.450000,24.000000,26.058979
2.500000,24.000000,25.523893
2.550000,24.000000,25.130438
2.600000,24.000000,24.847133
2.650000,24.000000,24.647330
2.700000,24.000000,24.509283
2.750000,24.000000,24.415826
2.800000,24.000000,24.353822
2.850000,24.000000,24.313503
2.900000,24.000000,24.287803
2.950000,24.000000,24.271743
3.000000,24.000000,24.261904
3.050000,24.000000,24.255993
3.100000,24.000000,24.252511
3.150000,24.000000,24.250499
3.200000,24.000000,24.249359
3.250000,24.000000,24.248726
3.300000,24.000000,24.248380
3.350000,24.000000,24.248196
3.400000,24.000000,24.248099
3.450000,24.000000,24.248049
3.500000,24.000000,24.248024
3.550000,24.000000,24.248011
3.600000,24.000000,24.248005
3.650000,24.000000,24.248002
3.700000,24.000000,24.248001
3.750000,24.000000,24.248000
3.800000,24.000000,24.248000
3.850000,24.000000,24.248000
3.900000,24.000000,24.248000
3.950000,24.000000,24.248000
4.000000,24.000000,24.248000
4.050000,24.000000,24.248000
4.100000,24.000000,24.248000
4.150000,24.000000,24.248000
4.200000,24.000000,24.248000
4.250000,24.000000,24.248000
4.300000,24.000000,24.248000
4.350000,24.000000,24.248000
4.400000,24.000000,24.248000
4.450000,24.000000,24.248000
4.500000,24.000000,24.248000
4.550000,24.000000,24.248000
4.600000,24.000000,24.248000
4.650000,24.000000,24.248000
4.700000,24.000000,24.248000
4.750000,24.000000,24.248000
4.800000,24.000000,24.248000
4.850000,24.000000,24.248000
4.900000,24.000000,24.248000
4.950000,24.000000,24.248000
5.000000,24.000000,24.248000
5.050000,24.000000,24.248000
5.100000,24.000000,24.248000
5.150000,24.000000,24.248000
5.200000,24.000000,24.248000
5.250000,24.000000,24.248000
5.300000,24.000000,24.248000
5.350000,24.000000,24.248000
5.400000,24.000000,24.248000
5.450000,24.000000,24.248000
5.500000,24.000000,24.248000
5.550000,24.000000,24.248000
5.600000,24.000000,24.248000
5.650000,24.000000,24.248000
5.700000,24.000000,24.248000
5.750000,24.000000,24.248000
5.800000,24.000000,24.248000
5.850000,24.000000,24.248000
5.900000,24.000000,24.248000
5.950000,24.000000,24.248000
6.000000,24.000000,24.248000
0.000000,25.000000,22.514466
0.050000,25.000000,22.216664
0.100000,25.000000,21.939265
0.150000,25.000000,21.703451
0.200000,25.000000,21.530385
0.250000,25.000000,21.439341
0.300000,25.000000,21.446198
0.350000,25.000000,21.562642
0.400000,25.000000,21.796329
0.450000,25.000000,22.152040
0.500000,25.000000,22.633668
0.550000,25.000000,23.246676
0.600000,25.000000,24.000508
0.650000,25.000000,24.910428
0.700000,25.000000,25.998282
0.750000,25.000000,27.291835
0.800000,25.000000,28.822543
0.850000,25.000000,30.621806
0.900000,25.000000,32.716025
0.950000,25.000000,35.120937
1.000000,25.000000,37.835881
1.050000,25.000000,40.838716
1.100000,25.000000,44.082153
1.150000,25.000000,47.492173
1.200000,25.000000,50.969055
1.250000,25.000000,54.391260
1.300000,25.000000,57.622124
1.350000,25.000000,60.518919
1.400000,25.000000,62.943498
1.450000,25.000000,64.773461
1.500000,25.000000,65.912626
1.550000,25.000000,66.299575
1.600000,25.000000,65.913270
1.650000,25.000000,64.775019
1.700000,25.000000,62.946585
1.750000,25.000000,60.524659
1.800000,25.000000,57.632414
1.850000,25.000000,54.409154
1.900000,25.000000,50.999291
1.950000,25.000000,47.541829
2.000000,25.000000,44.161418
2.050000,25.000000,40.961712
2.100000,25.000000,38.021399
2.150000,25.000000,35.392938
2.200000,25.000000,33.103678
2.250000,25.000000,31.158848
2.300000,25.000000,29.545750
2.350000,25.000000,28.238523
2.400000,25.000000,27.202877
2.450000,25.000000,26.400357
2.500000,25.000000,25.791857
2.550000,25.000000,25.340233
2.600000,25.000000,25.012039
2.650000,25.000000,24.778460
2.700000,25.000000,24.615615
2.750000,25.000000,24.504380
2.800000,25.000000,24.429924
2.850000,25.000000,24.381079
2.900000,25.000000,24.349670
2.950000,25.000000,24.329871
3.000000,25.000000,24.317635
3.050000,25.000000,24.310221
3.100000,25.000000,24.305815
3.150000,25.000000,24.303248
3.200000,25.000000,24.301781
3.250000,25.000000,24.300958
3.300000,25.000000,24.300506
3.350000,25.000000,24.300263
3.400000,25.000000,24.300134
3.450000,25.000000,24.300067
3.500000,25.000000,24.300033
3.550000,25.000000,24.300016
3.600000,25.000000,24.300007
3.650000,25.000000,24.300003
3.700000,25.000000,24.300002
3.750000,25.000000,24.300001
3.800000,25.000000,24.300000
3.850000,25.000000,24.300000
3.900000,25.000000,24.300000
3.950000,25.000000,24.300000
4.000000,25.000000,24.300000
4.050000,25.000000,24.300000
4.100000,25.000000,24.300000
4.150000,25.000000,24.300000
4.200000,25.000000,24.300000
4.250000,25.000000,24.300000
4.300000,25.000000,24.300000
4.350000,25.000000,24.300000
4.400000,25.000000,24.300000
4.450000,25.000000,24.300000
4.500000,25.000000,24.300000
4.550000,25.000000,24.300000
4.600000,25.000000,24.300000
4.650000,25.000000,24.300000
4.700000,25.000000,24.300000
4.750000,25.000000,24.300000
4.800000,25.000000,24.300000
4.850000,25.000000,24.300000
4.900000,25.000000,24.300000
4.950000,25.000000,24.300000
5.000000,25.000000,24.300000
5.050000,25.000000,24.300000
5.100000,25.000000,24.300000
5.150000,25.000000,24.300000
5.200000,25.000000,24.300000
5.250000,25.000000,24.300000
5.300000,25.000000,24.300000
5.350000,25.000000,24.300000
5.400000,25.000000,24.300000
5.450000,25.000000,24.300000
5.500000,25.000000,24.300000
5.550000,25.000000,24.300000
5.600000,25.000000,24.300000
5.650000,25.000000,24.300000
5.700000,25.000000,24.300000
5.750000,25.000000,24.300000
5.800000,25.000000,24.300000
5.850000,25.000000,24.300000
5.900000,25.000000,24.300000
5.950000,25.000000,24.300000
6.000000,25.000000,24.300000
0.000000,26.000000,22.512169
0.050000,26.000000,22.204503
0.100000,26.000000,21.917175
0.150000,26.000000,21.671627
0.200000,26.000000,21.489116
0.250000,26.000000,21.388741
0.300000,26.000000,21.385830
0.350000,26.000000,21.491064
0.400000,26.000000,21.710595
0.450000,26.000000,22.047214
0.500000,26.000000,22.502405
0.550000,26.000000,23.078948
0.600000,26.000000,23.783551
0.650000,26.000000,24.628975
0.700000,26.000000,25.635148
0.750000,26.000000,26.828908
0.800000,26.000000,28.242170
0.850000,26.000000,29.908567
0.900000,26.000000,31.858788
0.950000,26.000000,34.115051
1.000000,26.000000,36.685280
1.050000,26.000000,39.557678
1.100000,26.000000,42.696418
1.150000,26.000000,46.039159
1.200000,26.000000,49.496951
1.250000,26.000000,52.956924
1.300000,26.000000,56.287818
1.350000,26.000000,59.348108
1.400000,26.000000,61.996079
1.450000,26.000000,64.100908
1.500000,26.000000,65.553587
1.550000,26.000000,66.276453
1.600000,26.000000,66.230189
1.650000,26.000000,65.417452
1.700000,26.000000,63.882667
1.750000,26.000000,61.708036
1.800000,26.000000,59.006266
1.850000,26.000000,55.910908
1.900000,26.000000,52.565476
1.950000,26.000000,49.112569
2.000000,26.000000,45.684121
2.050000,26.000000,42.393676
2.100000,26.000000,39.331217
2.150000,26.000000,36.560737
2.200000,26.000000,34.120363
2.250000,26.000000,32.024595
2.300000,26.000000,30.268054
2.350000,26.000000,28.830075
2.400000,26.000000,27.679515
2.450000,26.000000,26.779270
2.500000,26.000000,26.090143
2.550000,26.000000,25.573863
2.600000,26.000000,25.195197
2.650000,26.000000,24.923221
2.700000,26.000000,24.731883
2.750000,26.000000,24.600007
2.800000,26.000000,24.510945
2.850000,26.000000,24.452000
2.900000,26.000000,24.413762
2.950000,26.000000,24.389447
3.000000,26.000000,24.374288
3.050000,26.000000,24.365023
3.100000,26.000000,24.359470
3.150000,26.000000,24.356206
3.200000,26.000000,24.354325
3.250000,26.000000,24.353262
3.300000,26.000000,24.352672
3.350000,26.000000,24.352351
3.400000,26.000000,24.352180
3.450000,26.000000,24.352091
3.500000,26.000000,24.352045
3.550000,26.000000,24.352022
3.600000,26.000000,24.352010
3.650000,26.000000,24.352005
3.700000,26.000000,24.352002
3.750000,26.000000,24.352001
3.800000,26.000000,24.352000
3.850000,26.000000,24.352000
3.900000,26.000000,24.352000
3.950000,26.000000,24.352000
4.000000,26.000000,24.352000
4.050000,26.000000,24.352000
4.100000,26.000000,24.352000
4.150000,26.000000,24.352000
4.200000,26.000000,24.352000
4.250000,26.000000,24.352000
4.300000,26.000000,24.352000
4.350000,26.000000,24.352000
4.400000,26.000000,24.352000
4.450000,26.000000,24.352000
4.500000,26.000000,24.352000
4.550000,26.000000,24.352000
4.600000,26.000000,24.352000
4.650000,26.000000,24.352000
4.700000,26.000000,24.352000
4.750000,26.000000,24.352000
4.800000,26.000000,24.352000
4.850000,26.000000,24.352000
4.900000,26.000000,24.352000
4.950000,26.000000,24.352000
5.000000,26.000000,24.352000
5.050000,26.000000,24.352000
5.100000,26.000000,24.352000
5.150000,26.000000,24.352000
5.200000,26.000000,24.352000
5.250000,26.000000,24.352000
5.300000,26.000000,24.352000
5.350000,26.000000,24.352000
5.400000,26.000000,24.352000
5.450000,26.000000,24.352000
5.500000,26.000000,24.352000
5.550000,26.000000,24.352000
5.600000,26.000000,24.352000
5.650000,26.000000,24.352000
5.700000,26.000000,24.352000
5.750000,26.000000,24.352000
5.800000,26.000000,24.352000
5.850000,26.000000,24.352000
5.900000,26.000000,24.352000
5.950000,26.000000,24.352000
6.000000,26.000000,24.352000
0.000000,27.000000,22.511317
0.050000,27.000000,22.194167
0.100000,27.000000,21.897382
0.150000,27.000000,21.642700
0.200000,27.000000,21.451526
0.250000,27.000000,21.342857
0.300000,27.000000,21.331564
0.350000,27.000000,21.427443
0.400000,27.000000,21.635275
0.450000,27.000000,21.955991
0.500000,27.000000,22.388789
0.550000,27.000000,22.933842
0.600000,27.000000,23.595123
0.650000,27.000000,24.382779
0.700000,27.000000,25.314572
0.750000,27.000000,26.415986
0.800000,27.000000,27.718796
0.850000,27.000000,29.258099
0.900000,27.000000,31.067983
0.950000,27.000000,33.176206
1.000000,27.000000,35.598390
1.050000,27.000000,38.332371
1.100000,27.000000,41.353385
1.150000,27.000000,44.610787
1.200000,27.000000,48.026933
1.250000,27.000000,51.498682
1.300000,27.000000,54.901737
1.350000,27.000000,58.097710
1.400000,27.000000,60.943451
1.450000,27.000000,63.301819
1.500000,27.000000,65.052826
1.550000,27.000000,66.103915
1.600000,27.000000,66.398191
1.650000,27.000000,65.919610
1.700000,27.000000,64.694479
1.750000,27.000000,62.789089
1.800000,27.000000,60.303792
1.850000,27.000000,57.364261
1.900000,27.000000,54.110996
1.950000,27.000000,50.688289
2.000000,27.000000,47.233853
2.050000,27.000000,43.870120
2.100000,27.000000,40.697902
2.150000,27.000000,37.792755
2.200000,27.000000,35.204024
2.250000,27.000000,32.956215
2.300000,27.000000,31.052167
2.350000,27.000000,29.477348
2.400000,27.000000,28.204641
2.450000,27.000000,27.199042
2.500000,27.000000,26.421852
2.550000,27.000000,25.834078
2.600000,27.000000,25.398946
2.650000,27.000000,25.083530
2.700000,27.000000,24.859604
2.750000,27.000000,24.703871
2.800000,27.000000,24.597755
2.850000,27.000000,24.526896
2.900000,27.000000,24.480524
2.950000,27.000000,24.450776
3.000000,27.000000,24.432068
3.050000,27.000000,24.420534
3.100000,27.000000,24.413561
3.150000,27.000000,24.409428
3.200000,27.000000,24.407025
3.250000,27.000000,24.405655
3.300000,27.000000,24.404889
3.350000,27.000000,24.404469
3.400000,27.000000,24.404242
3.450000,27.000000,24.404123
3.500000,27.000000,24.404061
3.550000,27.000000,24.404030
3.600000,27.000000,24.404014
3.650000,27.000000,24.404007
3.700000,27.000000,24.404003
3.750000,27.000000,24.404001
3.800000,27.000000,24.404001
3.850000,27.000000,24.404000
3.900000,27.000000,24.404000
3.950000,27.000000,24.404000
4.000000,27.000000,24.404000
4.050000,27.000000,24.404000
4.100000,27.000000,24.404000
4.150000,27.000000,24.404000
4.200000,27.000000,24.404000
4.250000,27.000000,24.404000
4.300000,27.000000,24.404000
4.350000,27.000000,24.404000
4.400000,27.000000,24.404000
4.450000,27.000000,24.404000
4.500000,27.000000,24.404000
4.550000,27.000000,24.404000
4.600000,27.000000,24.404000
4.650000,27.000000,24.404000
4.700000,27.000000,24.404000
4.750000,27.000000,24.404000
4.800000,27.000000,24.404000
4.850000,27.000000,24.404000
4.900000,27.000000,24.404000
4.950000,27.000000,24.404000
5.000000,27.000000,24.404000
5.050000,27.000000,24.404000
5.100000,27.000000,24.404000
5.150000,27.000000,24.404000
5.200000,27.000000,24.404000
5.250000,27.000000,24.404000
5.300000,27.000000,24.404000
5.350000,27.000000,24.404000
5.400000,27.000000,24.404000
5.450000,27.000000,24.404000
5.500000,27.000000,24.404000
5.550000,27.000000,24.404000
5.600000,27.000000,24.404000
5.650000,27.000000,24.404000
5.700000,27.000000,24.404000
5.750000,27.000000,24.404000
5.800000,27.000000,24.404000
5.850000,27.000000,24.404000
5.900000,27.000000,24.404000
5.950000,27.000000,24.404000
6.000000,27.000000,24.404000
0.000000,28.000000,22.511827
0.050000,28.000000,22.185534
0.100000,28.000000,21.879710
0.150000,28.000000,21.616417
0.200000,28.000000,21.417255
0.250000,28.000000,21.301182
0.300000,28.000000,21.282704
0.350000,28.000000,21.370838
0.400000,28.000000,21.569123
0.450000,28.000000,21.876772
0.500000,28.000000,22.290821
0.550000,28.000000,22.808940
0.600000,28.000000,23.432401
0.650000,28.000000,24.168685
0.700000,28.000000,25.033198
0.750000,28.000000,26.049723
0.800000,28.000000,27.249372
0.850000,28.000000,28.668010
0.900000,28.000000,30.342276
0.950000,28.000000,32.304536
1.000000,28.000000,34.577187
1.050000,28.000000,37.166896
1.100000,28.000000,40.059405
1.150000,28.000000,43.215593
1.200000,28.000000,46.569419
1.250000,28.000000,50.028302
1.300000,28.000000,53.476256
1.350000,28.000000,56.779819
1.400000,28.000000,59.796476
1.450000,28.000000,62.384921
1.500000,28.000000,64.416169
1.550000,28.000000,65.784362
1.600000,28.000000,66.416032
1.650000,28.000000,66.276721
1.700000,28.000000,65.374151
1.750000,28.000000,63.757542
1.800000,28.000000,61.513185
1.850000,28.000000,58.756828
1.900000,28.000000,55.623801
1.950000,28.000000,52.258068
2.000000,28.000000,48.801430
2.050000,28.000000,45.383975
2.100000,28.000000,42.116637
2.150000,28.000000,39.086357
2.200000,28.000000,36.353971
2.250000,28.000000,33.954615
2.300000,28.000000,31.900183
2.350000,28.000000,30.183212
2.400000,28.000000,28.781525
2.450000,28.000000,27.663036
2.500000,28.000000,26.790201
2.550000,28.000000,26.123793
2.600000,28.000000,25.625810
2.650000,28.000000,25.261486
2.700000,28.000000,25.000465
2.750000,28.000000,24.817286
2.800000,28.000000,24.691344
2.850000,28.000000,24.606495
2.900000,28.000000,24.550474
2.950000,28.000000,24.514220
3.000000,28.000000,24.491221
3.050000,28.000000,24.476917
3.100000,28.000000,24.468195
3.150000,28.000000,24.462979
3.200000,28.000000,24.459921
3.250000,28.000000,24.458163
3.300000,28.000000,24.457171
3.350000,28.000000,24.456622
3.400000,28.000000,24.456325
3.450000,28.000000,24.456166
3.500000,28.000000,24.456084
3.550000,28.000000,24.456041
3.600000,28.000000,24.456020
3.650000,28.000000,24.456010
3.700000,28.000000,24.456004
3.750000,28.000000,24.456002
3.800000,28.000000,24.456001
3.850000,28.000000,24.456000
3.900000,28.000000,24.456000
3.950000,28.000000,24.456000
4.000000,28.000000,24.456000
4.050000,28.000000,24.456000
4.100000,28.000000,24.456000
4.150000,28.000000,24.456000
4.200000,28.000000,24.456000
4.250000,28.000000,24.456000
4.300000,28.000000,24.456000
4.350000,28.000000,24.456000
4.400000,28.000000,24.456000
4.450000,28.000000,24.456000
4.500000,28.000000,24.456000
4.550000,28.000000,24.456000
4.600000,28.000000,24.456000
4.650000,28.000000,24.456000
4.700000,28.000000,24.456000
4.750000,28.000000,24.456000
4.800000,28.000000,24.456000
4.850000,28.000000,24.456000
4.900000,28.000000,24.456000
4.950000,28.000000,24.456000
5.000000,28.000000,24.456000
5.050000,28.000000,24.456000
5.100000,28.000000,24.456000
5.150000,28.000000,24.456000
5.200000,28.000000,24.456000
5.250000,28.000000,24.456000
5.300000,28.000000,24.456000
5.350000,28.000000,24.456000
5.400000,28.000000,24.456000
5.450000,28.000000,24.456000
5.500000,28.000000,24.456000
5.550000,28.000000,24.456000
5.600000,28.000000,24.456000
5.650000,28.000000,24.456000
5.700000,28.000000,24.456000
5.750000,28.000000,24.456000
5.800000,28.000000,24.456000
5.850000,28.000000,24.456000
5.900000,28.000000,24.456000
5.950000,28.000000,24.456000
6.000000,28.000000,24.456000
0.000000,29.000000,22.513627
0.050000,29.000000,22.178501
0.100000,29.000000,21.864008
0.150000,29.000000,21.592561
0.200000,29.000000,21.385992
0.250000,29.000000,21.263280
0.300000,29.000000,21.238642
0.350000,29.000000,21.320421
0.400000,29.000000,21.511037
0.450000,29.000000,21.808120
0.500000,29.000000,22.206685
0.550000,29.000000,22.702009
0.600000,29.000000,23.292738
0.650000,29.000000,23.983672
0.700000,29.000000,24.787737
0.750000,29.000000,25.726739
0.800000,29.000000,26.830683
0.850000,29.000000,28.135573
0.900000,29.000000,29.679814
0.950000,29.000000,31.499479
1.000000,29.000000,33.622797
1.050000,29.000000,36.064393
1.100000,29.000000,38.819838
1.150000,29.000000,41.861176
1.200000,29.000000,45.134051
1.250000,29.000000,48.557037
1.300000,29.000000,52.023585
1.350000,29.000000,55.406768
1.400000,29.000000,58.566679
1.450000,29.000000,61.359986
1.500000,29.000000,63.650797
1.550000,29.000000,65.321747
1.600000,29.000000,66.284078
1.650000,29.000000,66.485531
1.700000,29.000000,65.915103
1.750000,29.000000,64.604078
1.800000,29.000000,62.623200
1.850000,29.000000,60.076360
1.900000,29.000000,57.091585
1.950000,29.000000,53.810405
2.000000,29.000000,50.376847
2.050000,29.000000,46.927209
2.100000,29.000000,43.581610
2.150000,29.000000,40.437969
2.200000,29.000000,37.568697
2.250000,29.000000,35.020044
2.300000,29.000000,32.813723
2.350000,29.000000,30.950243
2.400000,29.000000,29.413306
2.450000,29.000000,28.174609
2.500000,29.000000,27.198497
2.550000,29.000000,26.446071
2.600000,29.000000,25.878492
2.650000,29.000000,25.459377
2.700000,29.000000,25.156333
2.750000,29.000000,24.941723
2.800000,29.000000,24.792838
2.850000,29.000000,24.691633
2.900000,29.000000,24.624218
2.950000,29.000000,24.580205
3.000000,29.000000,24.552038
3.050000,29.000000,24.534367
3.100000,29.000000,24.523497
3.150000,29.000000,24.516942
3.200000,29.000000,24.513065
3.250000,29.000000,24.510816
3.300000,29.000000,24.509537
3.350000,29.000000,24.508824
3.400000,29.000000,24.508433
3.450000,29.000000,24.508224
3.500000,29.000000,24.508113
3.550000,29.000000,24.508056
3.600000,29.000000,24.508028
3.650000,29.000000,24.508013
3.700000,29.000000,24.508006
3.750000,29.000000,24.508003
3.800000,29.000000,24.508001
3.850000,29.000000,24.508001
3.900000,29.000000,24.508000
3.950000,29.000000,24.508000
4.000000,29.000000,24.508000
4.050000,29.000000,24.508000
4.100000,29.000000,24.508000
4.150000,29.000000,24.508000
4.200000,29.000000,24.508000
4.250000,29.000000,24.508000
4.300000,29.000000,24.508000
4.350000,29.000000,24.508000
4.400000,29.000000,24.508000
4.450000,29.000000,24.508000
4.500000,29.000000,24.508000
4.550000,29.000000,24.508000
4.600000,29.000000,24.508000
4.650000,29.000000,24.508000
4.700000,29.000000,24.508000
4.750000,29.000000,24.508000
4.800000,29.000000,24.508000
4.850000,29.000000,24.508000
4.900000,29.000000,24.508000
4.950000,29.000000,24.508000
5.000000,29.000000,24.508000
5.050000,29.000000,24.508000
5.100000,29.000000,24.508000
5.150000,29.000000,24.508000
5.200000,29.000000,24.508000
5.250000,29.000000,24.508000
5.300000,29.000000,24.508000
5.350000,29.000000,24.508000
5.400000,29.000000,24.508000
5.450000,29.000000,24.508000
5.500000,29.000000,24.508000
5.550000,29.000000,24.508000
5.600000,29.000000,24.508000
5.650000,29.000000,24.508000
5.700000,29.000000,24.508000
5.750000,29.000000,24.508000
5.800000,29.000000,24.508000
5.850000,29.000000,24.508000
5.900000,29.000000,24.508000
5.950000,29.000000,24.508000
6.000000,29.000000,24.508000
0.000000,30.000000,22.516657
0.050000,30.000000,22.172979
0.100000,30.000000,21.850148
0.150000,30.000000,21.570947
0.200000,30.000000,21.357473
0.250000,30.000000,21.228775
0.300000,30.000000,21.198854
0.350000,30.000000,21.275470
0.400000,30.000000,21.460044
0.450000,30.000000,21.748755
0.500000,30.000000,22.134737
0.550000,30.000000,22.611005
0.600000,30.000000,23.173670
0.650000,30.000000,23.824880
0.700000,30.000000,24.575005
0.750000,30.000000,25.443673
0.800000,30.000000,26.459406
0.850000,30.000000,27.657801
0.900000,30.000000,29.078312
0.950000,30.000000,30.759855
1.000000,30.000000,32.735557
1.050000,30.000000,35.027081
1.100000,30.000000,37.639050
1.150000,30.000000,40.554157
1.200000,30.000000,43.729610
1.250000,30.000000,47.095498
1.300000,30.000000,50.555606
1.350000,30.000000,53.990949
1.400000,30.000000,57.266058
1.450000,30.000000,60.237668
1.500000,30.000000,62.765125
1.550000,30.000000,64.721508
1.600000,30.000000,66.004299
1.650000,30.000000,66.544359
1.700000,30.000000,66.312162
1.750000,30.000000,65.320499
1.800000,30.000000,63.623329
1.850000,30.000000,61.310932
1.900000,30.000000,58.501954
1.950000,30.000000,55.333345
2.000000,30.000000,51.949365
2.050000,30.000000,48.490879
2.100000,30.000000,45.086019
2.150000,30.000000,41.843043
2.200000,30.000000,38.845817
2.250000,30.000000,36.152027
2.300000,30.000000,33.793856
2.350000,30.000000,31.780648
2.400000,30.000000,30.102921
2.450000,30.000000,28.737059
2.500000,30.000000,27.650096
2.550000,30.000000,26.804103
2.600000,30.000000,26.159863
2.650000,30.000000,25.679676
2.700000,30.000000,25.329257
2.750000,30.000000,25.078824
2.800000,30.000000,24.903509
2.850000,30.000000,24.783267
2.900000,30.000000,24.702456
2.950000,30.000000,24.649229
3.000000,30.000000,24.614866
3.050000,30.000000,24.593118
3.100000,30.000000,24.579625
3.150000,30.000000,24.571416
3.200000,30.000000,24.566519
3.250000,30.000000,24.563654
3.300000,30.000000,24.562011
3.350000,30.000000,24.561086
3.400000,30.000000,24.560576
3.450000,30.000000,24.560300
3.500000,30.000000,24.560153
3.550000,30.000000,24.560077
3.600000,30.000000,24.560038
3.650000,30.000000,24.560018
3.700000,30.000000,24.560009
3.750000,30.000000,24.560004
3.800000,30.000000,24.560002
3.850000,30.000000,24.560001
3.900000,30.000000,24.560000
3.950000,30.000000,24.560000
4.000000,30.000000,24.560000
4.050000,30.000000,24.560000
4.100000,30.000000,24.560000
4.150000,30.000000,24.560000
4.200000,30.000000,24.560000
4.250000,30.000000,24.560000
4.300000,30.000000,24.560000
4.350000,30.000000,24.560000
4.400000,30.000000,24.560000
4.450000,30.000000,24.560000
4.500000,30.000000,24.560000
4.550000,30.000000,24.560000
4.600000,30.000000,24.560000
4.650000,30.000000,24.560000
4.700000,30.000000,24.560000
4.750000,30.000000,24.560000
4.800000,30.000000,24.560000
4.850000,30.000000,24.560000
4.900000,30.000000,24.560000
4.950000,30.000000,24.560000
5.000000,30.000000,24.560000
5.050000,30.000000,24.560000
5.100000,30.000000,24.560000
5.150000,30.000000,24.560000
5.200000,30.000000,24.560000
5.250000,30.000000,24.560000
5.300000,30.000000,24.560000
5.350000,30.000000,24.560000
5.400000,30.000000,24.560000
5.450000,30.000000,24.560000
5.500000,30.000000,24.560000
5.550000,30.000000,24.560000
5.600000,30.000000,24.560000
5.650000,30.000000,24.560000
5.700000,30.000000,24.560000
5.750000,30.000000,24.560000
5.800000,30.000000,24.560000
5.850000,30.000000,24.560000
5.900000,30.000000,24.560000
5.950000,30.000000,24.560000
6.000000,30.000000,24.560000
0.000000,31.000000,22.520862
0.050000,31.000000,22.168890
0.100000,31.000000,21.838020
0.150000,31.000000,21.551417
0.200000,31.000000,21.331471
0.250000,31.000000,21.197344
0.300000,31.000000,21.162885
0.350000,31.000000,21.235358
0.400000,31.000000,21.415290
0.450000,31.000000,21.697543
0.500000,31.000000,22.073504
0.550000,31.000000,22.534067
0.600000,31.000000,23.072919
0.650000,31.000000,23.689616
0.700000,31.000000,24.391949
0.750000,31.000000,25.197217
0.800000,31.000000,26.132168
0.850000,31.000000,27.231522
0.900000,31.000000,28.535130
0.950000,31.000000,30.083948
1.000000,31.000000,31.915088
1.050000,31.000000,34.056314
1.100000,31.000000,36.520441
1.150000,31.000000,39.300168
1.200000,31.000000,42.363955
1.250000,31.000000,45.653550
1.300000,31.000000,49.083727
1.350000,31.000000,52.544633
1.400000,31.000000,55.906899
1.450000,31.000000,59.029329
1.500000,31.000000,61.768655
1.550000,31.000000,63.990467
1.600000,31.000000,65.580230
1.650000,31.000000,66.453134
1.700000,31.000000,66.561653
1.750000,31.000000,65.899858
1.800000,31.000000,64.503979
1.850000,31.000000,62.449127
1.900000,31.000000,59.842604
1.950000,31.000000,56.814635
2.000000,31.000000,53.507628
2.050000,31.000000,50.065193
2.100000,31.000000,46.622090
2.150000,31.000000,43.296039
2.200000,31.000000,40.182018
2.250000,31.000000,37.349285
2.300000,31.000000,34.841020
2.350000,31.000000,32.676187
2.400000,31.000000,30.853034
2.450000,31.000000,29.353568
2.500000,31.000000,28.148362
2.550000,31.000000,27.201172
2.600000,31.000000,26.472949
2.650000,31.000000,25.925039
2.700000,31.000000,25.521473
2.750000,31.000000,25.230403
2.800000,31.000000,25.024784
2.850000,31.000000,24.882485
2.900000,31.000000,24.785994
2.950000,31.000000,24.721874
3.000000,31.000000,24.680112
3.050000,31.000000,24.653450
3.100000,31.000000,24.636762
3.150000,31.000000,24.626522
3.200000,31.000000,24.620360
3.250000,31.000000,24.616725
3.300000,31.000000,24.614622
3.350000,31.000000,24.613428
3.400000,31.000000,24.612763
3.450000,31.000000,24.612401
3.500000,31.000000,24.612206
3.550000,31.000000,24.612104
3.600000,31.000000,24.612052
3.650000,31.000000,24.612025
3.700000,31.000000,24.612012
3.750000,31.000000,24.612006
3.800000,31.000000,24.612003
3.850000,31.000000,24.612001
3.900000,31.000000,24.612001
3.950000,31.000000,24.612000
4.000000,31.000000,24.612000
4.050000,31.000000,24.612000
4.100000,31.000000,24.612000
4.150000,31.000000,24.612000
4.200000,31.000000,24.612000
4.250000,31.000000,24.612000
4.300000,31.000000,24.612000
4.350000,31.000000,24.612000
4.400000,31.000000,24.612000
4.450000,31.000000,24.612000
4.500000,31.000000,24.612000
4.550000,31.000000,24.612000
4.600000,31.000000,24.612000
4.650000,31.000000,24.612000
4.700000,31.000000,24.612000
4.750000,31.000000,24.612000
4.800000,31.000000,24.612000
4.850000,31.000000,24.612000
4.900000,31.000000,24.612000
4.950000,31.000000,24.612000
5.000000,31.000000,24.612000
5.050000,31.000000,24.612000
5.100000,31.000000,24.612000
5.150000,31.000000,24.612000
5.200000,31.000000,24.612000
5.250000,31.000000,24.612000
5.300000,31.000000,24.612000
5.350000,31.000000,24.612000
5.400000,31.000000,24.612000
5.450000,31.000000,24.612000
5.500000,31.000000,24.612000
5.550000,31.000000,24.612000
5.600000,31.000000,24.612000
5.650000,31.000000,24.612000
5.700000,31.000000,24.612000
5.750000,31.000000,24.612000
5.800000,31.000000,24.612000
5.850000,31.000000,24.612000
5.900000,31.000000,24.612000
5.950000,31.000000,24.612000
6.000000,31.000000,24.612000
0.000000,32.000000,22.526195
0.050000,32.000000,22.166169
0.100000,32.000000,21.827528
0.150000,32.000000,21.533834
0.200000,32.000000,21.307792
0.250000,32.000000,21.168712
0.300000,32.000000,21.130345
0.350000,32.000000,21.199541
0.400000,32.000000,21.376031
0.450000,32.000000,21.653479
0.500000,32.000000,22.021670
0.550000,32.000000,22.469512
0.600000,32.000000,22.988396
0.650000,32.000000,23.575371
0.700000,32.000000,24.235665
0.750000,32.000000,24.984161
0.800000,32.000000,25.845601
0.850000,32.000000,26.853437
0.900000,32.000000,28.047345
0.950000,32.000000,29.469583
1.000000,32.000000,31.160372
1.050000,32.000000,33.152637
1.100000,32.000000,35.466478
1.150000,32.000000,38.103845
1.200000,32.000000,41.043979
1.250000,32.000000,44.240215
1.300000,32.000000,47.618745
1.350000,32.000000,51.079807
1.400000,32.000000,54.501595
1.450000,32.000000,57.746857
1.500000,32.000000,60.671819
1.550000,32.000000,63.136717
1.600000,32.000000,65.016910
1.650000,32.000000,66.213388
1.700000,32.000000,66.661462
1.750000,32.000000,66.336590
1.800000,32.000000,65.256630
1.850000,32.000000,63.480218
1.900000,32.000000,61.101504
1.950000,32.000000,58.241890
2.000000,32.000000,55.039791
2.050000,32.000000,51.639605
2.100000,32.000000,48.181123
2.150000,32.000000,44.790423
2.200000,32.000000,41.573019
2.250000,32.000000,38.609678
2.300000,32.000000,35.954944
2.350000,32.000000,33.638087
2.400000,32.000000,31.665962
2.450000,32.000000,30.027133
2.500000,32.000000,28.696616
2.550000,32.000000,27.640627
2.600000,32.000000,26.820908
2.650000,32.000000,26.198292
2.700000,32.000000,25.735406
2.750000,32.000000,25.398462
2.800000,32.000000,25.158258
2.850000,32.000000,24.990519
2.900000,32.000000,24.875754
2.950000,32.000000,24.798811
3.000000,32.000000,24.748253
3.050000,32.000000,24.715691
3.100000,32.000000,24.695133
3.150000,32.000000,24.682407
3.200000,32.000000,24.674684
3.250000,32.000000,24.670088
3.300000,32.000000,24.667405
3.350000,32.000000,24.665870
3.400000,32.000000,24.665008
3.450000,32.000000,24.664533
3.500000,32.000000,24.664277
3.550000,32.000000,24.664141
3.600000,32.000000,24.664071
3.650000,32.000000,24.664035
3.700000,32.000000,24.664017
3.750000,32.000000,24.664008
3.800000,32.000000,24.664004
3.850000,32.000000,24.664002
3.900000,32.000000,24.664001
3.950000,32.000000,24.664000
4.000000,32.000000,24.664000
4.050000,32.000000,24.664000
4.100000,32.000000,24.664000
4.150000,32.000000,24.664000
4.200000,32.000000,24.664000
4.250000,32.000000,24.664000
4.300000,32.000000,24.664000
4.350000,32.000000,24.664000
4.400000,32.000000,24.664000
4.450000,32.000000,24.664000
4.500000,32.000000,24.664000
4.550000,32.000000,24.664000
4.600000,32.000000,24.664000
4.650000,32.000000,24.664000
4.700000,32.000000,24.664000
4.750000,32.000000,24.664000
4.800000,32.000000,24.664000
4.850000,32.000000,24.664000
4.900000,32.000000,24.664000
4.950000,32.000000,24.664000
5.000000,32.000000,24.664000
5.050000,32.000000,24.664000
5.100000,32.000000,24.664000
5.150000,32.000000,24.664000
5.200000,32.000000,24.664000
5.250000,32.000000,24.664000
5.300000,32.000000,24.664000
5.350000,32.000000,24.664000
5.400000,32.000000,24.664000
5.450000,32.000000,24.664000
5.500000,32.000000,24.664000
5.550000,32.000000,24.664000
5.600000,32.000000,24.664000
5.650000,32.000000,24.664000
5.700000,32.000000,24.664000
5.750000,32.000000,24.664000
5.800000,32.000000,24.664000
5.850000,32.000000,24.664000
5.900000,32.000000,24.664000
5.950000,32.000000,24.664000
6.000000,32.000000,24.664000
0.000000,33.000000,22.532615
0.050000,33.000000,22.164756
0.100000,33.000000,21.818590
0.150000,33.000000,21.518082
0.200000,33.000000,21.286269
0.250000,33.000000,21.142641
0.300000,33.000000,21.100901
0.350000,33.000000,21.167548
0.400000,33.000000,21.341615
0.450000,33.000000,21.615684
0.500000,33.000000,21.978065
0.550000,33.000000,22.415825
0.600000,33.000000,22.918194
0.650000,33.000000,23.479822
0.700000,33.000000,24.103420
0.750000,33.000000,24.801416
0.800000,33.000000,25.596384
0.850000,33.000000,26.520185
0.900000,33.000000,27.611832
0.950000,33.000000,28.914211
1.000000,33.000000,30.469831
1.050000,33.000000,32.315859
1.100000,33.000000,34.478744
1.150000,33.000000,36.968848
1.200000,33.000000,39.775582
1.250000,33.000000,42.863610
1.300000,33.000000,46.170738
1.350000,33.000000,49.608021
1.400000,33.000000,53.062467
1.450000,33.000000,56.402476
1.500000,33.000000,59.485803
1.550000,33.000000,62.169478
1.600000,33.000000,64.320797
1.650000,33.000000,65.828236
1.700000,33.000000,66.611077
1.750000,33.000000,66.626604
1.800000,33.000000,65.873982
1.850000,33.000000,64.394346
1.900000,33.000000,62.267079
1.950000,33.000000,59.602763
2.000000,33.000000,56.533666
2.050000,33.000000,53.202912
2.100000,33.000000,49.753550
2.150000,33.000000,46.318684
2.200000,33.000000,43.013551
2.250000,33.000000,39.930149
2.300000,33.000000,37.134574
2.350000,33.000000,34.666966
2.400000,33.000000,32.543591
2.450000,33.000000,30.760501
2.500000,33.000000,29.298075
2.550000,33.000000,28.125834
2.600000,33.000000,27.207000
2.650000,33.000000,26.502421
2.700000,33.000000,25.973660
2.750000,33.000000,25.585184
2.800000,33.000000,25.305698
2.850000,33.000000,25.108751
2.900000,33.000000,24.972788
2.950000,33.000000,24.880817
3.000000,33.000000,24.819848
3.050000,33.000000,24.780234
3.100000,33.000000,24.755003
3.150000,33.000000,24.739249
3.200000,33.000000,24.729604
3.250000,33.000000,24.723815
3.300000,33.000000,24.720407
3.350000,33.000000,24.718440
3.400000,33.000000,24.717326
3.450000,33.000000,24.716707
3.500000,33.000000,24.716370
3.550000,33.000000,24.716190
3.600000,33.000000,24.716096
3.650000,33.000000,24.716048
3.700000,33.000000,24.716023
3.750000,33.000000,24.716011
3.800000,33.000000,24.716005
3.850000,33.000000,24.716002
3.900000,33.000000,24.716001
3.950000,33.000000,24.716000
4.000000,33.000000,24.716000
4.050000,33.000000,24.716000
4.100000,33.000000,24.716000
4.150000,33.000000,24.716000
4.200000,33.000000,24.716000
4.250000,33.000000,24.716000
4.300000,33.000000,24.716000
4.350000,33.000000,24.716000
4.400000,33.000000,24.716000
4.450000,33.000000,24.716000
4.500000,33.000000,24.716000
4.550000,33.000000,24.716000
4.600000,33.000000,24.716000
4.650000,33.000000,24.716000
4.700000,33.000000,24.716000
4.750000,33.000000,24.716000
4.800000,33.000000,24.716000
4.850000,33.000000,24.716000
4.900000,33.000000,24.716000
4.950000,33.000000,24.716000
5.000000,33.000000,24.716000
5.050000,33.000000,24.716000
5.100000,33.000000,24.716000
5.150000,33.000000,24.716000
5.200000,33.000000,24.716000
5.250000,33.000000,24.716000
5.300000,33.000000,24.716000
5.350000,33.000000,24.716000
5.400000,33.000000,24.716000
5.450000,33.000000,24.716000
5.500000,33.000000,24.716000
5.550000,33.000000,24.716000
5.600000,33.000000,24.716000
5.650000,33.000000,24.716000
5.700000,33.000000,24.716000
5.750000,33.000000,24.716000
5.800000,33.000000,24.716000
5.850000,33.000000,24.716000
5.900000,33.000000,24.716000
5.950000,33.000000,24.716000
6.000000,33.000000,24.716000
0.000000,34.000000,22.540083
0.050000,34.000000,22.164600
0.100000,34.000000,21.811134
0.150000,34.000000,21.504060
0.200000,34.000000,21.266761
0.250000,34.000000,21.118930
0.300000,34.000000,21.074264
0.350000,34.000000,21.138976
0.400000,34.000000,21.311482
0.450000,34.000000,21.583387
0.500000,34.000000,21.941656
0.550000,34.000000,22.371654
0.600000,34.000000,22.860589
0.650000,34.000000,23.400832
0.700000,34.000000,23.992659
0.750000,34.000000,24.646041
0.800000,34.000000,25.381280
0.850000,34.000000,26.228397
0.900000,34.000000,27.225324
0.950000,34.000000,28.414982
1.000000,34.000000,29.841411
1.050000,34.000000,31.545131
1.100000,34.000000,33.557999
1.150000,34.000000,35.897896
1.200000,34.000000,38.563673
1.250000,34.000000,41.530893
1.300000,34.000000,44.748966
1.350000,34.000000,48.140251
1.400000,34.000000,51.601595
1.450000,34.000000,55.008569
1.500000,34.000000,58.222369
1.550000,34.000000,61.098946
1.600000,34.000000,63.499650
1.650000,34.000000,65.302314
1.700000,34.000000,66.411595
1.750000,34.000000,66.767354
1.800000,34.000000,66.350082
1.850000,34.000000,65.182684
1.900000,34.000000,63.328398
1.950000,34.000000,60.885129
2.000000,34.000000,57.976888
2.050000,34.000000,54.743390
2.100000,34.000000,51.329021
2.150000,34.000000,47.872368
2.200000,34.000000,44.497352
2.250000,34.000000,41.306685
2.300000,34.000000,38.378012
2.350000,34.000000,35.762753
2.400000,34.000000,33.487304
2.450000,34.000000,31.556090
2.500000,34.000000,29.955795
2.550000,34.000000,28.660130
2.600000,34.000000,27.634562
2.650000,34.000000,26.840549
2.700000,34.000000,26.239016
2.750000,34.000000,25.792943
2.800000,34.000000,25.469054
2.850000,34.000000,25.238731
2.900000,34.000000,25.078286
2.950000,34.000000,24.968781
3.000000,34.000000,24.895542
3.050000,34.000000,24.847534
3.100000,34.000000,24.816688
3.150000,34.000000,24.797259
3.200000,34.000000,24.785261
3.250000,34.000000,24.777996
3.300000,34.000000,24.773683
3.350000,34.000000,24.771172
3.400000,34.000000,24.769738
3.450000,34.000000,24.768935
3.500000,34.000000,24.768493
3.550000,34.000000,24.768256
3.600000,34.000000,24.768130
3.650000,34.000000,24.768065
3.700000,34.000000,24.768032
3.750000,34.000000,24.768015
3.800000,34.000000,24.768007
3.850000,34.000000,24.768003
3.900000,34.000000,24.768002
3.950000,34.000000,24.768001
4.000000,34.000000,24.768000
4.050000,34.000000,24.768000
4.100000,34.000000,24.768000
4.150000,34.000000,24.768000
4.200000,34.000000,24.768000
4.250000,34.000000,24.768000
4.300000,34.000000,24.768000
4.350000,34.000000,24.768000
4.400000,34.000000,24.768000
4.450000,34.000000,24.768000
4.500000,34.000000,24.768000
4.550000,34.000000,24.768000
4.600000,34.000000,24.768000
4.650000,34.000000,24.768000
4.700000,34.000000,24.768000
4.750000,34.000000,24.768000
4.800000,34.000000,24.768000
4.850000,34.000000,24.768000
4.900000,34.000000,24.768000
4.950000,34.000000,24.768000
5.000000,34.000000,24.768000
5.050000,34.000000,24.768000
5.100000,34.000000,24.768000
5.150000,34.000000,24.768000
5.200000,34.000000,24.768000
5.250000,34.000000,24.768000
5.300000,34.000000,24.768000
5.350000,34.000000,24.768000
5.400000,34.000000,24.768000
5.450000,34.000000,24.768000
5.500000,34.000000,24.768000
5.550000,34.000000,24.768000
5.600000,34.000000,24.768000
5.650000,34.000000,24.768000
5.700000,34.000000,24.768000
5.750000,34.000000,24.768000
5.800000,34.000000,24.768000
5.850000,34.000000,24.768000
5.900000,34.000000,24.768000
5.950000,34.000000,24.768000
6.000000,34.000000,24.768000
0.000000,35.000000,22.548567
0.050000,35.000000,22.165655
0.100000,35.000000,21.805098
0.150000,35.000000,21.491682
0.200000,35.000000,21.249144
0.250000,35.000000,21.097406
0.300000,35.000000,21.050191
0.350000,35.000000,21.113479
0.400000,35.000000,21.285146
0.450000,35.000000,21.555918
0.500000,35.000000,21.911535
0.550000,35.000000,22.335795
0.600000,35.000000,22.814025
0.650000,35.000000,23.336451
0.700000,35.000000,23.901010
0.750000,35.000000,24.515259
0.800000,35.000000,25.197167
0.850000,35.000000,25.974735
0.900000,35.000000,26.884472
0.950000,35.000000,27.968820
1.000000,35.000000,29.272657
1.050000,35.000000,30.839020
1.100000,35.000000,32.704247
1.150000,35.000000,34.892808
1.200000,35.000000,37.412175
1.250000,35.000000,40.248237
1.300000,35.000000,43.361799
1.350000,35.000000,46.686783
1.400000,35.000000,50.130662
1.450000,35.000000,53.577495
1.500000,35.000000,56.893669
1.550000,35.000000,59.936117
1.600000,35.000000,62.562395
1.650000,35.000000,64.641704
1.700000,35.000000,66.065703
1.750000,35.000000,66.757891
1.800000,35.000000,66.680429
1.850000,35.000000,65.837585
1.900000,35.000000,64.275347
1.950000,35.000000,62.077271
2.000000,35.000000,59.357080
2.050000,35.000000,56.248929
2.100000,35.000000,52.896500
2.150000,35.000000,49.442138
2.200000,35.000000,46.017173
2.250000,35.000000,42.734288
2.300000,35.000000,39.682455
2.350000,35.000000,36.924615
2.400000,35.000000,34.497893
2.450000,35.000000,32.415914
2.500000,35.000000,30.672598
2.550000,35.000000,29.246767
2.600000,35.000000,28.106958
2.650000,35.000000,27.215913
2.700000,35.000000,26.534420
2.750000,35.000000,26.024295
2.800000,35.000000,25.650459
2.850000,35.000000,25.382176
2.900000,35.000000,25.193591
2.950000,35.000000,25.063719
3.000000,35.000000,24.976082
3.050000,35.000000,24.918126
3.100000,35.000000,24.880560
3.150000,35.000000,24.856691
3.200000,35.000000,24.841822
3.250000,35.000000,24.832741
3.300000,35.000000,24.827303
3.350000,35.000000,24.824109
3.400000,35.000000,24.822270
3.450000,35.000000,24.821231
3.500000,35.000000,24.820655
3.550000,35.000000,24.820342
3.600000,35.000000,24.820176
3.650000,35.000000,24.820088
3.700000,35.000000,24.820044
3.750000,35.000000,24.820021
3.800000,35.000000,24.820010
3.850000,35.000000,24.820005
3.900000,35.000000,24.820002
3.950000,35.000000,24.820001
4.000000,35.000000,24.820000
4.050000,35.000000,24.820000
4.100000,35.000000,24.820000
4.150000,35.000000,24.820000
4.200000,35.000000,24.820000
4.250000,35.000000,24.820000
4.300000,35.000000,24.820000
4.350000,35.000000,24.820000
4.400000,35.000000,24.820000
4.450000,35.000000,24.820000
4.500000,35.000000,24.820000
4.550000,35.000000,24.820000
4.600000,35.000000,24.820000
4.650000,35.000000,24.820000
4.700000,35.000000,24.820000
4.750000,35.000000,24.820000
4.800000,35.000000,24.820000
4.850000,35.000000,24.820000
4.900000,35.000000,24.820000
4.950000,35.000000,24.820000
5.000000,35.000000,24.820000
5.050000,35.000000,24.820000
5.100000,35.000000,24.820000
5.150000,35.000000,24.820000
5.200000,35.000000,24.820000
5.250000,35.000000,24.820000
5.300000,35.000000,24.820000
5.350000,35.000000,24.820000
5.400000,35.000000,24.820000
5.450000,35.000000,24.820000
5.500000,35.000000,24.820000
5.550000,35.000000,24.820000
5.600000,35.000000,24.820000
5.650000,35.000000,24.820000
5.700000,35.000000,24.820000
5.750000,35.000000,24.820000
5.800000,35.000000,24.820000
5.850000,35.000000,24.820000
5.900000,35.000000,24.820000
5.950000,35.000000,24.820000
6.000000,35.000000,24.820000
0.000000,36.000000,22.558036
0.050000,36.000000,22.167880
0.100000,36.000000,21.800426
0.150000,36.000000,21.480871
0.200000,36.000000,21.233314
0.250000,36.000000,21.077920
0.300000,36.000000,21.028469
0.350000,36.000000,21.090758
0.400000,36.000000,21.262188
0.450000,36.000000,21.532697
0.500000,36.000000,21.886908
0.550000,36.000000,22.307184
0.600000,36.000000,22.777112
0.650000,36.000000,23.284909
0.700000,36.000000,23.826293
0.750000,36.000000,24.406469
0.800000,36.000000,25.041066
0.850000,36.000000,25.755939
0.900000,36.000000,26.585906
0.950000,36.000000,27.572492
1.000000,36.000000,28.760796
1.050000,36.000000,30.195595
1.100000,36.000000,31.916811
1.150000,36.000000,33.954561
1.200000,36.000000,36.324060
1.250000,36.000000,39.020822
1.300000,36.000000,42.016661
1.350000,36.000000,45.257108
1.400000,36.000000,48.660816
1.450000,36.000000,52.121413
1.500000,36.000000,55.512061
1.550000,36.000000,58.692616
1.600000,36.000000,61.518979
1.650000,36.000000,63.853820
1.700000,36.000000,65.577631
1.750000,36.000000,66.598872
1.800000,36.000000,66.862049
1.850000,36.000000,66.352717
1.900000,36.000000,65.098801
1.950000,36.000000,63.168064
2.000000,36.000000,60.662039
2.050000,36.000000,57.707196
2.100000,36.000000,54.444392
2.150000,36.000000,51.017846
2.200000,36.000000,47.564814
2.250000,36.000000,44.206966
2.300000,36.000000,41.044155
2.350000,36.000000,38.150890
2.400000,36.000000,35.575481
2.450000,36.000000,33.341499
2.500000,36.000000,31.450999
2.550000,36.000000,29.888853
2.600000,36.000000,28.627539
2.650000,36.000000,27.631831
2.700000,36.000000,26.862959
2.750000,36.000000,26.281975
2.800000,36.000000,25.852234
2.850000,36.000000,25.540987
2.900000,36.000000,25.320204
2.950000,36.000000,25.166783
3.000000,36.000000,25.062326
3.050000,36.000000,24.992632
3.100000,36.000000,24.947058
3.150000,36.000000,24.917846
3.200000,36.000000,24.899490
3.250000,36.000000,24.888182
3.300000,36.000000,24.881350
3.350000,36.000000,24.877304
3.400000,36.000000,24.874954
3.450000,36.000000,24.873615
3.500000,36.000000,24.872867
3.550000,36.000000,24.872456
3.600000,36.000000,24.872236
3.650000,36.000000,24.872120
3.700000,36.000000,24.872060
3.750000,36.000000,24.872029
3.800000,36.000000,24.872014
3.850000,36.000000,24.872007
3.900000,36.000000,24.872003
3.950000,36.000000,24.872001
4.000000,36.000000,24.872001
4.050000,36.000000,24.872000
4.100000,36.000000,24.872000
4.150000,36.000000,24.872000
4.200000,36.000000,24.872000
4.250000,36.000000,24.872000
4.300000,36.000000,24.872000
4.350000,36.000000,24.872000
4.400000,36.000000,24.872000
4.450000,36.000000,24.872000
4.500000,36.000000,24.872000
4.550000,36.000000,24.872000
4.600000,36.000000,24.872000
4.650000,36.000000,24.872000
4.700000,36.000000,24.872000
4.750000,36.000000,24.872000
4.800000,36.000000,24.872000
4.850000,36.000000,24.872000
4.900000,36.000000,24.872000
4.950000,36.000000,24.872000
5.000000,36.000000,24.872000
5.050000,36.000000,24.872000
5.100000,36.000000,24.872000
5.150000,36.000000,24.872000
5.200000,36.000000,24.872000
5.250000,36.000000,24.872000
5.300000,36.000000,24.872000
5.350000,36.000000,24.872000
5.400000,36.000000,24.872000
5.450000,36.000000,24.872000
5.500000,36.000000,24.872000
5.550000,36.000000,24.872000
5.600000,36.000000,24.872000
5.650000,36.000000,24.872000
5.700000,36.000000,24.872000
5.750000,36.000000,24.872000
5.800000,36.000000,24.872000
5.850000,36.000000,24.872000
5.900000,36.000000,24.872000
5.950000,36.000000,24.872000
6.000000,36.000000,24.872000
0.000000,37.000000,22.568461
0.050000,37.000000,22.171239
0.100000,37.000000,21.797069
0.150000,37.000000,21.471562
0.200000,37.000000,21.219179
0.250000,37.000000,21.060345
0.300000,37.000000,21.008922
0.350000,37.000000,21.070561
0.400000,37.000000,21.242251
0.450000,37.000000,21.513221
0.500000,37.000000,21.867082
0.550000,37.000000,22.284884
0.600000,37.000000,22.748610
0.650000,37.000000,23.244612
0.700000,37.000000,23.766509
0.750000,37.000000,24.317253
0.800000,37.000000,24.910156
0.850000,37.000000,25.568857
0.900000,37.000000,26.326279
0.950000,37.000000,27.222667
1.000000,37.000000,28.302807
1.050000,37.000000,29.612502
1.100000,37.000000,31.194410
1.150000,37.000000,33.083359
1.200000,37.000000,35.301387
1.250000,37.000000,37.852836
1.300000,37.000000,40.719994
1.350000,37.000000,43.859844
1.400000,37.000000,47.202539
1.450000,37.000000,50.652132
1.500000,37.000000,54.089926
1.550000,37.000000,57.380507
1.600000,37.000000,60.380198
1.650000,37.000000,62.947287
1.700000,37.000000,64.953073
1.750000,37.000000,66.292555
1.800000,37.000000,66.893556
1.850000,37.000000,66.723175
1.900000,37.000000,65.790780
1.950000,37.000000,64.147154
2.000000,37.000000,61.879919
2.050000,37.000000,59.105798
2.100000,37.000000,55.960676
2.150000,37.000000,52.588633
2.200000,37.000000,49.131171
2.250000,37.000000,45.717738
2.300000,37.000000,42.458383
2.350000,37.000000,39.439026
2.400000,37.000000,36.719452
2.450000,37.000000,34.333807
2.500000,37.000000,32.293131
2.550000,37.000000,30.589278
2.600000,37.000000,29.199586
2.650000,37.000000,28.091666
2.700000,37.000000,27.227841
2.750000,37.000000,26.568884
2.800000,37.000000,26.076888
2.850000,37.000000,25.717247
2.900000,37.000000,25.459796
2.950000,37.000000,25.279271
3.000000,37.000000,25.155254
3.050000,37.000000,25.071771
3.100000,37.000000,25.016695
3.150000,37.000000,24.981081
3.200000,37.000000,24.958507
3.250000,37.000000,24.944478
3.300000,37.000000,24.935930
3.350000,37.000000,24.930822
3.400000,37.000000,24.927830
3.450000,37.000000,24.926111
3.500000,37.000000,24.925142
3.550000,37.000000,24.924607
3.600000,37.000000,24.924316
3.650000,37.000000,24.924162
3.700000,37.000000,24.924081
3.750000,37.000000,24.924040
3.800000,37.000000,24.924019
3.850000,37.000000,24.924009
3.900000,37.000000,24.924004
3.950000,37.000000,24.924002
4.000000,37.000000,24.924001
4.050000,37.000000,24.924000
4.100000,37.000000,24.924000
4.150000,37.000000,24.924000
4.200000,37.000000,24.924000
4.250000,37.000000,24.924000
4.300000,37.000000,24.924000
4.350000,37.000000,24.924000
4.400000,37.000000,24.924000
4.450000,37.000000,24.924000
4.500000,37.000000,24.924000
4.550000,37.000000,24.924000
4.600000,37.000000,24.924000
4.650000,37.000000,24.924000
4.700000,37.000000,24.924000
4.750000,37.000000,24.924000
4.800000,37.000000,24.924000
4.850000,37.000000,24.924000
4.900000,37.000000,24.924000
4.950000,37.000000,24.924000
5.000000,37.000000,24.924000
5.050000,37.000000,24.924000
5.100000,37.000000,24.924000
5.150000,37.000000,24.924000
5.200000,37.000000,24.924000
5.250000,37.000000,24.924000
5.300000,37.000000,24.924000
5.350000,37.000000,24.924000
5.400000,37.000000,24.924000
5.450000,37.000000,24.924000
5.500000,37.000000,24.924000
5.550000,37.000000,24.924000
5.600000,37.000000,24.924000
5.650000,37.000000,24.924000
5.700000,37.000000,24.924000
5.750000,37.000000,24.924000
5.800000,37.000000,24.924000
5.850000,37.000000,24.924000
5.900000,37.000000,24.924000
5.950000,37.000000,24.924000
6.000000,37.000000,24.924000
0.000000,38.000000,22.579816
0.050000,38.000000,22.175697
0.100000,38.000000,21.794983
0.150000,38.000000,21.463694
0.200000,38.000000,21.206661
0.250000,38.000000,21.044572
0.300000,38.000000,20.991395
0.350000,38.000000,21.052671
0.400000,38.000000,21.225027
0.450000,38.000000,21.497058
0.500000,38.000000,21.851458
0.550000,38.000000,22.268076
0.600000,38.000000,22.727425
0.650000,38.000000,23.214128
0.700000,38.000000,23.719845
0.750000,38.000000,24.245381
0.800000,38.000000,24.801791
0.850000,38.000000,25.410470
0.900000,38.000000,26.102307
0.950000,38.000000,26.915978
1.000000,38.000000,27.895493
1.050000,38.000000,29.087050
1.100000,38.000000,30.535241
1.150000,38.000000,32.278704
1.200000,38.000000,34.345357
1.250000,38.000000,36.747508
1.300000,38.000000,39.477250
1.350000,38.000000,42.502678
1.400000,38.000000,45.765549
1.450000,38.000000,49.180957
1.500000,38.000000,52.639496
1.550000,38.000000,56.012109
1.600000,38.000000,59.157523
1.650000,38.000000,61.931789
1.700000,38.000000,64.199095
1.750000,38.000000,65.842755
1.800000,38.000000,66.775168
1.850000,38.000000,66.945562
1.900000,38.000000,66.344579
1.950000,38.000000,65.005131
2.000000,38.000000,62.999415
2.050000,38.000000,60.432469
2.100000,38.000000,57.433065
2.150000,38.000000,54.143044
2.200000,38.000000,50.706309
2.250000,38.000000,47.258657
2.300000,38.000000,43.919419
2.350000,38.000000,40.785538
2.400000,38.000000,37.928374
2.450000,38.000000,35.393152
2.500000,38.000000,33.200661
2.550000,38.000000,31.350651
2.600000,38.000000,29.826252
2.650000,38.000000,28.598776
2.700000,38.000000,27.632367
2.750000,38.000000,26.888072
2.800000,38.000000,26.327107
2.850000,38.000000,25.913226
2.900000,38.000000,25.614218
2.950000,38.000000,25.402641
3.000000,38.000000,25.255979
3.050000,38.000000,25.156367
3.100000,38.000000,25.090067
3.150000,38.000000,25.046816
3.200000,38.000000,25.019159
3.250000,38.000000,25.001822
3.300000,38.000000,24.991166
3.350000,38.000000,24.984744
3.400000,38.000000,24.980949
3.450000,38.000000,24.978750
3.500000,38.000000,24.977500
3.550000,38.000000,24.976803
3.600000,38.000000,24.976422
3.650000,38.000000,24.976218
3.700000,38.000000,24.976110
3.750000,38.000000,24.976055
3.800000,38.000000,24.976027
3.850000,38.000000,24.976013
3.900000,38.000000,24.976006
3.950000,38.000000,24.976003
4.000000,38.000000,24.976001
4.050000,38.000000,24.976001
4.100000,38.000000,24.976000
4.150000,38.000000,24.976000
4.200000,38.000000,24.976000
4.250000,38.000000,24.976000
4.300000,38.000000,24.976000
4.350000,38.000000,24.976000
4.400000,38.000000,24.976000
4.450000,38.000000,24.976000
4.500000,38.000000,24.976000
4.550000,38.000000,24.976000
4.600000,38.000000,24.976000
4.650000,38.000000,24.976000
4.700000,38.000000,24.976000
4.750000,38.000000,24.976000
4.800000,38.000000,24.976000
4.850000,38.000000,24.976000
4.900000,38.000000,24.976000
4.950000,38.000000,24.976000
5.000000,38.000000,24.976000
5.050000,38.000000,24.976000
5.100000,38.000000,24.976000
5.150000,38.000000,24.976000
5.200000,38.000000,24.976000
5.250000,38.000000,24.976000
5.300000,38.000000,24.976000
5.350000,38.000000,24.976000
5.400000,38.000000,24.976000
5.450000,38.000000,24.976000
5.500000,38.000000,24.976000
5.550000,38.000000,24.976000
5.600000,38.000000,24.976000
5.650000,38.000000,24.976000
5.700000,38.000000,24.976000
5.750000,38.000000,24.976000
5.800000,38.000000,24.976000
5.850000,38.000000,24.976000
5.900000,38.000000,24.976000
5.950000,38.000000,24.976000
6.000000,38.000000,24.976000
0.000000,39.000000,22.592078
0.050000,39.000000,22.181223
0.100000,39.000000,21.794128
0.150000,39.000000,21.457217
0.200000,39.000000,21.195689
0.250000,39.000000,21.030506
0.300000,39.000000,20.975757
0.350000,39.000000,21.036902
0.400000,39.000000,21.210256
0.450000,39.000000,21.483840
0.500000,39.000000,21.839518
0.550000,39.000000,22.256046
0.600000,39.000000,22.712590
0.650000,39.000000,23.192183
0.700000,39.000000,23.684663
0.750000,39.000000,24.188810
0.800000,39.000000,24.713504
0.850000,39.000000,25.277915
0.900000,39.000000,25.910808
0.950000,39.000000,26.649068
1.000000,39.000000,27.535547
1.050000,39.000000,28.616277
1.100000,39.000000,29.937059
1.150000,39.000000,31.539472
1.200000,39.000000,33.456379
1.250000,39.000000,35.707141
1.300000,39.000000,38.292885
1.350000,39.000000,41.192322
1.400000,39.000000,44.358708
1.450000,39.000000,47.718564
1.500000,39.000000,51.172690
1.550000,39.000000,54.599814
1.600000,39.000000,57.862915
1.650000,39.000000,60.817907
1.700000,39.000000,63.324004
1.750000,39.000000,65.254776
1.800000,39.000000,66.508710
1.850000,39.000000,67.018055
1.900000,39.000000,66.754896
1.950000,39.000000,65.733687
2.000000,39.000000,64.009946
2.050000,39.000000,61.675245
2.100000,39.000000,58.849165
2.150000,39.000000,55.669159
2.200000,39.000000,52.279551
2.250000,39.000000,48.820861
2.300000,39.000000,45.420550
2.350000,39.000000,42.185965
2.400000,39.000000,39.199945
2.450000,39.000000,36.519124
2.500000,39.000000,34.174712
2.550000,39.000000,32.175216
2.600000,39.000000,30.510494
2.650000,39.000000,29.156468
2.700000,39.000000,28.079891
2.750000,39.000000,27.242718
2.800000,39.000000,26.605747
2.850000,39.000000,26.131382
2.900000,39.000000,25.785501
2.950000,39.000000,25.538517
3.000000,39.000000,25.365759
3.050000,39.000000,25.247368
3.100000,39.000000,25.167865
3.150000,39.000000,25.115541
3.200000,39.000000,25.081788
3.250000,39.000000,25.060444
3.300000,39.000000,25.047211
3.350000,39.000000,25.039167
3.400000,39.000000,25.034372
3.450000,39.000000,25.031569
3.500000,39.000000,25.029963
3.550000,39.000000,25.029060
3.600000,39.000000,25.028562
3.650000,39.000000,25.028292
3.700000,39.000000,25.028149
3.750000,39.000000,25.028075
3.800000,39.000000,25.028037
3.850000,39.000000,25.028018
3.900000,39.000000,25.028008
3.950000,39.000000,25.028004
4.000000,39.000000,25.028002
4.050000,39.000000,25.028001
4.100000,39.000000,25.028000
4.150000,39.000000,25.028000
4.200000,39.000000,25.028000
4.250000,39.000000,25.028000
4.300000,39.000000,25.028000
4.350000,39.000000,25.028000
4.400000,39.000000,25.028000
4.450000,39.000000,25.028000
4.500000,39.000000,25.028000
4.550000,39.000000,25.028000
4.600000,39.000000,25.028000
4.650000,39.000000,25.028000
4.700000,39.000000,25.028000
4.750000,39.000000,25.028000
4.800000,39.000000,25.028000
4.850000,39.000000,25.028000
4.900000,39.000000,25.028000
4.950000,39.000000,25.028000
5.000000,39.000000,25.028000
5.050000,39.000000,25.028000
5.100000,39.000000,25.028000
5.150000,39.000000,25.028000
5.200000,39.000000,25.028000
5.250000,39.000000,25.028000
5.300000,39.000000,25.028000
5.350000,39.000000,25.028000
5.400000,39.000000,25.028000
5.450000,39.000000,25.028000
5.500000,39.000000,25.028000
5.550000,39.000000,25.028000
5.600000,39.000000,25.028000
5.650000,39.000000,25.028000
5.700000,39.000000,25.028000
5.750000,39.000000,25.028000
5.800000,39.000000,25.028000
5.850000,39.000000,25.028000
5.900000,39.000000,25.028000
5.950000,39.000000,25.028000
6.000000,39.000000,25.028000
0.000000,40.000000,22.605222
0.050000,40.000000,22.187789
0.100000,40.000000,21.794467
0.150000,40.000000,21.452082
0.200000,40.000000,21.186202
0.250000,40.000000,21.018065
0.300000,40.000000,20.961895
0.350000,40.000000,21.023098
0.400000,40.000000,21.197712
0.450000,40.000000,21.473249
0.500000,40.000000,21.830816
0.550000,40.000000,22.248173
0.600000,40.000000,22.703260
0.650000,40.000000,23.177647
0.700000,40.000000,23.659492
0.750000,40.000000,24.145680
0.800000,40.000000,24.643019
0.850000,40.000000,25.168500
0.900000,40.000000,25.748726
0.950000,40.000000,26.418634
1.000000,40.000000,27.219608
1.050000,40.000000,28.197031
1.100000,40.000000,29.397256
1.150000,40.000000,30.863994
1.200000,40.000000,32.634138
1.250000,40.000000,34.733165
1.300000,40.000000,37.170387
1.350000,40.000000,39.934498
1.400000,40.000000,42.989962
1.450000,40.000000,46.274887
1.500000,40.000000,49.700963
1.550000,40.000000,53.155914
1.600000,40.000000,56.508645
1.650000,40.000000,59.616945
1.700000,40.000000,62.337210
1.750000,40.000000,64.535321
1.800000,40.000000,66.097577
1.850000,40.000000,66.940434
1.900000,40.000000,67.017914
1.950000,40.000000,66.325759
2.000000,40.000000,64.901827
2.050000,40.000000,62.822656
2.100000,40.000000,60.196656
2.150000,40.000000,57.154747
2.200000,40.000000,53.839593
2.250000,40.000000,50.394634
2.300000,40.000000,46.954088
2.350000,40.000000,43.634860
2.400000,40.000000,40.530937
2.450000,40.000000,37.710523
2.500000,40.000000,35.215783
2.550000,40.000000,33.064774
2.600000,40.000000,31.255006
2.650000,40.000000,29.767935
2.700000,40.000000,28.573776
2.750000,40.000000,27.636101
2.800000,40.000000,26.915822
2.850000,40.000000,26.374352
2.900000,40.000000,25.975867
2.950000,40.000000,25.688701
3.000000,40.000000,25.486008
3.050000,40.000000,25.345848
3.100000,40.000000,25.250884
3.150000,40.000000,25.187830
3.200000,40.000000,25.146796
3.250000,40.000000,25.120619
3.300000,40.000000,25.104248
3.350000,40.000000,25.094210
3.400000,40.000000,25.088175
3.450000,40.000000,25.084617
3.500000,40.000000,25.082559
3.550000,40.000000,25.081393
3.600000,40.000000,25.080744
3.650000,40.000000,25.080390
3.700000,40.000000,25.080201
3.750000,40.000000,25.080102
3.800000,40.000000,25.080050
3.850000,40.000000,25.080025
3.900000,40.000000,25.080012
3.950000,40.000000,25.080006
4.000000,40.000000,25.080003
4.050000,40.000000,25.080001
4.100000,40.000000,25.080001
4.150000,40.000000,25.080000
4.200000,40.000000,25.080000
4.250000,40.000000,25.080000
4.300000,40.000000,25.080000
4.350000,40.000000,25.080000
4.400000,40.000000,25.080000
4.450000,40.000000,25.080000
4.500000,40.000000,25.080000
4.550000,40.000000,25.080000
4.600000,40.000000,25.080000
4.650000,40.000000,25.080000
4.700000,40.000000,25.080000
4.750000,40.000000,25.080000
4.800000,40.000000,25.080000
4.850000,40.000000,25.080000
4.900000,40.000000,25.080000
4.950000,40.000000,25.080000
5.000000,40.000000,25.080000
5.050000,40.000000,25.080000
5.100000,40.000000,25.080000
5.150000,40.000000,25.080000
5.200000,40.000000,25.080000
5.250000,40.000000,25.080000
5.300000,40.000000,25.080000
5.350000,40.000000,25.080000
5.400000,40.000000,25.080000
5.450000,40.000000,25.080000
5.500000,40.000000,25.080000
5.550000,40.000000,25.080000
5.600000,40.000000,25.080000
5.650000,40.000000,25.080000
5.700000,40.000000,25.080000
5.750000,40.000000,25.080000
5.800000,40.000000,25.080000
5.850000,40.000000,25.080000
5.900000,40.000000,25.080000
5.950000,40.000000,25.080000
6.000000,40.000000,25.080000
0.000000,41.000000,22.619228
0.050000,41.000000,22.195367
0.100000,41.000000,21.795967
0.150000,41.000000,21.448249
0.200000,41.000000,21.178146
0.250000,41.000000,21.007178
0.300000,41.000000,20.949712
0.350000,41.000000,21.011123
0.400000,41.000000,21.187208
0.450000,41.000000,21.465016
0.500000,41.000000,21.824970
0.550000,41.000000,22.243924
0.600000,41.000000,22.698697
0.650000,41.000000,23.169525
0.700000,41.000000,23.643020
0.750000,41.000000,24.114309
0.800000,41.000000,24.588244
0.850000,41.000000,25.079712
0.900000,41.000000,25.613157
0.950000,41.000000,26.221465
1.000000,41.000000,26.944311
1.050000,41.000000,27.826028
1.100000,41.000000,28.912939
1.150000,41.000000,30.250139
1.200000,41.000000,31.877674
1.250000,41.000000,33.826197
1.300000,41.000000,36.112306
1.350000,41.000000,38.733932
1.400000,41.000000,41.666292
1.450000,41.000000,44.859031
1.500000,41.000000,48.235175
1.550000,41.000000,51.692426
1.600000,41.000000,55.107101
1.650000,41.000000,58.340751
1.700000,41.000000,61.249067
1.750000,41.000000,63.692372
1.800000,41.000000,65.546676
1.850000,41.000000,66.714088
1.900000,41.000000,67.131377
1.950000,41.000000,66.775650
2.000000,41.000000,65.666435
2.050000,41.000000,63.863906
2.100000,41.000000,61.463474
2.150000,41.000000,58.587426
2.200000,41.000000,55.374628
2.250000,41.000000,51.969490
2.300000,41.000000,48.511417
2.350000,41.000000,45.125777
2.400000,41.000000,41.917158
2.450000,41.000000,38.965289
2.500000,41.000000,36.323669
2.550000,41.000000,34.020606
2.600000,41.000000,32.062138
2.650000,41.000000,30.436195
2.700000,41.000000,29.117350
2.750000,41.000000,28.071564
2.800000,41.000000,27.260476
2.850000,41.000000,26.644948
2.900000,41.000000,26.187720
2.950000,41.000000,25.855174
3.000000,41.000000,25.618302
3.050000,41.000000,25.453025
3.100000,41.000000,25.340037
3.150000,41.000000,25.264347
3.200000,41.000000,25.214652
3.250000,41.000000,25.182672
3.300000,41.000000,25.162496
3.350000,41.000000,25.150017
3.400000,41.000000,25.142450
3.450000,41.000000,25.137950
3.500000,41.000000,25.135326
3.550000,41.000000,25.133825
3.600000,41.000000,25.132983
3.650000,41.000000,25.132520
3.700000,41.000000,25.132270
3.750000,41.000000,25.132137
3.800000,41.000000,25.132069
3.850000,41.000000,25.132034
3.900000,41.000000,25.132016
3.950000,41.000000,25.132008
4.000000,41.000000,25.132004
4.050000,41.000000,25.132002
4.100000,41.000000,25.132001
4.150000,41.000000,25.132000
4.200000,41.000000,25.132000
4.250000,41.000000,25.132000
4.300000,41.000000,25.132000
4.350000,41.000000,25.132000
4.400000,41.000000,25.132000
4.450000,41.000000,25.132000
4.500000,41.000000,25.132000
4.550000,41.000000,25.132000
4.600000,41.000000,25.132000
4.650000,41.000000,25.132000
4.700000,41.000000,25.132000
4.750000,41.000000,25.132000
4.800000,41.000000,25.132000
4.850000,41.000000,25.132000
4.900000,41.000000,25.132000
4.950000,41.000000,25.132000
5.000000,41.000000,25.132000
5.050000,41.000000,25.132000
5.100000,41.000000,25.132000
5.150000,41.000000,25.132000
5.200000,41.000000,25.132000
5.250000,41.000000,25.132000
5.300000,41.000000,25.132000
5.350000,41.000000,25.132000
5.400000,41.000000,25.132000
5.450000,41.000000,25.132000
5.500000,41.000000,25.132000
5.550000,41.000000,25.132000
5.600000,41.000000,25.132000
5.650000,41.000000,25.132000
5.700000,41.000000,25.132000
5.750000,41.000000,25.132000
5.800000,41.000000,25.132000
5.850000,41.000000,25.132000
5.900000,41.000000,25.132000
5.950000,41.000000,25.132000
6.000000,41.000000,25.132000
0.000000,42.000000,22.634074
0.050000,42.000000,22.203931
0.100000,42.000000,21.798596
0.150000,42.000000,21.445678
0.200000,42.000000,21.171472
0.250000,42.000000,20.997781
0.300000,42.000000,20.939125
0.350000,42.000000,21.000862
0.400000,42.000000,21.178580
0.450000,42.000000,21.458912
0.500000,42.000000,21.821654
0.550000,42.000000,22.242838
0.600000,42.000000,22.698260
0.650000,42.000000,23.166943
0.700000,42.000000,23.634083
0.750000,42.000000,24.093184
0.800000,42.000000,24.547272
0.850000,42.000000,25.009223
0.900000,42.000000,25.501362
0.950000,42.000000,26.054469
1.000000,42.000000,26.706337
1.050000,42.000000,27.499916
1.100000,42.000000,28.481000
1.150000,42.000000,29.695389
1.200000,42.000000,31.185458
1.250000,42.000000,32.986113
1.300000,42.000000,35.120306
1.350000,42.000000,37.594375
1.400000,42.000000,40.393691
1.450000,42.000000,43.479196
1.500000,42.000000,46.785473
1.550000,42.000000,50.220946
1.600000,42.000000,53.670619
1.650000,42.000000,57.001528
1.700000,42.000000,60.070700
1.750000,42.000000,62.735053
1.800000,42.000000,64.862338
1.850000,42.000000,66.341987
1.900000,42.000000,67.094626
1.950000,42.000000,67.079130
2.000000,42.000000,66.296354
2.050000,42.000000,64.789048
2.100000,42.000000,62.637996
2.150000,42.000000,59.954839
2.200000,42.000000,56.872494
2.250000,42.000000,53.534285
2.300000,42.000000,50.083043
2.350000,42.000000,46.651294
2.400000,42.000000,43.353432
2.450000,42.000000,40.280449
2.500000,42.000000,37.497391
2.550000,42.000000,35.043388
2.600000,42.000000,32.933820
2.650000,42.000000,31.164021
2.700000,42.000000,29.713843
2.750000,42.000000,28.552473
2.800000,42.000000,27.642965
2.850000,42.000000,26.946143
2.900000,42.000000,26.423650
2.950000,42.000000,26.040104
3.000000,42.000000,25.764395
3.050000,42.000000,25.570269
3.100000,42.000000,25.436363
3.150000,42.000000,25.345857
3.200000,42.000000,25.285907
3.250000,42.000000,25.246987
3.300000,42.000000,25.222218
3.350000,42.000000,25.206764
3.400000,42.000000,25.197311
3.450000,42.000000,25.191640
3.500000,42.000000,25.188305
3.550000,42.000000,25.186382
3.600000,42.000000,25.185293
3.650000,42.000000,25.184689
3.700000,42.000000,25.184361
3.750000,42.000000,25.184185
3.800000,42.000000,25.184093
3.850000,42.000000,25.184046
3.900000,42.000000,25.184022
3.950000,42.000000,25.184011
4.000000,42.000000,25.184005
4.050000,42.000000,25.184002
4.100000,42.000000,25.184001
4.150000,42.000000,25.184000
4.200000,42.000000,25.184000
4.250000,42.000000,25.184000
4.300000,42.000000,25.184000
4.350000,42.000000,25.184000
4.400000,42.000000,25.184000
4.450000,42.000000,25.184000
4.500000,42.000000,25.184000
4.550000,42.000000,25.184000
4.600000,42.000000,25.184000
4.650000,42.000000,25.184000
4.700000,42.000000,25.184000
4.750000,42.000000,25.184000
4.800000,42.000000,25.184000
4.850000,42.000000,25.184000
4.900000,42.000000,25.184000
4.950000,42.000000,25.184000
5.000000,42.000000,25.184000
5.050000,42.000000,25.184000
5.100000,42.000000,25.184000
5.150000,42.000000,25.184000
5.200000,42.000000,25.184000
5.250000,42.000000,25.184000
5.300000,42.000000,25.184000
5.350000,42.000000,25.184000
5.400000,42.000000,25.184000
5.450000,42.000000,25.184000
5.500000,42.000000,25.184000
5.550000,42.000000,25.184000
5.600000,42.000000,25.184000
5.650000,42.000000,25.184000
5.700000,42.000000,25.184000
5.750000,42.000000,25.184000
5.800000,42.000000,25.184000
5.850000,42.000000,25.184000
5.900000,42.000000,25.184000
5.950000,42.000000,25.184000
6.000000,42.000000,25.184000
0.000000,43.000000,22.649741
0.050000,43.000000,22.213458
0.100000,43.000000,21.802324
0.150000,43.000000,21.444333
0.200000,43.000000,21.166136
0.250000,43.000000,20.989818
0.300000,43.000000,20.930059
0.350000,43.000000,20.992215
0.400000,43.000000,21.171690
0.450000,43.000000,21.454740
0.500000,43.000000,21.820590
0.550000,43.000000,22.244520
0.600000,43.000000,22.701398
0.650000,43.000000,23.169140
0.700000,43.000000,23.631654
0.750000,43.000000,24.080956
0.800000,43.000000,24.518376
0.850000,43.000000,24.954894
0.900000,43.000000,25.410780
0.950000,43.000000,25.914700
1.000000,43.000000,26.502447
1.050000,43.000000,27.215330
1.100000,43.000000,28.098186
1.150000,43.000000,29.196923
1.200000,43.000000,30.555477
1.250000,43.000000,32.212120
1.300000,43.000000,34.195219
1.350000,43.000000,36.518628
1.400000,43.000000,39.177157
1.450000,43.000000,42.142629
1.500000,43.000000,45.361195
1.550000,43.000000,48.752510
1.600000,43.000000,52.211307
1.650000,43.000000,55.611651
1.700000,43.000000,58.813827
1.750000,43.000000,61.673477
1.800000,43.000000,64.052210
1.850000,43.000000,65.828635
1.900000,43.000000,66.908612
1.950000,43.000000,67.233514
2.000000,43.000000,66.785504
2.050000,43.000000,65.589156
2.100000,43.000000,63.709224
2.150000,43.000000,61.244834
2.200000,43.000000,58.320832
2.250000,43.000000,55.077334
2.300000,43.000000,51.658684
2.350000,43.000000,48.203040
2.400000,43.000000,44.833584
2.450000,43.000000,41.652080
2.500000,43.000000,38.735130
2.550000,43.000000,36.133114
2.600000,43.000000,33.871483
2.650000,43.000000,31.953864
2.700000,43.000000,30.366328
2.750000,43.000000,29.082170
2.800000,43.000000,28.066618
2.850000,43.000000,27.281048
2.900000,43.000000,26.686424
2.950000,43.000000,26.245848
3.000000,43.000000,25.926218
3.050000,43.000000,25.699112
3.100000,43.000000,25.541039
3.150000,43.000000,25.433240
3.200000,43.000000,25.361199
3.250000,43.000000,25.314015
3.300000,43.000000,25.283723
3.350000,43.000000,25.264658
3.400000,43.000000,25.252894
3.450000,43.000000,25.245776
3.500000,43.000000,25.241554
3.550000,43.000000,25.239097
3.600000,43.000000,25.237696
3.650000,43.000000,25.236911
3.700000,43.000000,25.236481
3.750000,43.000000,25.236249
3.800000,43.000000,25.236127
3.850000,43.000000,25.236063
3.900000,43.000000,25.236031
3.950000,43.000000,25.236015
4.000000,43.000000,25.236007
4.050000,43.000000,25.236003
4.100000,43.000000,25.236001
4.150000,43.000000,25.236001
4.200000,43.000000,25.236000
4.250000,43.000000,25.236000
4.300000,43.000000,25.236000
4.350000,43.000000,25.236000
4.400000,43.000000,25.236000
4.450000,43.000000,25.236000
4.500000,43.000000,25.236000
4.550000,43.000000,25.236000
4.600000,43.000000,25.236000
4.650000,43.000000,25.236000
4.700000,43.000000,25.236000
4.750000,43.000000,25.236000
4.800000,43.000000,25.236000
4.850000,43.000000,25.236000
4.900000,43.000000,25.236000
4.950000,43.000000,25.236000
5.000000,43.000000,25.236000
5.050000,43.000000,25.236000
5.100000,43.000000,25.236000
5.150000,43.000000,25.236000
5.200000,43.000000,25.236000
5.250000,43.000000,25.236000
5.300000,43.000000,25.236000
5.350000,43.000000,25.236000
5.400000,43.000000,25.236000
5.450000,43.000000,25.236000
5.500000,43.000000,25.236000
5.550000,43.000000,25.236000
5.600000,43.000000,25.236000
5.650000,43.000000,25.236000
5.700000,43.000000,25.236000
5.750000,43.000000,25.236000
5.800000,43.000000,25.236000
5.850000,43.000000,25.236000
5.900000,43.000000,25.236000
5.950000,43.000000,25.236000
6.000000,43.000000,25.236000
0.000000,44.000000,22.666210
0.050000,44.000000,22.223925
0.100000,44.000000,21.807125
0.150000,44.000000,21.444181
0.200000,44.000000,21.162098
0.250000,44.000000,20.983240
0.300000,44.000000,20.922450
0.350000,44.000000,20.985098
0.400000,44.000000,21.166422
0.450000,44.000000,21.452335
0.500000,44.000000,21.821542
0.550000,44.000000,22.248635
0.600000,44.000000,22.707634
0.650000,44.000000,23.175454
0.700000,44.000000,23.634830
0.750000,44.000000,24.076423
0.800000,44.000000,24.500001
0.850000,44.000000,24.914771
0.900000,44.000000,25.339034
0.950000,44.000000,25.799374
1.000000,44.000000,26.329515
1.050000,44.000000,26.968932
1.100000,44.000000,27.761159
1.150000,44.000000,28.751686
1.200000,44.000000,29.985312
1.250000,44.000000,31.502838
1.300000,44.000000,33.337114
1.350000,44.000000,35.508590
1.400000,44.000000,38.020702
1.450000,44.000000,40.855596
1.500000,44.000000,43.970794
1.550000,44.000000,47.297469
1.600000,44.000000,50.740892
1.650000,44.000000,54.183486
1.700000,44.000000,57.490571
1.750000,44.000000,60.518576
1.800000,44.000000,63.125118
1.850000,44.000000,65.179984
1.900000,44.000000,66.575879
1.950000,44.000000,67.237704
2.000000,44.000000,67.129247
2.050000,44.000000,66.256470
2.100000,44.000000,64.666963
2.150000,44.000000,62.445648
2.200000,44.000000,59.707262
2.250000,44.000000,56.586557
2.300000,44.000000,53.227361
2.350000,44.000000,49.771755
2.400000,44.000000,46.350456
2.450000,44.000000,43.075273
2.500000,44.000000,40.034168
2.550000,44.000000,37.289025
2.600000,44.000000,34.875976
2.650000,44.000000,32.807777
2.700000,44.000000,31.077651
2.750000,44.000000,29.663918
2.800000,44.000000,28.534799
2.850000,44.000000,27.652891
2.900000,44.000000,26.978971
2.950000,44.000000,26.474945
3.000000,44.000000,26.105889
3.050000,44.000000,25.841258
3.100000,44.000000,25.655393
3.150000,44.000000,25.527498
3.200000,44.000000,25.441265
3.250000,44.000000,25.384284
3.300000,44.000000,25.347379
3.350000,44.000000,25.323949
3.400000,44.000000,25.309365
3.450000,44.000000,25.300465
3.500000,44.000000,25.295139
3.550000,44.000000,25.292014
3.600000,44.000000,25.290216
3.650000,44.000000,25.289200
3.700000,44.000000,25.288639
3.750000,44.000000,25.288333
3.800000,44.000000,25.288171
3.850000,44.000000,25.288086
3.900000,44.000000,25.288042
3.950000,44.000000,25.288021
4.000000,44.000000,25.288010
4.050000,44.000000,25.288005
4.100000,44.000000,25.288002
4.150000,44.000000,25.288001
4.200000,44.000000,25.288000
4.250000,44.000000,25.288000
4.300000,44.000000,25.288000
4.350000,44.000000,25.288000
4.400000,44.000000,25.288000
4.450000,44.000000,25.288000
4.500000,44.000000,25.288000
4.550000,44.000000,25.288000
4.600000,44.000000,25.288000
4.650000,44.000000,25.288000
4.700000,44.000000,25.288000
4.750000,44.000000,25.288000
4.800000,44.000000,25.288000
4.850000,44.000000,25.288000
4.900000,44.000000,25.288000
4.950000,44.000000,25.288000
5.000000,44.000000,25.288000
5.050000,44.000000,25.288000
5.100000,44.000000,25.288000
5.150000,44.000000,25.288000
5.200000,44.000000,25.288000
5.250000,44.000000,25.288000
5.300000,44.000000,25.288000
5.350000,44.000000,25.288000
5.400000,44.000000,25.288000
5.450000,44.000000,25.288000
5.500000,44.000000,25.288000
5.550000,44.000000,25.288000
5.600000,44.000000,25.288000
5.650000,44.000000,25.288000
5.700000,44.000000,25.288000
5.750000,44.000000,25.288000
5.800000,44.000000,25.288000
5.850000,44.000000,25.288000
5.900000,44.000000,25.288000
5.950000,44.000000,25.288000
6.000000,44.000000,25.288000
0.000000,45.000000,22.683461
0.050000,45.000000,22.235308
0.100000,45.000000,21.812971
0.150000,45.000000,21.445191
0.200000,45.000000,21.159320
0.250000,45.000000,20.978000
0.300000,45.000000,20.916243
0.350000,45.000000,20.979435
0.400000,45.000000,21.162674
0.450000,45.000000,21.451557
0.500000,45.000000,21.824310
0.550000,45.000000,22.254895
0.600000,45.000000,22.716561
0.650000,45.000000,23.185312
0.700000,45.000000,23.642824
0.750000,45.000000,24.078526
0.800000,45.000000,24.490757
0.850000,45.000000,24.887080
0.900000,45.000000,25.283936
0.950000,45.000000,25.705882
1.000000,45.000000,26.184555
1.050000,45.000000,26.757461
1.100000,45.000000,27.466552
1.150000,45.000000,28.356456
1.200000,45.000000,29.472217
1.250000,45.000000,30.856378
1.300000,45.000000,32.545376
1.350000,45.000000,34.565314
1.400000,45.000000,36.927383
1.450000,45.000000,39.623363
1.500000,45.000000,42.621782
1.550000,45.000000,45.865389
1.600000,45.000000,49.270573
1.650000,45.000000,52.729222
1.700000,45.000000,56.113279
1.750000,45.000000,59.281926
1.800000,45.000000,62.090923
1.850000,45.000000,64.403334
1.900000,45.000000,66.100519
1.950000,45.000000,67.092212
2.000000,45.000000,67.324470
2.050000,45.000000,66.784534
2.100000,45.000000,65.501993
2.150000,45.000000,63.546095
2.200000,45.000000,61.019557
2.250000,45.000000,58.049633
2.300000,45.000000,54.777525
2.350000,45.000000,51.347363
2.400000,45.000000,47.895930
2.450000,45.000000,44.544128
2.500000,45.000000,41.390842
2.550000,45.000000,38.509536
2.600000,45.000000,35.947488
2.650000,45.000000,33.727335
2.700000,45.000000,31.850358
2.750000,45.000000,30.300839
2.800000,45.000000,29.050862
2.850000,45.000000,28.064984
2.900000,45.000000,27.304366
2.950000,45.000000,26.730114
3.000000,45.000000,26.305712
3.050000,45.000000,25.998589
3.100000,45.000000,25.780911
3.150000,45.000000,25.629772
3.200000,45.000000,25.526952
3.250000,45.000000,25.458406
3.300000,45.000000,25.413619
3.350000,45.000000,25.384934
3.400000,45.000000,25.366923
3.450000,45.000000,25.355836
3.500000,45.000000,25.349144
3.550000,45.000000,25.345183
3.600000,45.000000,25.342884
3.650000,45.000000,25.341576
3.700000,45.000000,25.340845
3.750000,45.000000,25.340445
3.800000,45.000000,25.340230
3.850000,45.000000,25.340117
3.900000,45.000000,25.340058
3.950000,45.000000,25.340028
4.000000,45.000000,25.340014
4.050000,45.000000,25.340006
4.100000,45.000000,25.340003
4.150000,45.000000,25.340001
4.200000,45.000000,25.340001
4.250000,45.000000,25.340000
4.300000,45.000000,25.340000
4.350000,45.000000,25.340000
4.400000,45.000000,25.340000
4.450000,45.000000,25.340000
4.500000,45.000000,25.340000
4.550000,45.000000,25.340000
4.600000,45.000000,25.340000
4.650000,45.000000,25.340000
4.700000,45.000000,25.340000
4.750000,45.000000,25.340000
4.800000,45.000000,25.340000
4.850000,45.000000,25.340000
4.900000,45.000000,25.340000
4.950000,45.000000,25.340000
5.000000,45.000000,25.340000
5.050000,45.000000,25.340000
5.100000,45.000000,25.340000
5.150000,45.000000,25.340000
5.200000,45.000000,25.340000
5.250000,45.000000,25.340000
5.300000,45.000000,25.340000
5.350000,45.000000,25.340000
5.400000,45.000000,25.340000
5.450000,45.000000,25.340000
5.500000,45.000000,25.340000
5.550000,45.000000,25.340000
5.600000,45.000000,25.340000
5.650000,45.000000,25.340000
5.700000,45.000000,25.340000
5.750000,45.000000,25.340000
5.800000,45.000000,25.340000
5.850000,45.000000,25.340000
5.900000,45.000000,25.340000
5.950000,45.000000,25.340000
6.000000,45.000000,25.340000
0.000000,46.000000,22.701478
0.050000,46.000000,22.247588
0.100000,46.000000,21.819838
0.150000,46.000000,21.447334
0.200000,46.000000,21.157768
0.250000,46.000000,20.974059
0.300000,46.000000,20.911385
0.350000,46.000000,20.975163
0.400000,46.000000,21.160361
0.450000,46.000000,21.452285
0.500000,46.000000,21.828724
0.550000,46.000000,22.263058
0.600000,46.000000,22.727832
0.650000,46.000000,23.198224
0.700000,46.000000,23.654951
0.750000,46.000000,24.086331
0.800000,46.000000,24.489406
0.850000,46.000000,24.870222
0.900000,46.000000,25.243483
0.950000,46.000000,25.631799
1.000000,46.000000,26.064736
1.050000,46.000000,26.577756
1.100000,46.000000,27.211017
1.150000,46.000000,28.007915
1.200000,46.000000,29.013193
1.250000,46.000000,30.270424
1.300000,46.000000,31.818775
1.350000,46.000000,33.689072
1.400000,46.000000,35.899341
1.450000,46.000000,38.450211
1.500000,46.000000,41.320692
1.550000,46.000000,44.464973
1.600000,46.000000,47.810900
1.650000,46.000000,51.260701
1.700000,46.000000,54.694339
1.750000,46.000000,57.975556
1.800000,46.000000,60.960351
1.850000,46.000000,63.507204
1.900000,46.000000,65.488098
1.950000,46.000000,66.799152
2.000000,46.000000,67.369639
2.050000,46.000000,67.168308
2.100000,46.000000,66.206221
2.150000,46.000000,64.535744
2.200000,46.000000,62.245830
2.250000,46.000000,59.454170
2.300000,46.000000,56.297188
2.350000,46.000000,52.919063
2.400000,46.000000,49.460984
2.450000,46.000000,46.051750
2.500000,46.000000,42.800517
2.550000,46.000000,39.792179
2.600000,46.000000,37.085470
2.650000,46.000000,34.713554
2.700000,46.000000,32.686620
2.750000,46.000000,30.995849
2.800000,46.000000,29.618098
2.850000,46.000000,28.520687
2.900000,46.000000,27.665809
2.950000,46.000000,27.014241
3.000000,46.000000,26.528178
3.050000,46.000000,26.173172
3.100000,46.000000,25.919249
3.150000,46.000000,25.741345
3.200000,46.000000,25.619229
3.250000,46.000000,25.537091
3.300000,46.000000,25.482947
3.350000,46.000000,25.447964
3.400000,46.000000,25.425806
3.450000,46.000000,25.412047
3.500000,46.000000,25.403670
3.550000,46.000000,25.398669
3.600000,46.000000,25.395741
3.650000,46.000000,25.394060
3.700000,46.000000,25.393114
3.750000,46.000000,25.392591
3.800000,46.000000,25.392308
3.850000,46.000000,25.392158
3.900000,46.000000,25.392079
3.950000,46.000000,25.392039
4.000000,46.000000,25.392019
4.050000,46.000000,25.392009
4.100000,46.000000,25.392004
4.150000,46.000000,25.392002
4.200000,46.000000,25.392001
4.250000,46.000000,25.392000
4.300000,46.000000,25.392000
4.350000,46.000000,25.392000
4.400000,46.000000,25.392000
4.450000,46.000000,25.392000
4.500000,46.000000,25.392000
4.550000,46.000000,25.392000
4.600000,46.000000,25.392000
4.650000,46.000000,25.392000
4.700000,46.000000,25.392000
4.750000,46.000000,25.392000
4.800000,46.000000,25.392000
4.850000,46.000000,25.392000
4.900000,46.000000,25.392000
4.950000,46.000000,25.392000
5.000000,46.000000,25.392000
5.050000,46.000000,25.392000
5.100000,46.000000,25.392000
5.150000,46.000000,25.392000
5.200000,46.000000,25.392000
5.250000,46.000000,25.392000
5.300000,46.000000,25.392000
5.350000,46.000000,25.392000
5.400000,46.000000,25.392000
5.450000,46.000000,25.392000
5.500000,46.000000,25.392000
5.550000,46.000000,25.392000
5.600000,46.000000,25.392000
5.650000,46.000000,25.392000
5.700000,46.000000,25.392000
5.750000,46.000000,25.392000
5.800000,46.000000,25.392000
5.850000,46.000000,25.392000
5.900000,46.000000,25.392000
5.950000,46.000000,25.392000
6.000000,46.000000,25.392000
0.000000,47.000000,22.720244
0.050000,47.000000,22.260743
0.100000,47.000000,21.827702
0.150000,47.000000,21.450582
0.200000,47.000000,21.157411
0.250000,47.000000,20.971379
0.300000,47.000000,20.907833
0.350000,47.000000,20.972225
0.400000,47.000000,21.159407
0.450000,47.000000,21.454419
0.500000,47.000000,21.834640
0.550000,47.000000,22.272918
0.600000,47.000000,22.741151
0.650000,47.000000,23.213767
0.700000,47.000000,23.670620
0.750000,47.000000,24.099025
0.800000,47.000000,24.494852
0.850000,47.000000,24.862766
0.900000,47.000000,25.215855
0.950000,47.000000,25.574885
1.000000,47.000000,25.967404
1.050000,47.000000,26.426793
1.100000,47.000000,26.991268
1.150000,47.000000,27.702698
1.200000,47.000000,28.605059
1.250000,47.000000,29.742310
1.300000,47.000000,31.155553
1.350000,47.000000,32.879425
1.400000,47.000000,34.937853
1.450000,47.000000,37.339454
1.500000,47.000000,40.073064
1.550000,47.000000,43.103991
1.600000,47.000000,46.371662
1.650000,47.000000,49.789283
1.700000,47.000000,53.246001
1.750000,47.000000,56.611772
1.800000,47.000000,59.744819
1.850000,47.000000,62.501189
1.900000,47.000000,64.745561
1.950000,47.000000,66.362199
2.000000,47.000000,67.264827
2.050000,47.000000,67.404255
2.100000,47.000000,66.772823
2.150000,47.000000,65.405093
2.200000,47.000000,63.374720
2.250000,47.000000,60.787880
2.300000,47.000000,57.774079
2.350000,47.000000,54.475449
2.400000,47.000000,51.035755
2.450000,47.000000,47.590282
2.500000,47.000000,44.257560
2.550000,47.000000,41.133553
2.600000,47.000000,38.288569
2.650000,47.000000,35.766810
2.700000,47.000000,33.588149
2.750000,47.000000,31.751582
2.800000,47.000000,30.239673
2.850000,47.000000,29.023361
2.900000,47.000000,28.066593
2.950000,47.000000,27.330365
3.000000,47.000000,26.775956
3.050000,47.000000,26.367259
3.100000,47.000000,26.072242
3.150000,47.000000,25.863662
3.200000,47.000000,25.719195
3.250000,47.000000,25.621155
3.300000,47.000000,25.555952
3.350000,47.000000,25.513452
3.400000,47.000000,25.486296
3.450000,47.000000,25.469287
3.500000,47.000000,25.458841
3.550000,47.000000,25.452550
3.600000,47.000000,25.448836
3.650000,47.000000,25.446685
3.700000,47.000000,25.445463
3.750000,47.000000,25.444783
3.800000,47.000000,25.444411
3.850000,47.000000,25.444212
3.900000,47.000000,25.444107
3.950000,47.000000,25.444053
4.000000,47.000000,25.444026
4.050000,47.000000,25.444012
4.100000,47.000000,25.444006
4.150000,47.000000,25.444003
4.200000,47.000000,25.444001
4.250000,47.000000,25.444001
4.300000,47.000000,25.444000
4.350000,47.000000,25.444000
4.400000,47.000000,25.444000
4.450000,47.000000,25.444000
4.500000,47.000000,25.444000
4.550000,47.000000,25.444000
4.600000,47.000000,25.444000
4.650000,47.000000,25.444000
4.700000,47.000000,25.444000
4.750000,47.000000,25.444000
4.800000,47.000000,25.444000
4.850000,47.000000,25.444000
4.900000,47.000000,25.444000
4.950000,47.000000,25.444000
5.000000,47.000000,25.444000
5.050000,47.000000,25.444000
5.100000,47.000000,25.444000
5.150000,47.000000,25.444000
5.200000,47.000000,25.444000
5.250000,47.000000,25.444000
5.300000,47.000000,25.444000
5.350000,47.000000,25.444000
5.400000,47.000000,25.444000
5.450000,47.000000,25.444000
5.500000,47.000000,25.444000
5.550000,47.000000,25.444000
5.600000,47.000000,25.444000
5.650000,47.000000,25.444000
5.700000,47.000000,25.444000
5.750000,47.000000,25.444000
5.800000,47.000000,25.444000
5.850000,47.000000,25.444000
5.900000,47.000000,25.444000
5.950000,47.000000,25.444000
6.000000,47.000000,25.444000
0.000000,48.000000,22.739740
0.050000,48.000000,22.274754
0.100000,48.000000,21.836540
0.150000,48.000000,21.454908
0.200000,48.000000,21.158217
0.250000,48.000000,20.969924
0.300000,48.000000,20.905545
0.350000,48.000000,20.970570
0.400000,48.000000,21.159748
0.450000,48.000000,21.457871
0.500000,48.000000,21.841938
0.550000,48.000000,22.284301
0.600000,48.000000,22.756267
0.650000,48.000000,23.231582
0.700000,48.000000,23.689320
0.750000,48.000000,24.115899
0.800000,48.000000,24.506132
0.850000,48.000000,24.863433
0.900000,48.000000,25.199407
0.950000,48.000000,25.533089
1.000000,48.000000,25.890082
1.050000,48.000000,26.301697
1.100000,48.000000,26.804115
1.150000,48.000000,27.437448
1.200000,48.000000,28.244517
1.250000,48.000000,29.269101
1.300000,48.000000,30.553502
1.350000,48.000000,32.135305
1.400000,48.000000,34.043397
1.450000,48.000000,36.293477
1.500000,48.000000,38.883447
1.550000,48.000000,41.789249
1.600000,48.000000,44.961803
1.650000,48.000000,48.325704
1.700000,48.000000,51.780221
1.750000,48.000000,55.202967
1.800000,48.000000,58.456252
1.850000,48.000000,61.395795
1.900000,48.000000,63.881107
1.950000,48.000000,65.786525
2.000000,48.000000,67.011713
2.050000,48.000000,67.490409
2.100000,48.000000,67.196364
2.150000,48.000000,66.145726
2.200000,48.000000,64.395571
2.250000,48.000000,62.038765
2.300000,48.000000,59.195807
2.350000,48.000000,56.004638
2.400000,48.000000,52.609628
2.450000,48.000000,49.150940
2.500000,48.000000,45.755349
2.550000,48.000000,42.529289
2.600000,48.000000,39.554564
2.650000,48.000000,36.886763
2.700000,48.000000,34.556122
2.750000,48.000000,32.570320
2.800000,48.000000,30.918565
2.850000,48.000000,29.576320
2.900000,48.000000,28.510069
2.950000,48.000000,27.681654
3.000000,48.000000,27.051891
3.050000,48.000000,26.583292
3.100000,48.000000,26.241904
3.150000,48.000000,25.998329
3.200000,48.000000,25.828096
3.250000,48.000000,25.711530
3.300000,48.000000,25.633317
3.350000,48.000000,25.581883
3.400000,48.000000,25.548730
3.450000,48.000000,25.527782
3.500000,48.000000,25.514805
3.550000,48.000000,25.506923
3.600000,48.000000,25.502228
3.650000,48.000000,25.499486
3.700000,48.000000,25.497916
3.750000,48.000000,25.497033
3.800000,48.000000,25.496547
3.850000,48.000000,25.496284
3.900000,48.000000,25.496145
3.950000,48.000000,25.496073
4.000000,48.000000,25.496036
4.050000,48.000000,25.496017
4.100000,48.000000,25.496008
4.150000,48.000000,25.496004
4.200000,48.000000,25.496002
4.250000,48.000000,25.496001
4.300000,48.000000,25.496000
4.350000,48.000000,25.496000
4.400000,48.000000,25.496000
4.450000,48.000000,25.496000
4.500000,48.000000,25.496000
4.550000,48.000000,25.496000
4.600000,48.000000,25.496000
4.650000,48.000000,25.496000
4.700000,48.000000,25.496000
4.750000,48.000000,25.496000
4.800000,48.000000,25.496000
4.850000,48.000000,25.496000
4.900000,48.000000,25.496000
4.950000,48.000000,25.496000
5.000000,48.000000,25.496000
5.050000,48.000000,25.496000
5.100000,48.000000,25.496000
5.150000,48.000000,25.496000
5.200000,48.000000,25.496000
5.250000,48.000000,25.496000
5.300000,48.000000,25.496000
5.350000,48.000000,25.496000
5.400000,48.000000,25.496000
5.450000,48.000000,25.496000
5.500000,48.000000,25.496000
5.550000,48.000000,25.496000
5.600000,48.000000,25.496000
5.650000,48.000000,25.496000
5.700000,48.000000,25.496000
5.750000,48.000000,25.496000
5.800000,48.000000,25.496000
5.850000,48.000000,25.496000
5.900000,48.000000,25.496000
5.950000,48.000000,25.496000
6.000000,48.000000,25.496000
0.000000,49.000000,22.759952
0.050000,49.000000,22.289601
0.100000,49.000000,21.846329
0.150000,49.000000,21.460287
0.200000,49.000000,21.160158
0.250000,49.000000,20.969663
0.300000,49.000000,20.904483
0.350000,49.000000,20.970154
0.400000,49.000000,21.161328
0.450000,49.000000,21.462567
0.500000,49.000000,21.850513
0.550000,49.000000,22.297060
0.600000,49.000000,22.772970
0.650000,49.000000,23.251365
0.700000,49.000000,23.710617
0.750000,49.000000,24.136339
0.800000,49.000000,24.522403
0.850000,49.000000,24.871094
0.900000,49.000000,25.192664
0.950000,49.000000,25.504542
1.000000,49.000000,25.830482
1.050000,49.000000,26.199766
1.100000,49.000000,26.646493
1.150000,49.000000,27.208859
1.200000,49.000000,27.928208
1.250000,49.000000,28.847658
1.300000,49.000000,30.010047
1.350000,49.000000,31.455089
1.400000,49.000000,33.215721
1.450000,49.000000,35.313787
1.500000,49.000000,37.755414
1.550000,49.000000,40.526556
1.600000,49.000000,43.589355
1.650000,49.000000,46.879970
1.700000,49.000000,50.308500
1.750000,49.000000,53.761447
1.800000,49.000000,57.106898
1.850000,49.000000,60.202269
1.900000,49.000000,62.904054
1.950000,49.000000,65.078712
2.000000,49.000000,66.613552
2.050000,49.000000,67.426401
2.100000,49.000000,67.472890
2.150000,49.000000,66.750462
2.200000,49.000000,65.298612
2.250000,49.000000,63.195304
2.300000,49.000000,60.550039
2.350000,49.000000,57.494421
2.400000,49.000000,54.171352
2.450000,49.000000,50.724083
2.500000,49.000000,47.286284
2.550000,49.000000,43.974029
2.600000,49.000000,40.880312
2.650000,49.000000,38.072286
2.700000,49.000000,35.591098
2.750000,49.000000,33.453909
2.800000,49.000000,31.657495
2.850000,49.000000,30.182771
2.900000,49.000000,28.999601
2.950000,49.000000,28.071378
3.000000,49.000000,27.358979
3.050000,49.000000,26.823893
3.100000,49.000000,26.430438
3.150000,49.000000,26.147133
3.200000,49.000000,25.947330
3.250000,49.000000,25.809283
3.300000,49.000000,25.715826
3.350000,49.000000,25.653822
3.400000,49.000000,25.613503
3.450000,49.000000,25.587803
3.500000,49.000000,25.571743
3.550000,49.000000,25.561904
3.600000,49.000000,25.555993
3.650000,49.000000,25.552511
3.700000,49.000000,25.550499
3.750000,49.000000,25.549359
3.800000,49.000000,25.548726
3.850000,49.000000,25.548380
3.900000,49.000000,25.548196
3.950000,49.000000,25.548099
4.000000,49.000000,25.548049
4.050000,49.000000,25.548024
4.100000,49.000000,25.548011
4.150000,49.000000,25.548005
4.200000,49.000000,25.548002
4.250000,49.000000,25.548001
4.300000,49.000000,25.548000
4.350000,49.000000,25.548000
4.400000,49.000000,25.548000
4.450000,49.000000,25.548000
4.500000,49.000000,25.548000
4.550000,49.000000,25.548000
4.600000,49.000000,25.548000
4.650000,49.000000,25.548000
4.700000,49.000000,25.548000
4.750000,49.000000,25.548000
4.800000,49.000000,25.548000
4.850000,49.000000,25.548000
4.900000,49.000000,25.548000
4.950000,49.000000,25.548000
5.000000,49.000000,25.548000
5.050000,49.000000,25.548000
5.100000,49.000000,25.548000
5.150000,49.000000,25.548000
5.200000,49.000000,25.548000
5.250000,49.000000,25.548000
5.300000,49.000000,25.548000
5.350000,49.000000,25.548000
5.400000,49.000000,25.548000
5.450000,49.000000,25.548000
5.500000,49.000000,25.548000
5.550000,49.000000,25.548000
5.600000,49.000000,25.548000
5.650000,49.000000,25.548000
5.700000,49.000000,25.548000
5.750000,49.000000,25.548000
5.800000,49.000000,25.548000
5.850000,49.000000,25.548000
5.900000,49.000000,25.548000
5.950000,49.000000,25.548000
6.000000,49.000000,25.548000
0.000000,50.000000,22.780862
0.050000,50.000000,22.305265
0.100000,50.000000,21.857047
0.150000,50.000000,21.466695
0.200000,50.000000,21.163206
0.250000,50.000000,20.970564
0.300000,50.000000,20.904614
0.350000,50.000000,20.970936
0.400000,50.000000,21.164098
0.450000,50.000000,21.468443
0.500000,50.000000,21.860279
0.550000,50.000000,22.311073
0.600000,50.000000,22.791080
0.650000,50.000000,23.272855
0.700000,50.000000,23.734136
0.750000,50.000000,24.159818
0.800000,50.000000,24.542931
0.850000,50.000000,24.884753
0.900000,50.000000,25.194309
0.950000,50.000000,25.487553
1.000000,50.000000,25.786501
1.050000,50.000000,26.118473
1.100000,50.000000,26.515488
1.150000,50.000000,27.013710
1.200000,50.000000,27.652771
1.250000,50.000000,28.474709
1.300000,50.000000,29.522316
1.350000,50.000000,30.836685
1.400000,50.000000,32.453919
1.450000,50.000000,34.401074
1.500000,50.000000,36.691600
1.550000,50.000000,39.320731
1.600000,50.000000,42.261388
1.650000,50.000000,45.461266
1.700000,50.000000,48.841759
1.750000,50.000000,52.299261
1.800000,50.000000,55.709145
1.850000,50.000000,58.932417
1.900000,50.000000,61.824677
1.950000,50.000000,64.246628
2.000000,50.000000,66.075116
2.050000,50.000000,67.213476
2.100000,50.000000,67.600000
2.150000,50.000000,67.213476
2.200000,50.000000,66.075116
2.250000,50.000000,64.246629
2.300000,50.000000,61.824679
2.350000,50.000000,58.932422
2.400000,50.000000,55.709158
2.450000,50.000000,52.299293
2.500000,50.000000,48.841829
2.550000,50.000000,45.461419
2.600000,50.000000,42.261712
2.650000,50.000000,39.321399
2.700000,50.000000,36.692938
2.750000,50.000000,34.403678
2.800000,50.000000,32.458848
2.850000,50.000000,30.845750
2.900000,50.000000,29.538523
2.950000,50.000000,28.502877
3.000000,50.000000,27.700357
3.050000,50.000000,27.091857
3.100000,50.000000,26.640233
3.150000,50.000000,26.312039
3.200000,50.000000,26.078460
3.250000,50.000000,25.915615
3.300000,50.000000,25.804380
3.350000,50.000000,25.729924
3.400000,50.000000,25.681079
3.450000,50.000000,25.649670
3.500000,50.000000,25.629871
3.550000,50.000000,25.617635
3.600000,50.000000,25.610221
3.650000,50.000000,25.605815
3.700000,50.000000,25.603248
3.750000,50.000000,25.601781
3.800000,50.000000,25.600958
3.850000,50.000000,25.600506
3.900000,50.000000,25.600263
3.950000,50.000000,25.600134
4.000000,50.000000,25.600067
4.050000,50.000000,25.600033
4.100000,50.000000,25.600016
4.150000,50.000000,25.600007
4.200000,50.000000,25.600003
4.250000,50.000000,25.600002
4.300000,50.000000,25.600001
4.350000,50.000000,25.600000
4.400000,50.000000,25.600000
4.450000,50.000000,25.600000
4.500000,50.000000,25.600000
4.550000,50.000000,25.600000
4.600000,50.000000,25.600000
4.650000,50.000000,25.600000
4.700000,50.000000,25.600000
4.750000,50.000000,25.600000
4.800000,50.000000,25.600000
4.850000,50.000000,25.600000
4.900000,50.000000,25.600000
4.950000,50.000000,25.600000
5.000000,50.000000,25.600000
5.050000,50.000000,25.600000
5.100000,50.000000,25.600000
5.150000,50.000000,25.600000
5.200000,50.000000,25.600000
5.250000,50.000000,25.600000
5.300000,50.000000,25.600000
5.350000,50.000000,25.600000
5.400000,50.000000,25.600000
5.450000,50.000000,25.600000
5.500000,50.000000,25.600000
5.550000,50.000000,25.600000
5.600000,50.000000,25.600000
5.650000,50.000000,25.600000
5.700000,50.000000,25.600000
5.750000,50.000000,25.600000
5.800000,50.000000,25.600000
5.850000,50.000000,25.600000
5.900000,50.000000,25.600000
5.950000,50.000000,25.600000
6.000000,50.000000,25.600000
0.000000,51.000000,22.802457
0.050000,51.000000,22.321729
0.100000,51.000000,21.868675
0.150000,51.000000,21.474107
0.200000,51.000000,21.167337
0.250000,51.000000,20.972598
0.300000,51.000000,20.905904
0.350000,51.000000,20.972880
0.400000,51.000000,21.168013
0.450000,51.000000,21.475442
0.500000,51.000000,21.871162
0.550000,51.000000,22.326234
0.600000,51.000000,22.810447
0.650000,51.000000,23.295834
0.700000,51.000000,23.759562
0.750000,51.000000,24.185882
0.800000,51.000000,24.567080
0.850000,51.000000,24.903535
0.900000,51.000000,25.203175
0.950000,51.000000,25.480604
1.000000,51.000000,25.756222
1.050000,51.000000,26.055480
1.100000,51.000000,26.408347
1.150000,51.000000,26.848903
1.200000,51.000000,27.414879
1.250000,51.000000,28.146907
1.300000,51.000000,29.087219
1.350000,51.000000,30.277608
1.400000,51.000000,31.756514
1.450000,51.000000,33.555276
1.500000,51.000000,35.693745
1.550000,51.000000,38.175610
1.600000,51.000000,40.983985
1.650000,51.000000,44.077874
1.700000,51.000000,47.390213
1.750000,51.000000,50.828052
1.800000,51.000000,54.275338
1.850000,51.000000,57.598415
1.900000,51.000000,60.654036
1.950000,51.000000,63.299303
2.000000,51.000000,65.402612
2.050000,51.000000,66.854462
2.100000,51.000000,67.576890
2.150000,51.000000,67.530401
2.200000,51.000000,66.717552
2.250000,51.000000,65.182713
2.300000,51.000000,63.008057
2.350000,51.000000,60.306275
2.400000,51.000000,57.210912
2.450000,51.000000,53.865478
2.500000,51.000000,50.412570
2.550000,51.000000,46.984122
2.600000,51.000000,43.693676
2.650000,51.000000,40.631217
2.700000,51.000000,37.860737
2.750000,51.000000,35.420363
2.800000,51.000000,33.324595
2.850000,51.000000,31.568054
2.900000,51.000000,30.130075
2.950000,51.000000,28.979515
3.000000,51.000000,28.079270
3.050000,51.000000,27.390143
3.100000,51.000000,26.873863
3.150000,51.000000,26.495197
3.200000,51.000000,26.223221
3.250000,51.000000,26.031883
3.300000,51.000000,25.900007
3.350000,51.000000,25.810945
3.400000,51.000000,25.752000
3.450000,51.000000,25.713762
3.500000,51.000000,25.689447
3.550000,51.000000,25.674288
3.600000,51.000000,25.665023
3.650000,51.000000,25.659470
3.700000,51.000000,25.656206
3.750000,51.000000,25.654325
3.800000,51.000000,25.653262
3.850000,51.000000,25.652672
3.900000,51.000000,25.652351
3.950000,51.000000,25.652180
4.000000,51.000000,25.652091
4.050000,51.000000,25.652045
4.100000,51.000000,25.652022
4.150000,51.000000,25.652010
4.200000,51.000000,25.652005
4.250000,51.000000,25.652002
4.300000,51.000000,25.652001
4.350000,51.000000,25.652000
4.400000,51.000000,25.652000
4.450000,51.000000,25.652000
4.500000,51.000000,25.652000
4.550000,51.000000,25.652000
4.600000,51.000000,25.652000
4.650000,51.000000,25.652000
4.700000,51.000000,25.652000
4.750000,51.000000,25.652000
4.800000,51.000000,25.652000
4.850000,51.000000,25.652000
4.900000,51.000000,25.652000
4.950000,51.000000,25.652000
5.000000,51.000000,25.652000
5.050000,51.000000,25.652000
5.100000,51.000000,25.652000
5.150000,51.000000,25.652000
5.200000,51.000000,25.652000
5.250000,51.000000,25.652000
5.300000,51.000000,25.652000
5.350000,51.000000,25.652000
5.400000,51.000000,25.652000
5.450000,51.000000,25.652000
5.500000,51.000000,25.652000
5.550000,51.000000,25.652000
5.600000,51.000000,25.652000
5.650000,51.000000,25.652000
5.700000,51.000000,25.652000
5.750000,51.000000,25.652000
5.800000,51.000000,25.652000
5.850000,51.000000,25.652000
5.900000,51.000000,25.652000
5.950000,51.000000,25.652000
6.000000,51.000000,25.652000
0.000000,52.000000,22.824719
0.050000,52.000000,22.338974
0.100000,52.000000,21.881190
0.150000,52.000000,21.482502
0.200000,52.000000,21.172523
0.250000,52.000000,20.975739
0.300000,52.000000,20.908323
0.350000,52.000000,20.975951
0.400000,52.000000,21.173035
0.450000,52.000000,21.483518
0.500000,52.000000,21.883098
0.550000,52.000000,22.342457
0.600000,52.000000,22.830946
0.650000,52.000000,23.320120
0.700000,52.000000,23.786628
0.750000,52.000000,24.214146
0.800000,52.000000,24.594301
0.850000,52.000000,24.926682
0.900000,52.000000,25.218231
0.950000,52.000000,25.482337
1.000000,52.000000,25.737909
1.050000,52.000000,26.008635
1.100000,52.000000,26.322497
1.150000,52.000000,26.711478
1.200000,52.000000,27.211289
1.250000,52.000000,27.860886
1.300000,52.000000,28.701516
1.350000,52.000000,29.775062
1.400000,52.000000,31.121532
1.450000,52.000000,32.775660
1.500000,52.000000,34.762756
1.550000,52.000000,37.094081
1.600000,52.000000,39.762233
1.650000,52.000000,42.737133
1.700000,52.000000,45.963277
1.750000,52.000000,49.358908
1.800000,52.000000,52.817614
1.850000,52.000000,56.212632
1.900000,52.000000,59.403804
1.950000,52.000000,62.246764
2.000000,52.000000,64.603571
2.050000,52.000000,66.353726
2.100000,52.000000,67.404364
2.150000,52.000000,67.698409
2.200000,52.000000,67.219713
2.250000,52.000000,65.994526
2.300000,52.000000,64.089110
2.350000,52.000000,61.603801
2.400000,52.000000,58.664265
2.450000,52.000000,55.410998
2.500000,52.000000,51.988289
2.550000,52.000000,48.533853
2.600000,52.000000,45.170120
2.650000,52.000000,41.997902
2.700000,52.000000,39.092755
2.750000,52.000000,36.504024
2.800000,52.000000,34.256215
2.850000,52.000000,32.352167
2.900000,52.000000,30.777348
2.950000,52.000000,29.504641
3.000000,52.000000,28.499042
3.050000,52.000000,27.721852
3.100000,52.000000,27.134078
3.150000,52.000000,26.698946
3.200000,52.000000,26.383530
3.250000,52.000000,26.159604
3.300000,52.000000,26.003871
3.350000,52.000000,25.897755
3.400000,52.000000,25.826896
3.450000,52.000000,25.780524
3.500000,52.000000,25.750776
3.550000,52.000000,25.732068
3.600000,52.000000,25.720534
3.650000,52.000000,25.713561
3.700000,52.000000,25.709428
3.750000,52.000000,25.707025
3.800000,52.000000,25.705655
3.850000,52.000000,25.704889
3.900000,52.000000,25.704469
3.950000,52.000000,25.704242
4.000000,52.000000,25.704123
4.050000,52.000000,25.704061
4.100000,52.000000,25.704030
4.150000,52.000000,25.704014
4.200000,52.000000,25.704007
4.250000,52.000000,25.704003
4.300000,52.000000,25.704001
4.350000,52.000000,25.704001
4.400000,52.000000,25.704000
4.450000,52.000000,25.704000
4.500000,52.000000,25.704000
4.550000,52.000000,25.704000
4.600000,52.000000,25.704000
4.650000,52.000000,25.704000
4.700000,52.000000,25.704000
4.750000,52.000000,25.704000
4.800000,52.000000,25.704000
4.850000,52.000000,25.704000
4.900000,52.000000,25.704000
4.950000,52.000000,25.704000
5.000000,52.000000,25.704000
5.050000,52.000000,25.704000
5.100000,52.000000,25.704000
5.150000,52.000000,25.704000
5.200000,52.000000,25.704000
5.250000,52.000000,25.704000
5.300000,52.000000,25.704000
5.350000,52.000000,25.704000
5.400000,52.000000,25.704000
5.450000,52.000000,25.704000
5.500000,52.000000,25.704000
5.550000,52.000000,25.704000
5.600000,52.000000,25.704000
5.650000,52.000000,25.704000
5.700000,52.000000,25.704000
5.750000,52.000000,25.704000
5.800000,52.000000,25.704000
5.850000,52.000000,25.704000
5.900000,52.000000,25.704000
5.950000,52.000000,25.704000
6.000000,52.000000,25.704000
0.000000,53.000000,22.847636
0.050000,53.000000,22.356984
0.100000,53.000000,21.894575
0.150000,53.000000,21.491857
0.200000,53.000000,21.178742
0.250000,53.000000,20.979960
0.300000,53.000000,20.911844
0.350000,53.000000,20.980119
0.400000,53.000000,21.179127
0.450000,53.000000,21.492627
0.500000,53.000000,21.896032
0.550000,53.000000,22.359666
0.600000,53.000000,22.852471
0.650000,53.000000,23.345559
0.700000,53.000000,23.815106
0.750000,53.000000,24.244281
0.800000,53.000000,24.624126
0.850000,53.000000,24.953532
0.900000,53.000000,25.238573
0.950000,53.000000,25.491545
1.000000,53.000000,25.729996
1.050000,53.000000,25.975970
1.100000,53.000000,26.255548
1.150000,53.000000,26.598639
1.200000,53.000000,27.038864
1.250000,53.000000,27.613306
1.300000,53.000000,28.361873
1.350000,53.000000,29.326010
1.400000,53.000000,30.546589
1.450000,53.000000,32.060895
1.500000,53.000000,33.898769
1.550000,53.000000,36.078121
1.600000,53.000000,38.600235
1.650000,53.000000,41.445395
1.700000,53.000000,44.569488
1.750000,53.000000,47.902250
1.800000,53.000000,51.347741
1.850000,53.000000,54.787443
1.900000,53.000000,58.086076
1.950000,53.000000,61.099879
2.000000,53.000000,63.686719
2.050000,53.000000,65.717093
2.100000,53.000000,67.084823
2.150000,53.000000,67.716255
2.200000,53.000000,67.576827
2.250000,53.000000,66.674200
2.300000,53.000000,65.057563
2.350000,53.000000,62.813195
2.400000,53.000000,60.056832
2.450000,53.000000,56.923803
2.500000,53.000000,53.558069
2.550000,53.000000,50.101431
2.600000,53.000000,46.683975
2.650000,53.000000,43.416637
2.700000,53.000000,40.386357
2.750000,53.000000,37.653971
2.800000,53.000000,35.254615
2.850000,53.000000,33.200183
2.900000,53.000000,31.483212
2.950000,53.000000,30.081525
3.000000,53.000000,28.963036
3.050000,53.000000,28.090201
3.100000,53.000000,27.423793
3.150000,53.000000,26.925810
3.200000,53.000000,26.561486
3.250000,53.000000,26.300465
3.300000,53.000000,26.117286
3.350000,53.000000,25.991344
3.400000,53.000000,25.906495
3.450000,53.000000,25.850474
3.500000,53.000000,25.814220
3.550000,53.000000,25.791221
3.600000,53.000000,25.776917
3.650000,53.000000,25.768195
3.700000,53.000000,25.762979
3.750000,53.000000,25.759921
3.800000,53.000000,25.758163
3.850000,53.000000,25.757171
3.900000,53.000000,25.756622
3.950000,53.000000,25.756325
4.000000,53.000000,25.756166
4.050000,53.000000,25.756084
4.100000,53.000000,25.756041
4.150000,53.000000,25.756020
4.200000,53.000000,25.756010
4.250000,53.000000,25.756004
4.300000,53.000000,25.756002
4.350000,53.000000,25.756001
4.400000,53.000000,25.756000
4.450000,53.000000,25.756000
4.500000,53.000000,25.756000
4.550000,53.000000,25.756000
4.600000,53.000000,25.756000
4.650000,53.000000,25.756000
4.700000,53.000000,25.756000
4.750000,53.000000,25.756000
4.800000,53.000000,25.756000
4.850000,53.000000,25.756000
4.900000,53.000000,25.756000
4.950000,53.000000,25.756000
5.000000,53.000000,25.756000
5.050000,53.000000,25.756000
5.100000,53.000000,25.756000
5.150000,53.000000,25.756000
5.200000,53.000000,25.756000
5.250000,53.000000,25.756000
5.300000,53.000000,25.756000
5.350000,53.000000,25.756000
5.400000,53.000000,25.756000
5.450000,53.000000,25.756000
5.500000,53.000000,25.756000
5.550000,53.000000,25.756000
5.600000,53.000000,25.756000
5.650000,53.000000,25.756000
5.700000,53.000000,25.756000
5.750000,53.000000,25.756000
5.800000,53.000000,25.756000
5.850000,53.000000,25.756000
5.900000,53.000000,25.756000
5.950000,53.000000,25.756000
6.000000,53.000000,25.756000
0.000000,54.000000,22.871192
0.050000,54.000000,22.375741
0.100000,54.000000,21.908808
0.150000,54.000000,21.502150
0.200000,54.000000,21.185969
0.250000,54.000000,20.985235
0.300000,54.000000,20.916439
0.350000,54.000000,20.985354
0.400000,54.000000,21.186258
0.450000,54.000000,21.502732
0.500000,54.000000,21.909918
0.550000,54.000000,22.377799
0.600000,54.000000,22.874932
0.650000,54.000000,23.372020
0.700000,54.000000,23.844809
0.750000,54.000000,24.276009
0.800000,54.000000,24.656152
0.850000,54.000000,24.983516
0.900000,54.000000,25.263412
0.950000,54.000000,25.507163
1.000000,54.000000,25.731084
1.050000,54.000000,25.955701
1.100000,54.000000,26.205297
1.150000,54.000000,26.507763
1.200000,54.000000,26.894605
1.250000,54.000000,27.400898
1.300000,54.000000,28.064926
1.350000,54.000000,28.927244
1.400000,54.000000,30.028964
1.450000,54.000000,31.409136
1.500000,54.000000,33.101226
1.550000,54.000000,35.128858
1.600000,54.000000,37.501132
1.650000,54.000000,40.208019
1.700000,54.000000,43.216444
1.750000,54.000000,46.467718
1.800000,54.000000,49.876970
1.850000,54.000000,53.335057
1.900000,54.000000,56.713185
1.950000,54.000000,59.870169
2.000000,54.000000,62.661830
2.050000,54.000000,64.951744
2.100000,54.000000,66.622221
2.150000,54.000000,67.584308
2.200000,54.000000,67.785639
2.250000,54.000000,67.215153
2.300000,54.000000,65.904101
2.350000,54.000000,63.923210
2.400000,54.000000,61.376364
2.450000,54.000000,58.391586
2.500000,54.000000,55.110406
2.550000,54.000000,51.676847
2.600000,54.000000,48.227209
2.650000,54.000000,44.881610
2.700000,54.000000,41.737969
2.750000,54.000000,38.868697
2.800000,54.000000,36.320044
2.850000,54.000000,34.113723
2.900000,54.000000,32.250243
2.950000,54.000000,30.713306
3.000000,54.000000,29.474609
3.050000,54.000000,28.498497
3.100000,54.000000,27.746071
3.150000,54.000000,27.178492
3.200000,54.000000,26.759377
3.250000,54.000000,26.456333
3.300000,54.000000,26.241723
3.350000,54.000000,26.092838
3.400000,54.000000,25.991633
3.450000,54.000000,25.924218
3.500000,54.000000,25.880205
3.550000,54.000000,25.852038
3.600000,54.000000,25.834367
3.650000,54.000000,25.823497
3.700000,54.000000,25.816942
3.750000,54.000000,25.813065
3.800000,54.000000,25.810816
3.850000,54.000000,25.809537
3.900000,54.000000,25.808824
3.950000,54.000000,25.808433
4.000000,54.000000,25.808224
4.050000,54.000000,25.808113
4.100000,54.000000,25.808056
4.150000,54.000000,25.808028
4.200000,54.000000,25.808013
4.250000,54.000000,25.808006
4.300000,54.000000,25.808003
4.350000,54.000000,25.808001
4.400000,54.000000,25.808001
4.450000,54.000000,25.808000
4.500000,54.000000,25.808000
4.550000,54.000000,25.808000
4.600000,54.000000,25.808000
4.650000,54.000000,25.808000
4.700000,54.000000,25.808000
4.750000,54.000000,25.808000
4.800000,54.000000,25.808000
4.850000,54.000000,25.808000
4.900000,54.000000,25.808000
4.950000,54.000000,25.808000
5.000000,54.000000,25.808000
5.050000,54.000000,25.808000
5.100000,54.000000,25.808000
5.150000,54.000000,25.808000
5.200000,54.000000,25.808000
5.250000,54.000000,25.808000
5.300000,54.000000,25.808000
5.350000,54.000000,25.808000
5.400000,54.000000,25.808000
5.450000,54.000000,25.808000
5.500000,54.000000,25.808000
5.550000,54.000000,25.808000
5.600000,54.000000,25.808000
5.650000,54.000000,25.808000
5.700000,54.000000,25.808000
5.750000,54.000000,25.808000
5.800000,54.000000,25.808000
5.850000,54.000000,25.808000
5.900000,54.000000,25.808000
5.950000,54.000000,25.808000
6.000000,54.000000,25.808000
0.000000,55.000000,22.895373
0.050000,55.000000,22.395228
0.100000,55.000000,21.923872
0.150000,55.000000,21.513360
0.200000,55.000000,21.194181
0.250000,55.000000,20.991541
0.300000,55.000000,20.922082
0.350000,55.000000,20.991629
0.400000,55.000000,21.194398
0.450000,55.000000,21.513799
0.500000,55.000000,21.924714
0.550000,55.000000,22.396802
0.600000,55.000000,22.898256
0.650000,55.000000,23.399396
0.700000,55.000000,23.875576
0.750000,55.000000,24.309097
0.800000,55.000000,24.690038
0.850000,55.000000,25.016146
0.900000,55.000000,25.292064
0.950000,55.000000,25.528254
1.000000,55.000000,25.739926
1.050000,55.000000,25.946217
1.100000,55.000000,26.169728
1.150000,55.000000,26.436409
1.200000,55.000000,26.775669
1.250000,55.000000,27.220492
1.300000,55.000000,27.807323
1.350000,55.000000,28.575451
1.400000,55.000000,29.565680
1.450000,55.000000,30.818100
1.500000,55.000000,32.368951
1.550000,55.000000,34.246633
1.600000,55.000000,36.467147
1.650000,55.000000,39.029375
1.700000,55.000000,41.910769
1.750000,55.000000,45.064095
1.800000,55.000000,48.415916
1.850000,55.000000,51.867357
1.900000,55.000000,55.297522
1.950000,55.000000,58.569632
2.000000,55.000000,61.539557
2.050000,55.000000,64.066095
2.100000,55.000000,66.021993
2.150000,55.000000,67.304534
2.200000,55.000000,67.844470
2.250000,55.000000,67.612213
2.300000,55.000000,66.620521
2.350000,55.000000,64.923339
2.400000,55.000000,62.610936
2.450000,55.000000,59.801955
2.500000,55.000000,56.633345
2.550000,55.000000,53.249366
2.600000,55.000000,49.790879
2.650000,55.000000,46.386019
2.700000,55.000000,43.143043
2.750000,55.000000,40.145817
2.800000,55.000000,37.452027
2.850000,55.000000,35.093856
2.900000,55.000000,33.080648
2.950000,55.000000,31.402921
3.000000,55.000000,30.037059
3.050000,55.000000,28.950096
3.100000,55.000000,28.104103
3.150000,55.000000,27.459863
3.200000,55.000000,26.979676
3.250000,55.000000,26.629257
3.300000,55.000000,26.378824
3.350000,55.000000,26.203509
3.400000,55.000000,26.083267
3.450000,55.000000,26.002456
3.500000,55.000000,25.949229
3.550000,55.000000,25.914866
3.600000,55.000000,25.893118
3.650000,55.000000,25.879625
3.700000,55.000000,25.871416
3.750000,55.000000,25.866519
3.800000,55.000000,25.863654
3.850000,55.000000,25.862011
3.900000,55.000000,25.861086
3.950000,55.000000,25.860576
4.000000,55.000000,25.860300
4.050000,55.000000,25.860153
4.100000,55.000000,25.860077
4.150000,55.000000,25.860038
4.200000,55.000000,25.860018
4.250000,55.000000,25.860009
4.300000,55.000000,25.860004
4.350000,55.000000,25.860002
4.400000,55.000000,25.860001
4.450000,55.000000,25.860000
4.500000,55.000000,25.860000
4.550000,55.000000,25.860000
4.600000,55.000000,25.860000
4.650000,55.000000,25.860000
4.700000,55.000000,25.860000
4.750000,55.000000,25.860000
4.800000,55.000000,25.860000
4.850000,55.000000,25.860000
4.900000,55.000000,25.860000
4.950000,55.000000,25.860000
5.000000,55.000000,25.860000
5.050000,55.000000,25.860000
5.100000,55.000000,25.860000
5.150000,55.000000,25.860000
5.200000,55.000000,25.860000
5.250000,55.000000,25.860000
5.300000,55.000000,25.860000
5.350000,55.000000,25.860000
5.400000,55.000000,25.860000
5.450000,55.000000,25.860000
5.500000,55.000000,25.860000
5.550000,55.000000,25.860000
5.600000,55.000000,25.860000
5.650000,55.000000,25.860001
5.700000,55.000000,25.860001
5.750000,55.000000,25.860001
5.800000,55.000000,25.860001
5.850000,55.000000,25.860001
5.900000,55.000000,25.860000
5.950000,55.000000,25.860000
6.000000,55.000000,25.860000
0.000000,56.000000,22.920165
0.050000,56.000000,22.415430
0.100000,56.000000,21.939748
0.150000,56.000000,21.525468
0.200000,56.000000,21.203358
0.250000,56.000000,20.998854
0.300000,56.000000,20.928749
0.350000,56.000000,20.998919
0.400000,56.000000,21.203519
0.450000,56.000000,21.525797
0.500000,56.000000,21.940385
0.550000,56.000000,22.416630
0.600000,56.000000,22.922380
0.650000,56.000000,23.427597
0.700000,56.000000,23.907275
0.750000,56.000000,24.343348
0.800000,56.000000,24.725496
0.850000,56.000000,25.051005
0.900000,56.000000,25.323937
0.950000,56.000000,25.554001
1.000000,56.000000,25.755421
1.050000,56.000000,25.946075
1.100000,56.000000,26.147006
1.150000,56.000000,26.382324
1.200000,56.000000,26.679387
1.250000,56.000000,27.069052
1.300000,56.000000,27.585771
1.350000,56.000000,28.267271
1.400000,56.000000,29.153569
1.450000,56.000000,30.285154
1.500000,56.000000,31.700231
1.550000,56.000000,33.431068
1.600000,56.000000,35.499632
1.650000,56.000000,37.912863
1.700000,56.000000,40.658093
1.750000,56.000000,43.699240
1.800000,56.000000,46.974441
1.850000,56.000000,50.395749
1.900000,56.000000,53.851358
1.950000,56.000000,57.210556
2.000000,56.000000,60.331262
2.050000,56.000000,63.069648
2.100000,56.000000,65.290963
2.150000,56.000000,66.880470
2.200000,56.000000,67.753248
2.250000,56.000000,67.861705
2.300000,56.000000,67.199881
2.350000,56.000000,65.803989
2.400000,56.000000,63.749131
2.450000,56.000000,61.142606
2.500000,56.000000,58.114636
2.550000,56.000000,54.807629
2.600000,56.000000,51.365193
2.650000,56.000000,47.922090
2.700000,56.000000,44.596039
2.750000,56.000000,41.482018
2.800000,56.000000,38.649285
2.850000,56.000000,36.141020
2.900000,56.000000,33.976187
2.950000,56.000000,32.153034
3.000000,56.000000,30.653568
3.050000,56.000000,29.448362
3.100000,56.000000,28.501172
3.150000,56.000000,27.772949
3.200000,56.000000,27.225039
3.250000,56.000000,26.821473
3.300000,56.000000,26.530403
3.350000,56.000000,26.324784
3.400000,56.000000,26.182485
3.450000,56.000000,26.085994
3.500000,56.000000,26.021874
3.550000,56.000000,25.980112
3.600000,56.000000,25.953450
3.650000,56.000000,25.936762
3.700000,56.000000,25.926522
3.750000,56.000000,25.920360
3.800000,56.000000,25.916725
3.850000,56.000000,25.914622
3.900000,56.000000,25.913428
3.950000,56.000000,25.912763
4.000000,56.000000,25.912401
4.050000,56.000000,25.912206
4.100000,56.000000,25.912104
4.150000,56.000000,25.912052
4.200000,56.000000,25.912025
4.250000,56.000000,25.912012
4.300000,56.000000,25.912006
4.350000,56.000000,25.912003
4.400000,56.000000,25.912001
4.450000,56.000000,25.912001
4.500000,56.000000,25.912000
4.550000,56.000000,25.912000
4.600000,56.000000,25.912000
4.650000,56.000000,25.912000
4.700000,56.000000,25.912000
4.750000,56.000000,25.912000
4.800000,56.000000,25.912000
4.850000,56.000000,25.912000
4.900000,56.000000,25.912000
4.950000,56.000000,25.912000
5.000000,56.000000,25.912000
5.050000,56.000000,25.912000
5.100000,56.000000,25.912000
5.150000,56.000000,25.912000
5.200000,56.000000,25.912000
5.250000,56.000000,25.912000
5.300000,56.000000,25.912000
5.350000,56.000000,25.912000
5.400000,56.000000,25.912000
5.450000,56.000000,25.912000
5.500000,56.000000,25.912000
5.550000,56.000000,25.912000
5.600000,56.000000,25.912001
5.650000,56.000000,25.912001
5.700000,56.000000,25.912001
5.750000,56.000000,25.912001
5.800000,56.000000,25.912001
5.850000,56.000000,25.912001
5.900000,56.000000,25.912001
5.950000,56.000000,25.912000
6.000000,56.000000,25.912000
0.000000,57.000000,22.945556
0.050000,57.000000,22.436332
0.100000,57.000000,21.956418
0.150000,57.000000,21.538453
0.200000,57.000000,21.213476
0.250000,57.000000,21.007150
0.300000,57.000000,20.936416
0.350000,57.000000,21.007199
0.400000,57.000000,21.213596
0.450000,57.000000,21.538698
0.500000,57.000000,21.956898
0.550000,57.000000,22.437242
0.600000,57.000000,22.947251
0.650000,57.000000,23.456549
0.700000,57.000000,23.939797
0.750000,57.000000,24.378597
0.800000,57.000000,24.762282
0.850000,57.000000,25.087736
0.900000,57.000000,25.358522
0.950000,57.000000,25.583691
1.000000,57.000000,25.776600
1.050000,57.000000,25.953990
1.100000,57.000000,26.135475
1.150000,57.000000,26.343441
1.200000,57.000000,26.603267
1.250000,57.000000,26.943689
1.300000,57.000000,27.397071
1.350000,57.000000,27.999342
1.400000,57.000000,28.789341
1.450000,57.000000,29.807382
1.500000,57.000000,31.092896
1.550000,57.000000,32.681148
1.600000,57.000000,34.599136
1.650000,57.000000,36.860951
1.700000,57.000000,39.463055
1.750000,57.000000,42.380046
1.800000,57.000000,45.561570
1.850000,57.000000,48.931034
1.900000,57.000000,52.386681
1.950000,57.000000,55.805333
2.000000,57.000000,59.048832
2.050000,57.000000,61.972834
2.100000,57.000000,64.437224
2.150000,57.000000,66.317156
2.200000,57.000000,67.513504
2.250000,57.000000,67.961515
2.300000,57.000000,67.636614
2.350000,57.000000,66.556640
2.400000,57.000000,64.780222
2.450000,57.000000,62.401505
2.500000,57.000000,59.541891
2.550000,57.000000,56.339791
2.600000,57.000000,52.939605
2.650000,57.000000,49.481123
2.700000,57.000000,46.090423
2.750000,57.000000,42.873019
2.800000,57.000000,39.909678
2.850000,57.000000,37.254944
2.900000,57.000000,34.938087
2.950000,57.000000,32.965962
3.000000,57.000000,31.327133
3.050000,57.000000,29.996616
3.100000,57.000000,28.940627
3.150000,57.000000,28.120908
3.200000,57.000000,27.498292
3.250000,57.000000,27.035406
3.300000,57.000000,26.698462
3.350000,57.000000,26.458258
3.400000,57.000000,26.290519
3.450000,57.000000,26.175754
3.500000,57.000000,26.098811
3.550000,57.000000,26.048253
3.600000,57.000000,26.015691
3.650000,57.000000,25.995133
3.700000,57.000000,25.982407
3.750000,57.000000,25.974684
3.800000,57.000000,25.970088
3.850000,57.000000,25.967405
3.900000,57.000000,25.965870
3.950000,57.000000,25.965008
4.000000,57.000000,25.964533
4.050000,57.000000,25.964277
4.100000,57.000000,25.964141
4.150000,57.000000,25.964071
4.200000,57.000000,25.964035
4.250000,57.000000,25.964017
4.300000,57.000000,25.964008
4.350000,57.000000,25.964004
4.400000,57.000000,25.964002
4.450000,57.000000,25.964001
4.500000,57.000000,25.964000
4.550000,57.000000,25.964000
4.600000,57.000000,25.964000
4.650000,57.000000,25.964000
4.700000,57.000000,25.964000
4.750000,57.000000,25.964000
4.800000,57.000000,25.964000
4.850000,57.000000,25.964000
4.900000,57.000000,25.964000
4.950000,57.000000,25.964000
5.000000,57.000000,25.964000
5.050000,57.000000,25.964000
5.100000,57.000000,25.964000
5.150000,57.000000,25.964000
5.200000,57.000000,25.964000
5.250000,57.000000,25.964000
5.300000,57.000000,25.964000
5.350000,57.000000,25.964000
5.400000,57.000000,25.964000
5.450000,57.000000,25.964000
5.500000,57.000000,25.964000
5.550000,57.000000,25.964001
5.600000,57.000000,25.964001
5.650000,57.000000,25.964001
5.700000,57.000000,25.964001
5.750000,57.000000,25.964001
5.800000,57.000000,25.964001
5.850000,57.000000,25.964001
5.900000,57.000000,25.964001
5.950000,57.000000,25.964001
6.000000,57.000000,25.964000
0.000000,58.000000,22.971531
0.050000,58.000000,22.457916
0.100000,58.000000,21.973865
0.150000,58.000000,21.552295
0.200000,58.000000,21.224516
0.250000,58.000000,21.016409
0.300000,58.000000,20.945060
0.350000,58.000000,21.016444
0.400000,58.000000,21.224604
0.450000,58.000000,21.552478
0.500000,58.000000,21.974225
0.550000,58.000000,22.458605
0.600000,58.000000,22.972824
0.650000,58.000000,23.486187
0.700000,58.000000,23.973048
0.750000,58.000000,24.414707
0.800000,58.000000,24.800192
0.850000,58.000000,25.126040
0.900000,58.000000,25.395385
0.950000,58.000000,25.616711
1.000000,58.000000,25.802613
1.050000,58.000000,25.968820
1.100000,58.000000,26.133647
1.150000,58.000000,26.317876
1.200000,58.000000,26.545005
1.250000,58.000000,26.841685
1.300000,58.000000,27.238148
1.350000,58.000000,27.768354
1.400000,58.000000,28.469643
1.450000,58.000000,29.381660
1.500000,58.000000,30.544399
1.550000,58.000000,31.995299
1.600000,58.000000,33.765470
1.650000,58.000000,35.875222
1.700000,58.000000,38.329315
1.750000,58.000000,41.112415
1.800000,58.000000,44.185417
1.850000,58.000000,47.483288
1.900000,58.000000,50.915041
1.950000,58.000000,54.366284
2.000000,58.000000,57.704493
2.050000,58.000000,60.786839
2.100000,58.000000,63.469996
2.150000,58.000000,65.621049
2.200000,58.000000,67.128354
2.250000,58.000000,67.911131
2.300000,58.000000,67.926628
2.350000,58.000000,67.173993
2.400000,58.000000,65.694351
2.450000,58.000000,63.567081
2.500000,58.000000,60.902764
2.550000,58.000000,57.833667
2.600000,58.000000,54.502912
2.650000,58.000000,51.053551
2.700000,58.000000,47.618684
2.750000,58.000000,44.313551
2.800000,58.000000,41.230149
2.850000,58.000000,38.434574
2.900000,58.000000,35.966966
2.950000,58.000000,33.843591
3.000000,58.000000,32.060501
3.050000,58.000000,30.598075
3.100000,58.000000,29.425834
3.150000,58.000000,28.507000
3.200000,58.000000,27.802421
3.250000,58.000000,27.273660
3.300000,58.000000,26.885184
3.350000,58.000000,26.605698
3.400000,58.000000,26.408751
3.450000,58.000000,26.272788
3.500000,58.000000,26.180817
3.550000,58.000000,26.119848
3.600000,58.000000,26.080234
3.650000,58.000000,26.055003
3.700000,58.000000,26.039249
3.750000,58.000000,26.029604
3.800000,58.000000,26.023815
3.850000,58.000000,26.020407
3.900000,58.000000,26.018440
3.950000,58.000000,26.017326
4.000000,58.000000,26.016707
4.050000,58.000000,26.016370
4.100000,58.000000,26.016190
4.150000,58.000000,26.016096
4.200000,58.000000,26.016048
4.250000,58.000000,26.016023
4.300000,58.000000,26.016011
4.350000,58.000000,26.016005
4.400000,58.000000,26.016002
4.450000,58.000000,26.016001
4.500000,58.000000,26.016000
4.550000,58.000000,26.016000
4.600000,58.000000,26.016000
4.650000,58.000000,26.016000
4.700000,58.000000,26.016000
4.750000,58.000000,26.016000
4.800000,58.000000,26.016000
4.850000,58.000000,26.016000
4.900000,58.000000,26.016000
4.950000,58.000000,26.016000
5.000000,58.000000,26.016000
5.050000,58.000000,26.016000
5.100000,58.000000,26.016000
5.150000,58.000000,26.016000
5.200000,58.000000,26.016000
5.250000,58.000000,26.016000
5.300000,58.000000,26.016000
5.350000,58.000000,26.016000
5.400000,58.000000,26.016000
5.450000,58.000000,26.016000
5.500000,58.000000,26.016001
5.550000,58.000000,26.016001
5.600000,58.000000,26.016001
5.650000,58.000000,26.016002
5.700000,58.000000,26.016002
5.750000,58.000000,26.016002
5.800000,58.000000,26.016002
5.850000,58.000000,26.016002
5.900000,58.000000,26.016001
5.950000,58.000000,26.016001
6.000000,58.000000,26.016001
0.000000,59.000000,22.998078
0.050000,59.000000,22.480170
0.100000,59.000000,21.992071
0.150000,59.000000,21.566977
0.200000,59.000000,21.236456
0.250000,59.000000,21.026608
0.300000,59.000000,20.954659
0.350000,59.000000,21.026634
0.400000,59.000000,21.236521
0.450000,59.000000,21.567113
0.500000,59.000000,21.992340
0.550000,59.000000,22.480689
0.600000,59.000000,22.999061
0.650000,59.000000,23.516461
0.700000,59.000000,24.006952
0.750000,59.000000,24.451565
0.800000,59.000000,24.839056
0.850000,59.000000,25.165663
0.900000,59.000000,25.434155
0.950000,59.000000,25.652531
1.000000,59.000000,25.832721
1.050000,59.000000,25.989562
1.100000,59.000000,26.140195
1.150000,59.000000,26.303927
1.200000,59.000000,26.502482
1.250000,59.000000,26.760500
1.300000,59.000000,27.106071
1.350000,59.000000,27.571077
1.400000,59.000000,28.191110
1.450000,59.000000,29.004728
1.500000,59.000000,30.051893
1.550000,59.000000,31.371467
1.600000,59.000000,32.997785
1.650000,59.000000,34.956439
1.700000,59.000000,37.259592
1.750000,59.000000,39.901254
1.800000,59.000000,42.853144
1.850000,59.000000,46.061771
1.900000,59.000000,49.447414
1.950000,59.000000,52.905489
2.000000,59.000000,56.310628
2.050000,59.000000,59.523426
2.100000,59.000000,62.399474
2.150000,59.000000,64.799906
2.200000,59.000000,66.602435
2.250000,59.000000,67.711651
2.300000,59.000000,68.067379
2.350000,59.000000,67.650093
2.400000,59.000000,66.482688
2.450000,59.000000,64.628400
2.500000,59.000000,62.185129
2.550000,59.000000,59.276888
2.600000,59.000000,56.043390
2.650000,59.000000,52.629021
2.700000,59.000000,49.172368
2.750000,59.000000,45.797352
2.800000,59.000000,42.606685
2.850000,59.000000,39.678012
2.900000,59.000000,37.062753
2.950000,59.000000,34.787304
3.000000,59.000000,32.856090
3.050000,59.000000,31.255795
3.100000,59.000000,29.960130
3.150000,59.000000,28.934562
3.200000,59.000000,28.140549
3.250000,59.000000,27.539016
3.300000,59.000000,27.092943
3.350000,59.000000,26.769054
3.400000,59.000000,26.538731
3.450000,59.000000,26.378286
3.500000,59.000000,26.268781
3.550000,59.000000,26.195542
3.600000,59.000000,26.147534
3.650000,59.000000,26.116688
3.700000,59.000000,26.097259
3.750000,59.000000,26.085261
3.800000,59.000000,26.077996
3.850000,59.000000,26.073683
3.900000,59.000000,26.071172
3.950000,59.000000,26.069738
4.000000,59.000000,26.068935
4.050000,59.000000,26.068493
4.100000,59.000000,26.068256
4.150000,59.000000,26.068130
4.200000,59.000000,26.068065
4.250000,59.000000,26.068032
4.300000,59.000000,26.068015
4.350000,59.000000,26.068007
4.400000,59.000000,26.068003
4.450000,59.000000,26.068002
4.500000,59.000000,26.068001
4.550000,59.000000,26.068000
4.600000,59.000000,26.068000
4.650000,59.000000,26.068000
4.700000,59.000000,26.068000
4.750000,59.000000,26.068000
4.800000,59.000000,26.068000
4.850000,59.000000,26.068000
4.900000,59.000000,26.068000
4.950000,59.000000,26.068000
5.000000,59.000000,26.068000
5.050000,59.000000,26.068000
5.100000,59.000000,26.068000
5.150000,59.000000,26.068000
5.200000,59.000000,26.068000
5.250000,59.000000,26.068000
5.300000,59.000000,26.068000
5.350000,59.000000,26.068000
5.400000,59.000000,26.068000
5.450000,59.000000,26.068001
5.500000,59.000000,26.068001
5.550000,59.000000,26.068002
5.600000,59.000000,26.068002
5.650000,59.000000,26.068003
5.700000,59.000000,26.068003
5.750000,59.000000,26.068003
5.800000,59.000000,26.068003
5.850000,59.000000,26.068003
5.900000,59.000000,26.068002
5.950000,59.000000,26.068002
6.000000,59.000000,26.068001
0.000000,60.000000,23.025185
0.050000,60.000000,22.503077
0.100000,60.000000,22.011020
0.150000,60.000000,21.582479
0.200000,60.000000,21.249277
0.250000,60.000000,21.037726
0.300000,60.000000,20.965192
0.350000,60.000000,21.037745
0.400000,60.000000,21.249325
0.450000,60.000000,21.582579
0.500000,60.000000,22.011221
0.550000,60.000000,22.503467
0.600000,60.000000,23.025929
0.650000,60.000000,23.547324
0.700000,60.000000,24.041447
0.750000,60.000000,24.489077
0.800000,60.000000,24.878731
0.850000,60.000000,25.206392
0.900000,60.000000,25.474520
0.950000,60.000000,25.690698
1.000000,60.000000,25.866287
1.050000,60.000000,26.015337
1.100000,60.000000,26.153941
1.150000,60.000000,26.300060
1.200000,60.000000,26.473767
1.250000,60.000000,26.697779
1.300000,60.000000,26.998075
1.350000,60.000000,27.404400
1.400000,60.000000,27.950411
1.450000,60.000000,28.673242
1.500000,60.000000,29.612308
1.550000,60.000000,30.807201
1.600000,60.000000,32.294650
1.650000,60.000000,34.104606
1.700000,60.000000,36.255705
1.750000,60.000000,38.750489
1.800000,60.000000,41.570922
1.850000,60.000000,44.674854
1.900000,60.000000,47.994086
1.950000,60.000000,51.434633
2.000000,60.000000,54.879593
2.050000,60.000000,58.194747
2.100000,60.000000,61.236656
2.150000,60.000000,63.862656
2.200000,60.000000,65.941827
2.250000,60.000000,67.365760
2.300000,60.000000,68.057916
2.350000,60.000000,67.980439
2.400000,60.000000,67.137589
2.450000,60.000000,65.575349
2.500000,60.000000,63.377271
2.550000,60.000000,60.657080
2.600000,60.000000,57.548929
2.650000,60.000000,54.196500
2.700000,60.000000,50.742138
2.750000,60.000000,47.317173
2.800000,60.000000,44.034288
2.850000,60.000000,40.982455
2.900000,60.000000,38.224615
2.950000,60.000000,35.797893
3.000000,60.000000,33.715914
3.050000,60.000000,31.972598
3.100000,60.000000,30.546767
3.150000,60.000000,29.406958
3.200000,60.000000,28.515913
3.250000,60.000000,27.834420
3.300000,60.000000,27.324295
3.350000,60.000000,26.950459
3.400000,60.000000,26.682176
3.450000,60.000000,26.493591
3.500000,60.000000,26.363719
3.550000,60.000000,26.276082
3.600000,60.000000,26.218126
3.650000,60.000000,26.180560
3.700000,60.000000,26.156691
3.750000,60.000000,26.141822
3.800000,60.000000,26.132741
3.850000,60.000000,26.127303
3.900000,60.000000,26.124109
3.950000,60.000000,26.122270
4.000000,60.000000,26.121231
4.050000,60.000000,26.120655
4.100000,60.000000,26.120342
4.150000,60.000000,26.120176
4.200000,60.000000,26.120088
4.250000,60.000000,26.120044
4.300000,60.000000,26.120021
4.350000,60.000000,26.120010
4.400000,60.000000,26.120005
4.450000,60.000000,26.120002
4.500000,60.000000,26.120001
4.550000,60.000000,26.120000
4.600000,60.000000,26.120000
4.650000,60.000000,26.120000
4.700000,60.000000,26.120000
4.750000,60.000000,26.120000
4.800000,60.000000,26.120000
4.850000,60.000000,26.120000
4.900000,60.000000,26.120000
4.950000,60.000000,26.120000
5.000000,60.000000,26.120000
5.050000,60.000000,26.120000
5.100000,60.000000,26.120000
5.150000,60.000000,26.120000
5.200000,60.000000,26.120000
5.250000,60.000000,26.120000
5.300000,60.000000,26.120000
5.350000,60.000000,26.120000
5.400000,60.000000,26.120001
5.450000,60.000000,26.120001
5.500000,60.000000,26.120002
5.550000,60.000000,26.120002
5.600000,60.000000,26.120003
5.650000,60.000000,26.120004
5.700000,60.000000,26.120004
5.750000,60.000000,26.120005
5.800000,60.000000,26.120004
5.850000,60.000000,26.120004
5.900000,60.000000,26.120003
5.950000,60.000000,26.120002
6.000000,60.000000,26.120002
0.000000,61.000000,23.052839
0.050000,61.000000,22.526623
0.100000,61.000000,22.030696
0.150000,61.000000,21.598783
0.200000,61.000000,21.262960
0.250000,61.000000,21.049743
0.300000,61.000000,20.976637
0.350000,61.000000,21.049757
0.400000,61.000000,21.262995
0.450000,61.000000,21.598857
0.500000,61.000000,22.030845
0.550000,61.000000,22.526915
0.600000,61.000000,23.053400
0.650000,61.000000,23.578741
0.700000,61.000000,24.076478
0.750000,61.000000,24.527163
0.800000,61.000000,24.919099
0.850000,61.000000,25.248050
0.900000,61.000000,25.516214
0.950000,61.000000,25.730827
1.000000,61.000000,25.902758
1.050000,61.000000,26.045376
1.100000,61.000000,26.173844
1.150000,61.000000,26.304905
1.200000,61.000000,26.457108
1.250000,61.000000,26.651352
1.300000,61.000000,26.911569
1.350000,61.000000,27.265352
1.400000,61.000000,27.744295
1.450000,61.000000,28.383837
1.500000,61.000000,29.222410
1.550000,61.000000,30.299728
1.600000,61.000000,31.654135
1.650000,61.000000,33.319046
1.700000,61.000000,35.318634
1.750000,61.000000,37.663090
1.800000,61.000000,40.343930
1.850000,61.000000,43.329959
1.900000,61.000000,46.564547
1.950000,61.000000,49.964860
2.000000,61.000000,53.423551
2.050000,61.000000,56.813159
2.100000,61.000000,59.993165
2.150000,61.000000,62.819245
2.200000,61.000000,65.153946
2.250000,61.000000,66.877688
2.300000,61.000000,67.898898
2.350000,61.000000,68.162060
2.400000,61.000000,67.652722
2.450000,61.000000,66.398803
2.500000,61.000000,64.468064
2.550000,61.000000,61.962039
2.600000,61.000000,59.007196
2.650000,61.000000,55.744392
2.700000,61.000000,52.317846
2.750000,61.000000,48.864814
2.800000,61.000000,45.506966
2.850000,61.000000,42.344155
2.900000,61.000000,39.450890
2.950000,61.000000,36.875481
3.000000,61.000000,34.641499
3.050000,61.000000,32.750999
3.100000,61.000000,31.188853
3.150000,61.000000,29.927539
3.200000,61.000000,28.931831
3.250000,61.000000,28.162959
3.300000,61.000000,27.581975
3.350000,61.000000,27.152234
3.400000,61.000000,26.840987
3.450000,61.000000,26.620204
3.500000,61.000000,26.466783
3.550000,61.000000,26.362326
3.600000,61.000000,26.292632
3.650000,61.000000,26.247058
3.700000,61.000000,26.217846
3.750000,61.000000,26.199490
3.800000,61.000000,26.188182
3.850000,61.000000,26.181350
3.900000,61.000000,26.177304
3.950000,61.000000,26.174954
4.000000,61.000000,26.173615
4.050000,61.000000,26.172867
4.100000,61.000000,26.172456
4.150000,61.000000,26.172236
4.200000,61.000000,26.172120
4.250000,61.000000,26.172060
4.300000,61.000000,26.172029
4.350000,61.000000,26.172014
4.400000,61.000000,26.172007
4.450000,61.000000,26.172003
4.500000,61.000000,26.172001
4.550000,61.000000,26.172001
4.600000,61.000000,26.172000
4.650000,61.000000,26.172000
4.700000,61.000000,26.172000
4.750000,61.000000,26.172000
4.800000,61.000000,26.172000
4.850000,61.000000,26.172000
4.900000,61.000000,26.172000
4.950000,61.000000,26.172000
5.000000,61.000000,26.172000
5.050000,61.000000,26.172000
5.100000,61.000000,26.172000
5.150000,61.000000,26.172000
5.200000,61.000000,26.172000
5.250000,61.000000,26.172000
5.300000,61.000000,26.172000
5.350000,61.000000,26.172000
5.400000,61.000000,26.172001
5.450000,61.000000,26.172001
5.500000,61.000000,26.172002
5.550000,61.000000,26.172003
5.600000,61.000000,26.172005
5.650000,61.000000,26.172006
5.700000,61.000000,26.172006
5.750000,61.000000,26.172007
5.800000,61.000000,26.172006
5.850000,61.000000,26.172006
5.900000,61.000000,26.172005
5.950000,61.000000,26.172003
6.000000,61.000000,26.172002
0.000000,62.000000,23.081028
0.050000,62.000000,22.550795
0.100000,62.000000,22.051082
0.150000,62.000000,21.615871
0.200000,62.000000,21.277484
0.250000,62.000000,21.062640
0.300000,62.000000,20.988974
0.350000,62.000000,21.062650
0.400000,62.000000,21.277510
0.450000,62.000000,21.615925
0.500000,62.000000,22.051192
0.550000,62.000000,22.551013
0.600000,62.000000,23.081450
0.650000,62.000000,23.610680
0.700000,62.000000,24.112004
0.750000,62.000000,24.565760
0.800000,62.000000,24.960063
0.850000,62.000000,25.290489
0.900000,62.000000,25.559017
0.950000,62.000000,25.772589
1.000000,62.000000,25.941663
1.050000,62.000000,26.079016
1.100000,62.000000,26.198992
1.150000,62.000000,26.317244
1.200000,62.000000,26.450926
1.250000,62.000000,26.619238
1.300000,62.000000,26.844149
1.350000,62.000000,27.151120
1.400000,62.000000,27.569612
1.450000,62.000000,28.133168
1.500000,62.000000,28.878876
1.550000,62.000000,29.846031
1.600000,62.000000,31.073890
1.650000,62.000000,32.598481
1.700000,62.000000,34.448583
1.750000,62.000000,36.641117
1.800000,62.000000,39.176359
1.850000,62.000000,42.033531
1.900000,62.000000,45.167417
1.950000,62.000000,48.506656
2.000000,62.000000,51.954308
2.050000,62.000000,55.391044
2.100000,62.000000,58.681065
2.150000,62.000000,61.680469
2.200000,62.000000,64.247415
2.250000,62.000000,66.253132
2.300000,62.000000,67.592581
2.350000,62.000000,68.193567
2.400000,62.000000,68.023180
2.450000,62.000000,67.090782
2.500000,62.000000,65.447155
2.550000,62.000000,63.179919
2.600000,62.000000,60.405798
2.650000,62.000000,57.260677
2.700000,62.000000,53.888633
2.750000,62.000000,50.431171
2.800000,62.000000,47.017738
2.850000,62.000000,43.758383
2.900000,62.000000,40.739026
2.950000,62.000000,38.019452
3.000000,62.000000,35.633807
3.050000,62.000000,33.593131
3.100000,62.000000,31.889278
3.150000,62.000000,30.499586
3.200000,62.000000,29.391666
3.250000,62.000000,28.527841
3.300000,62.000000,27.868884
3.350000,62.000000,27.376888
3.400000,62.000000,27.017247
3.450000,62.000000,26.759796
3.500000,62.000000,26.579271
3.550000,62.000000,26.455254
3.600000,62.000000,26.371771
3.650000,62.000000,26.316695
3.700000,62.000000,26.281081
3.750000,62.000000,26.258507
3.800000,62.000000,26.244478
3.850000,62.000000,26.235930
3.900000,62.000000,26.230822
3.950000,62.000000,26.227830
4.000000,62.000000,26.226111
4.050000,62.000000,26.225142
4.100000,62.000000,26.224607
4.150000,62.000000,26.224316
4.200000,62.000000,26.224162
4.250000,62.000000,26.224081
4.300000,62.000000,26.224040
4.350000,62.000000,26.224019
4.400000,62.000000,26.224009
4.450000,62.000000,26.224004
4.500000,62.000000,26.224002
4.550000,62.000000,26.224001
4.600000,62.000000,26.224000
4.650000,62.000000,26.224000
4.700000,62.000000,26.224000
4.750000,62.000000,26.224000
4.800000,62.000000,26.224000
4.850000,62.000000,26.224000
4.900000,62.000000,26.224000
4.950000,62.000000,26.224000
5.000000,62.000000,26.224000
5.050000,62.000000,26.224000
5.100000,62.000000,26.224000
5.150000,62.000000,26.224000
5.200000,62.000000,26.224000
5.250000,62.000000,26.224000
5.300000,62.000000,26.224000
5.350000,62.000000,26.224001
5.400000,62.000000,26.224001
5.450000,62.000000,26.224002
5.500000,62.000000,26.224003
5.550000,62.000000,26.224005
5.600000,62.000000,26.224007
5.650000,62.000000,26.224008
5.700000,62.000000,26.224009
5.750000,62.000000,26.224010
5.800000,62.000000,26.224009
5.850000,62.000000,26.224008
5.900000,62.000000,26.224007
5.950000,62.000000,26.224005
6.000000,62.000000,26.224003
0.000000,63.000000,23.109740
0.050000,63.000000,22.575578
0.100000,63.000000,22.072163
0.150000,63.000000,21.633727
0.200000,63.000000,21.292833
0.250000,63.000000,21.076396
0.300000,63.000000,21.002183
0.350000,63.000000,21.076403
0.400000,63.000000,21.292851
0.450000,63.000000,21.633767
0.500000,63.000000,22.072244
0.550000,63.000000,22.575740
0.600000,63.000000,23.110056
0.650000,63.000000,23.643115
0.700000,63.000000,24.147986
0.750000,63.000000,24.604814
0.800000,63.000000,25.001542
0.850000,63.000000,25.333586
0.900000,63.000000,25.602741
0.950000,63.000000,25.815709
1.000000,63.000000,25.982599
1.050000,63.000000,26.115682
1.100000,63.000000,26.228590
1.150000,63.000000,26.336002
1.200000,63.000000,26.453808
1.250000,63.000000,26.599635
1.300000,63.000000,26.793593
1.350000,63.000000,27.059066
1.400000,63.000000,27.423353
1.450000,63.000000,27.917958
1.500000,63.000000,28.578339
1.550000,63.000000,29.442916
1.600000,63.000000,30.551221
1.650000,63.000000,31.941106
1.700000,63.000000,33.645052
1.750000,63.000000,35.685772
1.800000,63.000000,38.071436
1.850000,63.000000,40.791020
1.900000,63.000000,43.810380
1.950000,63.000000,47.069737
2.000000,63.000000,50.483171
2.050000,63.000000,53.940633
2.100000,63.000000,57.312676
2.150000,63.000000,60.457798
2.200000,63.000000,63.231919
2.250000,63.000000,65.499155
2.300000,63.000000,67.142782
2.350000,63.000000,68.075180
2.400000,63.000000,68.245567
2.450000,63.000000,67.644581
2.500000,63.000000,66.305132
2.550000,63.000000,64.299415
2.600000,63.000000,61.732469
2.650000,63.000000,58.733065
2.700000,63.000000,55.443044
2.750000,63.000000,52.006309
2.800000,63.000000,48.558657
2.850000,63.000000,45.219419
2.900000,63.000000,42.085538
2.950000,63.000000,39.228374
3.000000,63.000000,36.693152
3.050000,63.000000,34.500661
3.100000,63.000000,32.650651
3.150000,63.000000,31.126252
3.200000,63.000000,29.898776
3.250000,63.000000,28.932367
3.300000,63.000000,28.188072
3.350000,63.000000,27.627107
3.400000,63.000000,27.213226
3.450000,63.000000,26.914218
3.500000,63.000000,26.702641
3.550000,63.000000,26.555979
3.600000,63.000000,26.456367
3.650000,63.000000,26.390067
3.700000,63.000000,26.346816
3.750000,63.000000,26.319159
3.800000,63.000000,26.301822
3.850000,63.000000,26.291166
3.900000,63.000000,26.284744
3.950000,63.000000,26.280949
4.000000,63.000000,26.278750
4.050000,63.000000,26.277500
4.100000,63.000000,26.276803
4.150000,63.000000,26.276422
4.200000,63.000000,26.276218
4.250000,63.000000,26.276110
4.300000,63.000000,26.276055
4.350000,63.000000,26.276027
4.400000,63.000000,26.276013
4.450000,63.000000,26.276006
4.500000,63.000000,26.276003
4.550000,63.000000,26.276001
4.600000,63.000000,26.276001
4.650000,63.000000,26.276000
4.700000,63.000000,26.276000
4.750000,63.000000,26.276000
4.800000,63.000000,26.276000
4.850000,63.000000,26.276000
4.900000,63.000000,26.276000
4.950000,63.000000,26.276000
5.000000,63.000000,26.276000
5.050000,63.000000,26.276000
5.100000,63.000000,26.276000
5.150000,63.000000,26.276000
5.200000,63.000000,26.276000
5.250000,63.000000,26.276000
5.300000,63.000000,26.276000
5.350000,63.000000,26.276001
5.400000,63.000000,26.276002
5.450000,63.000000,26.276003
5.500000,63.000000,26.276005
5.550000,63.000000,26.276007
5.600000,63.000000,26.276010
5.650000,63.000000,26.276012
5.700000,63.000000,26.276014
5.750000,63.000000,26.276014
5.800000,63.000000,26.276014
5.850000,63.000000,26.276012
5.900000,63.000000,26.276010
5.950000,63.000000,26.276007
6.000000,63.000000,26.276005
0.000000,64.000000,23.138964
0.050000,64.000000,22.600960
0.100000,64.000000,22.093923
0.150000,64.000000,21.652334
0.200000,64.000000,21.308987
0.250000,64.000000,21.090993
0.300000,64.000000,21.016245
0.350000,64.000000,21.090998
0.400000,64.000000,21.309000
0.450000,64.000000,21.652362
0.500000,64.000000,22.093982
0.550000,64.000000,22.601080
0.600000,64.000000,23.139200
0.650000,64.000000,23.676021
0.700000,64.000000,24.184395
0.750000,64.000000,24.644281
0.800000,64.000000,25.043471
0.850000,64.000000,25.377240
0.900000,64.000000,25.647233
0.950000,64.000000,25.859955
1.000000,64.000000,26.025224
1.050000,64.000000,26.154883
1.100000,64.000000,26.261945
1.150000,64.000000,26.360232
1.200000,64.000000,26.464495
1.250000,64.000000,26.590919
1.300000,64.000000,26.757870
1.350000,64.000000,26.986733
1.400000,64.000000,27.302660
1.450000,64.000000,27.735029
1.500000,64.000000,28.317445
1.550000,64.000000,29.087076
1.600000,64.000000,30.083172
1.650000,64.000000,31.344679
1.700000,64.000000,32.906920
1.750000,64.000000,34.797464
1.800000,64.000000,37.031466
1.850000,64.000000,39.606883
1.900000,64.000000,42.500152
1.950000,64.000000,45.662965
2.000000,64.000000,49.020814
2.050000,64.000000,52.473846
2.100000,64.000000,55.900392
2.150000,64.000000,59.163196
2.200000,64.000000,62.118039
2.250000,64.000000,64.624064
2.300000,64.000000,66.554803
2.350000,64.000000,67.808722
2.400000,64.000000,68.318060
2.450000,64.000000,68.054898
2.500000,64.000000,67.033688
2.550000,64.000000,65.309946
2.600000,64.000000,62.975245
2.650000,64.000000,60.149165
2.700000,64.000000,56.969159
2.750000,64.000000,53.579551
2.800000,64.000000,50.120861
2.850000,64.000000,46.720550
2.900000,64.000000,43.485965
2.950000,64.000000,40.499945
3.000000,64.000000,37.819124
3.050000,64.000000,35.474712
3.100000,64.000000,33.475216
3.150000,64.000000,31.810494
3.200000,64.000000,30.456468
3.250000,64.000000,29.379891
3.300000,64.000000,28.542718
3.350000,64.000000,27.905747
3.400000,64.000000,27.431382
3.450000,64.000000,27.085501
3.500000,64.000000,26.838517
3.550000,64.000000,26.665759
3.600000,64.000000,26.547368
3.650000,64.000000,26.467865
3.700000,64.000000,26.415541
3.750000,64.000000,26.381788
3.800000,64.000000,26.360444
3.850000,64.000000,26.347211
3.900000,64.000000,26.339167
3.950000,64.000000,26.334372
4.000000,64.000000,26.331569
4.050000,64.000000,26.329963
4.100000,64.000000,26.329060
4.150000,64.000000,26.328562
4.200000,64.000000,26.328292
4.250000,64.000000,26.328149
4.300000,64.000000,26.328075
4.350000,64.000000,26.328037
4.400000,64.000000,26.328018
4.450000,64.000000,26.328008
4.500000,64.000000,26.328004
4.550000,64.000000,26.328002
4.600000,64.000000,26.328001
4.650000,64.000000,26.328000
4.700000,64.000000,26.328000
4.750000,64.000000,26.328000
4.800000,64.000000,26.328000
4.850000,64.000000,26.328000
4.900000,64.000000,26.328000
4.950000,64.000000,26.328000
5.000000,64.000000,26.328000
5.050000,64.000000,26.328000
5.100000,64.000000,26.328000
5.150000,64.000000,26.328000
5.200000,64.000000,26.328000
5.250000,64.000000,26.328000
5.300000,64.000000,26.328001
5.350000,64.000000,26.328001
5.400000,64.000000,26.328003
5.450000,64.000000,26.328004
5.500000,64.000000,26.328007
5.550000,64.000000,26.328010
5.600000,64.000000,26.328014
5.650000,64.000000,26.328018
5.700000,64.000000,26.328020
5.750000,64.000000,26.328021
5.800000,64.000000,26.328020
5.850000,64.000000,26.328018
5.900000,64.000000,26.328014
5.950000,64.000000,26.328010
6.000000,64.000000,26.328007
0.000000,65.000000,23.168688
0.050000,65.000000,22.626926
0.100000,65.000000,22.116348
0.150000,65.000000,21.671674
0.200000,65.000000,21.325929
0.250000,65.000000,21.106412
0.300000,65.000000,21.031142
0.350000,65.000000,21.106416
0.400000,65.000000,21.325938
0.450000,65.000000,21.671695
0.500000,65.000000,22.116391
0.550000,65.000000,22.627015
0.600000,65.000000,23.168864
0.650000,65.000000,23.709379
0.700000,65.000000,24.221204
0.750000,65.000000,24.684125
0.800000,65.000000,25.085793
0.850000,65.000000,25.421366
0.900000,65.000000,25.692365
0.950000,65.000000,25.905132
1.000000,65.000000,26.069249
1.050000,65.000000,26.196198
1.100000,65.000000,26.298461
1.150000,65.000000,26.389109
1.200000,65.000000,26.481875
1.250000,65.000000,26.591633
1.300000,65.000000,26.735129
1.350000,65.000000,26.931851
1.400000,65.000000,27.204845
1.450000,65.000000,27.581328
1.500000,65.000000,28.092896
1.550000,65.000000,28.775152
1.600000,65.000000,29.666589
1.650000,65.000000,30.806593
1.700000,65.000000,32.232518
1.750000,65.000000,33.975878
1.800000,65.000000,36.057877
1.850000,65.000000,38.484608
1.900000,65.000000,41.242453
1.950000,65.000000,44.294287
2.000000,65.000000,47.577173
2.050000,65.000000,51.002138
2.100000,65.000000,54.456500
2.150000,65.000000,57.808929
2.200000,65.000000,60.917080
2.250000,65.000000,63.637271
2.300000,65.000000,65.835349
2.350000,65.000000,67.397589
2.400000,65.000000,68.240439
2.450000,65.000000,68.317916
2.500000,65.000000,67.625760
2.550000,65.000000,66.201827
2.600000,65.000000,64.122656
2.650000,65.000000,61.496656
2.700000,65.000000,58.454747
2.750000,65.000000,55.139593
2.800000,65.000000,51.694634
2.850000,65.000000,48.254088
2.900000,65.000000,44.934860
2.950000,65.000000,41.830937
3.000000,65.000000,39.010523
3.050000,65.000000,36.515783
3.100000,65.000000,34.364774
3.150000,65.000000,32.555006
3.200000,65.000000,31.067935
3.250000,65.000000,29.873776
3.300000,65.000000,28.936101
3.350000,65.000000,28.215822
3.400000,65.000000,27.674352
3.450000,65.000000,27.275867
3.500000,65.000000,26.988701
3.550000,65.000000,26.786008
3.600000,65.000000,26.645848
3.650000,65.000000,26.550884
3.700000,65.000000,26.487830
3.750000,65.000000,26.446796
3.800000,65.000000,26.420619
3.850000,65.000000,26.404248
3.900000,65.000000,26.394210
3.950000,65.000000,26.388175
4.000000,65.000000,26.384617
4.050000,65.000000,26.382559
4.100000,65.000000,26.381393
4.150000,65.000000,26.380744
4.200000,65.000000,26.380390
4.250000,65.000000,26.380201
4.300000,65.000000,26.380102
4.350000,65.000000,26.380050
4.400000,65.000000,26.380025
4.450000,65.000000,26.380012
4.500000,65.000000,26.380006
4.550000,65.000000,26.380003
4.600000,65.000000,26.380001
4.650000,65.000000,26.380001
4.700000,65.000000,26.380000
4.750000,65.000000,26.380000
4.800000,65.000000,26.380000
4.850000,65.000000,26.380000
4.900000,65.000000,26.380000
4.950000,65.000000,26.380000
5.000000,65.000000,26.380000
5.050000,65.000000,26.380000
5.100000,65.000000,26.380000
5.150000,65.000000,26.380000
5.200000,65.000000,26.380000
5.250000,65.000000,26.380000
5.300000,65.000000,26.380001
5.350000,65.000000,26.380002
5.400000,65.000000,26.380004
5.450000,65.000000,26.380006
5.500000,65.000000,26.380010
5.550000,65.000000,26.380015
5.600000,65.000000,26.380021
5.650000,65.000000,26.380026
5.700000,65.000000,26.380029
5.750000,65.000000,26.380030
5.800000,65.000000,26.380029
5.850000,65.000000,26.380026
5.900000,65.000000,26.380021
5.950000,65.000000,26.380015
6.000000,65.000000,26.380010
0.000000,66.000000,23.198902
0.050000,66.000000,22.653465
0.100000,66.000000,22.139423
0.150000,66.000000,21.691732
0.200000,66.000000,21.343641
0.250000,66.000000,21.122635
0.300000,66.000000,21.046854
0.350000,66.000000,21.122637
0.400000,66.000000,21.343648
0.450000,66.000000,21.691747
0.500000,66.000000,22.139454
0.550000,66.000000,22.653530
0.600000,66.000000,23.199033
0.650000,66.000000,23.743173
0.700000,66.000000,24.258392
0.750000,66.000000,24.724315
0.800000,66.000000,25.128466
0.850000,66.000000,25.465898
0.900000,66.000000,25.738031
0.950000,66.000000,25.951079
1.000000,66.000000,26.114431
1.050000,66.000000,26.239271
1.100000,66.000000,26.337625
1.150000,66.000000,26.421912
1.200000,66.000000,26.504967
1.250000,66.000000,26.600477
1.300000,66.000000,26.723699
1.350000,66.000000,26.892335
1.400000,66.000000,27.127402
1.450000,66.000000,27.453956
1.500000,66.000000,27.901482
1.550000,66.000000,28.503782
1.600000,66.000000,29.298190
1.650000,66.000000,30.323955
1.700000,66.000000,31.619714
1.750000,66.000000,33.220054
1.800000,66.000000,35.151289
1.850000,66.000000,37.426746
1.900000,66.000000,40.042010
1.950000,66.000000,42.970684
2.000000,66.000000,46.161352
2.050000,66.000000,49.536368
2.100000,66.000000,52.993021
2.150000,66.000000,56.407390
2.200000,66.000000,59.640888
2.250000,66.000000,62.549129
2.300000,66.000000,64.992400
2.350000,66.000000,66.846688
2.400000,66.000000,68.014093
2.450000,66.000000,68.431379
2.500000,66.000000,68.075651
2.550000,66.000000,66.966435
2.600000,66.000000,65.163906
2.650000,66.000000,62.763474
2.700000,66.000000,59.887426
2.750000,66.000000,56.674628
2.800000,66.000000,53.269490
2.850000,66.000000,49.811417
2.900000,66.000000,46.425777
2.950000,66.000000,43.217158
3.000000,66.000000,40.265289
3.050000,66.000000,37.623669
3.100000,66.000000,35.320606
3.150000,66.000000,33.362138
3.200000,66.000000,31.736195
3.250000,66.000000,30.417350
3.300000,66.000000,29.371564
3.350000,66.000000,28.560476
3.400000,66.000000,27.944948
3.450000,66.000000,27.487720
3.500000,66.000000,27.155174
3.550000,66.000000,26.918302
3.600000,66.000000,26.753025
3.650000,66.000000,26.640037
3.700000,66.000000,26.564347
3.750000,66.000000,26.514652
3.800000,66.000000,26.482672
3.850000,66.000000,26.462496
3.900000,66.000000,26.450017
3.950000,66.000000,26.442450
4.000000,66.000000,26.437950
4.050000,66.000000,26.435326
4.100000,66.000000,26.433825
4.150000,66.000000,26.432983
4.200000,66.000000,26.432520
4.250000,66.000000,26.432270
4.300000,66.000000,26.432137
4.350000,66.000000,26.432069
4.400000,66.000000,26.432034
4.450000,66.000000,26.432016
4.500000,66.000000,26.432008
4.550000,66.000000,26.432004
4.600000,66.000000,26.432002
4.650000,66.000000,26.432001
4.700000,66.000000,26.432000
4.750000,66.000000,26.432000
4.800000,66.000000,26.432000
4.850000,66.000000,26.432000
4.900000,66.000000,26.432000
4.950000,66.000000,26.432000
5.000000,66.000000,26.432000
5.050000,66.000000,26.432000
5.100000,66.000000,26.432000
5.150000,66.000000,26.432000
5.200000,66.000000,26.432000
5.250000,66.000000,26.432001
5.300000,66.000000,26.432001
5.350000,66.000000,26.432003
5.400000,66.000000,26.432005
5.450000,66.000000,26.432009
5.500000,66.000000,26.432015
5.550000,66.000000,26.432022
5.600000,66.000000,26.432030
5.650000,66.000000,26.432037
5.700000,66.000000,26.432042
5.750000,66.000000,26.432044
5.800000,66.000000,26.432042
5.850000,66.000000,26.432037
5.900000,66.000000,26.432030
5.950000,66.000000,26.432022
6.000000,66.000000,26.432015
0.000000,67.000000,23.229595
0.050000,67.000000,22.680563
0.100000,67.000000,22.163133
0.150000,67.000000,21.712492
0.200000,67.000000,21.362107
0.250000,67.000000,21.139644
0.300000,67.000000,21.063364
0.350000,67.000000,21.139646
0.400000,67.000000,21.362112
0.450000,67.000000,21.712503
0.500000,67.000000,22.163156
0.550000,67.000000,22.680611
0.600000,67.000000,23.229691
0.650000,67.000000,23.777385
0.700000,67.000000,24.295941
0.750000,67.000000,24.764828
0.800000,67.000000,25.171452
0.850000,67.000000,25.510778
0.900000,67.000000,25.784143
0.950000,67.000000,25.997662
1.000000,67.000000,26.160568
1.050000,67.000000,26.283798
1.100000,67.000000,26.378997
1.150000,67.000000,26.458021
1.200000,67.000000,26.532914
1.250000,67.000000,26.616300
1.300000,67.000000,26.722078
1.350000,67.000000,26.866287
1.400000,67.000000,27.068009
1.450000,67.000000,27.350178
1.500000,67.000000,27.740115
1.550000,67.000000,28.269649
1.600000,67.000000,28.974626
1.650000,67.000000,29.893658
1.700000,67.000000,31.065994
1.750000,67.000000,32.528465
1.800000,67.000000,34.311576
1.850000,67.000000,36.434959
1.900000,67.000000,38.902572
1.950000,67.000000,41.698148
2.000000,67.000000,44.781551
2.050000,67.000000,48.086683
2.100000,67.000000,51.521550
2.150000,67.000000,54.970912
2.200000,67.000000,58.301667
2.250000,67.000000,61.370764
2.300000,67.000000,64.035081
2.350000,67.000000,66.162351
2.400000,67.000000,67.641993
2.450000,67.000000,68.394628
2.500000,67.000000,68.379131
2.550000,67.000000,67.596354
2.600000,67.000000,66.089049
2.650000,67.000000,63.937996
2.700000,67.000000,61.254839
2.750000,67.000000,58.172494
2.800000,67.000000,54.834285
2.850000,67.000000,51.383043
2.900000,67.000000,47.951294
2.950000,67.000000,44.653432
3.000000,67.000000,41.580449
3.050000,67.000000,38.797391
3.100000,67.000000,36.343388
3.150000,67.000000,34.233820
3.200000,67.000000,32.464021
3.250000,67.000000,31.013843
3.300000,67.000000,29.852473
3.350000,67.000000,28.942965
3.400000,67.000000,28.246143
3.450000,67.000000,27.723650
3.500000,67.000000,27.340104
3.550000,67.000000,27.064395
3.600000,67.000000,26.870269
3.650000,67.000000,26.736363
3.700000,67.000000,26.645857
3.750000,67.000000,26.585907
3.800000,67.000000,26.546987
3.850000,67.000000,26.522218
3.900000,67.000000,26.506764
3.950000,67.000000,26.497311
4.000000,67.000000,26.491640
4.050000,67.000000,26.488305
4.100000,67.000000,26.486382
4.150000,67.000000,26.485293
4.200000,67.000000,26.484689
4.250000,67.000000,26.484361
4.300000,67.000000,26.484185
4.350000,67.000000,26.484093
4.400000,67.000000,26.484046
4.450000,67.000000,26.484022
4.500000,67.000000,26.484011
4.550000,67.000000,26.484005
4.600000,67.000000,26.484002
4.650000,67.000000,26.484001
4.700000,67.000000,26.484000
4.750000,67.000000,26.484000
4.800000,67.000000,26.484000
4.850000,67.000000,26.484000
4.900000,67.000000,26.484000
4.950000,67.000000,26.484000
5.000000,67.000000,26.484000
5.050000,67.000000,26.484000
5.100000,67.000000,26.484000
5.150000,67.000000,26.484000
5.200000,67.000000,26.484000
5.250000,67.000000,26.484001
5.300000,67.000000,26.484002
5.350000,67.000000,26.484004
5.400000,67.000000,26.484007
5.450000,67.000000,26.484013
5.500000,67.000000,26.484021
5.550000,67.000000,26.484031
5.600000,67.000000,26.484043
5.650000,67.000000,26.484053
5.700000,67.000000,26.484060
5.750000,67.000000,26.484063
5.800000,67.000000,26.484060
5.850000,67.000000,26.484053
5.900000,67.000000,26.484043
5.950000,67.000000,26.484031
6.000000,67.000000,26.484021
0.000000,68.000000,23.260757
0.050000,68.000000,22.708209
0.100000,68.000000,22.187465
0.150000,68.000000,21.733939
0.200000,68.000000,21.381310
0.250000,68.000000,21.157423
0.300000,68.000000,21.080653
0.350000,68.000000,21.157424
0.400000,68.000000,21.381314
0.450000,68.000000,21.733947
0.500000,68.000000,22.187482
0.550000,68.000000,22.708244
0.600000,68.000000,23.260827
0.650000,68.000000,23.812004
0.700000,68.000000,24.333835
0.750000,68.000000,24.805641
0.800000,68.000000,25.214721
0.850000,68.000000,25.555960
0.900000,68.000000,25.830632
0.950000,68.000000,26.044771
1.000000,68.000000,26.207489
1.050000,68.000000,26.329525
1.100000,68.000000,26.422205
1.150000,68.000000,26.496902
1.200000,68.000000,26.564968
1.250000,68.000000,26.638086
1.300000,68.000000,26.728925
1.350000,68.000000,26.851987
1.400000,68.000000,27.024533
1.450000,68.000000,27.267436
1.500000,68.000000,27.605851
1.550000,68.000000,28.069516
1.600000,68.000000,28.692531
1.650000,68.000000,29.512450
1.700000,68.000000,30.568534
1.750000,68.000000,31.899097
1.800000,68.000000,33.537946
1.850000,68.000000,35.510080
1.900000,68.000000,37.826941
1.950000,68.000000,40.481677
2.000000,68.000000,43.445018
2.050000,68.000000,46.662423
2.100000,68.000000,50.053123
2.150000,68.000000,53.511605
2.200000,68.000000,56.911791
2.250000,68.000000,60.113891
2.300000,68.000000,62.973505
2.350000,68.000000,65.352222
2.400000,68.000000,67.128640
2.450000,68.000000,68.208614
2.500000,68.000000,68.533515
2.550000,68.000000,68.085504
2.600000,68.000000,66.889156
2.650000,68.000000,65.009224
2.700000,68.000000,62.544834
2.750000,68.000000,59.620832
2.800000,68.000000,56.377334
2.850000,68.000000,52.958684
2.900000,68.000000,49.503040
2.950000,68.000000,46.133584
3.000000,68.000000,42.952080
3.050000,68.000000,40.035130
3.100000,68.000000,37.433114
3.150000,68.000000,35.171483
3.200000,68.000000,33.253864
3.250000,68.000000,31.666328
3.300000,68.000000,30.382170
3.350000,68.000000,29.366618
3.400000,68.000000,28.581048
3.450000,68.000000,27.986424
3.500000,68.000000,27.545848
3.550000,68.000000,27.226218
3.600000,68.000000,26.999112
3.650000,68.000000,26.841039
3.700000,68.000000,26.733240
3.750000,68.000000,26.661199
3.800000,68.000000,26.614015
3.850000,68.000000,26.583723
3.900000,68.000000,26.564658
3.950000,68.000000,26.552894
4.000000,68.000000,26.545776
4.050000,68.000000,26.541554
4.100000,68.000000,26.539097
4.150000,68.000000,26.537696
4.200000,68.000000,26.536911
4.250000,68.000000,26.536481
4.300000,68.000000,26.536249
4.350000,68.000000,26.536127
4.400000,68.000000,26.536063
4.450000,68.000000,26.536031
4.500000,68.000000,26.536015
4.550000,68.000000,26.536007
4.600000,68.000000,26.536003
4.650000,68.000000,26.536001
4.700000,68.000000,26.536001
4.750000,68.000000,26.536000
4.800000,68.000000,26.536000
4.850000,68.000000,26.536000
4.900000,68.000000,26.536000
4.950000,68.000000,26.536000
5.000000,68.000000,26.536000
5.050000,68.000000,26.536000
5.100000,68.000000,26.536000
5.150000,68.000000,26.536000
5.200000,68.000000,26.536000
5.250000,68.000000,26.536001
5.300000,68.000000,26.536003
5.350000,68.000000,26.536006
5.400000,68.000000,26.536011
5.450000,68.000000,26.536019
5.500000,68.000000,26.536030
5.550000,68.000000,26.536045
5.600000,68.000000,26.536061
5.650000,68.000000,26.536075
5.700000,68.000000,26.536086
5.750000,68.000000,26.536090
5.800000,68.000000,26.536086
5.850000,68.000000,26.536075
5.900000,68.000000,26.536061
5.950000,68.000000,26.536045
6.000000,68.000000,26.536030
0.000000,69.000000,23.292376
0.050000,69.000000,22.736390
0.100000,69.000000,22.212406
0.150000,69.000000,21.756057
0.200000,69.000000,21.401234
0.250000,69.000000,21.175953
0.300000,69.000000,21.098706
0.350000,69.000000,21.175954
0.400000,69.000000,21.401237
0.450000,69.000000,21.756062
0.500000,69.000000,22.212418
0.550000,69.000000,22.736415
0.600000,69.000000,23.292427
0.650000,69.000000,23.847015
0.700000,69.000000,24.372059
0.750000,69.000000,24.846737
0.800000,69.000000,25.258248
0.850000,69.000000,25.601408
0.900000,69.000000,25.877438
0.950000,69.000000,26.092314
1.000000,69.000000,26.255055
1.050000,69.000000,26.376241
1.100000,69.000000,26.466933
1.150000,69.000000,26.538095
1.200000,69.000000,26.600482
1.250000,69.000000,26.664945
1.300000,69.000000,26.743047
1.350000,69.000000,26.847888
1.400000,69.000000,26.995023
1.450000,69.000000,27.203359
1.500000,69.000000,27.495909
1.550000,69.000000,27.900258
1.600000,69.000000,28.448570
1.650000,69.000000,29.176993
1.700000,69.000000,30.124280
1.750000,69.000000,31.329531
1.800000,69.000000,32.829019
1.850000,69.000000,34.652181
1.900000,69.000000,36.817017
1.950000,69.000000,39.325284
2.000000,69.000000,42.158017
2.050000,69.000000,45.272039
2.100000,69.000000,48.598090
2.150000,69.000000,52.041193
2.200000,69.000000,55.483629
2.250000,69.000000,58.790636
2.300000,69.000000,61.818606
2.350000,69.000000,64.425131
2.400000,69.000000,66.479989
2.450000,69.000000,67.875881
2.500000,69.000000,68.537705
2.550000,69.000000,68.429248
2.600000,69.000000,67.556470
2.650000,69.000000,65.966963
2.700000,69.000000,63.745648
2.750000,69.000000,61.007262
2.800000,69.000000,57.886557
2.850000,69.000000,54.527361
2.900000,69.000000,51.071755
2.950000,69.000000,47.650456
3.000000,69.000000,44.375273
3.050000,69.000000,41.334168
3.100000,69.000000,38.589025
3.150000,69.000000,36.175976
3.200000,69.000000,34.107777
3.250000,69.000000,32.377651
3.300000,69.000000,30.963918
3.350000,69.000000,29.834799
3.400000,69.000000,28.952891
3.450000,69.000000,28.278971
3.500000,69.000000,27.774945
3.550000,69.000000,27.405889
3.600000,69.000000,27.141258
3.650000,69.000000,26.955393
3.700000,69.000000,26.827498
3.750000,69.000000,26.741265
3.800000,69.000000,26.684284
3.850000,69.000000,26.647379
3.900000,69.000000,26.623949
3.950000,69.000000,26.609365
4.000000,69.000000,26.600465
4.050000,69.000000,26.595139
4.100000,69.000000,26.592014
4.150000,69.000000,26.590216
4.200000,69.000000,26.589200
4.250000,69.000000,26.588639
4.300000,69.000000,26.588333
4.350000,69.000000,26.588171
4.400000,69.000000,26.588086
4.450000,69.000000,26.588042
4.500000,69.000000,26.588021
4.550000,69.000000,26.588010
4.600000,69.000000,26.588005
4.650000,69.000000,26.588002
4.700000,69.000000,26.588001
4.750000,69.000000,26.588000
4.800000,69.000000,26.588000
4.850000,69.000000,26.588000
4.900000,69.000000,26.588000
4.950000,69.000000,26.588000
5.000000,69.000000,26.588000
5.050000,69.000000,26.588000
5.100000,69.000000,26.588000
5.150000,69.000000,26.588000
5.200000,69.000000,26.588001
5.250000,69.000000,26.588002
5.300000,69.000000,26.588004
5.350000,69.000000,26.588008
5.400000,69.000000,26.588015
5.450000,69.000000,26.588027
5.500000,69.000000,26.588043
5.550000,69.000000,26.588064
5.600000,69.000000,26.588086
5.650000,69.000000,26.588107
5.700000,69.000000,26.588122
5.750000,69.000000,26.588128
5.800000,69.000000,26.588122
5.850000,69.000000,26.588107
5.900000,69.000000,26.588086
5.950000,69.000000,26.588064
6.000000,69.000000,26.588043
0.000000,70.000000,23.324443
0.050000,70.000000,22.765094
0.100000,70.000000,22.237941
0.150000,70.000000,21.778832
0.200000,70.000000,21.421863
0.250000,70.000000,21.195219
0.300000,70.000000,21.117505
0.350000,70.000000,21.195220
0.400000,70.000000,21.421865
0.450000,70.000000,21.778836
0.500000,70.000000,22.237949
0.550000,70.000000,22.765112
0.600000,70.000000,23.324481
0.650000,70.000000,23.882409
0.700000,70.000000,24.410602
0.750000,70.000000,24.888103
0.800000,70.000000,25.302014
0.850000,70.000000,25.647091
0.900000,70.000000,25.924514
0.950000,70.000000,26.140217
1.000000,70.000000,26.303149
1.050000,70.000000,26.423766
1.100000,70.000000,26.512913
1.150000,70.000000,26.581211
1.200000,70.000000,26.638900
1.250000,70.000000,26.696101
1.300000,70.000000,26.763395
1.350000,70.000000,26.852606
1.400000,70.000000,26.977712
1.450000,70.000000,27.155761
1.500000,70.000000,27.407683
1.550000,70.000000,27.758890
1.600000,70.000000,28.239482
1.650000,70.000000,28.883923
1.700000,70.000000,29.730013
1.750000,70.000000,30.817023
1.800000,70.000000,32.182905
1.850000,70.000000,33.860642
1.900000,70.000000,35.873853
1.950000,70.000000,38.232026
2.000000,70.000000,40.925817
2.050000,70.000000,43.923043
2.100000,70.000000,47.166019
2.150000,70.000000,50.570879
2.200000,70.000000,54.029366
2.250000,70.000000,57.413345
2.300000,70.000000,60.581955
2.350000,70.000000,63.390936
2.400000,70.000000,65.703339
2.450000,70.000000,67.400521
2.500000,70.000000,68.392213
2.550000,70.000000,68.624470
2.600000,70.000000,68.084534
2.650000,70.000000,66.801993
2.700000,70.000000,64.846095
2.750000,70.000000,62.319557
2.800000,70.000000,59.349633
2.850000,70.000000,56.077525
2.900000,70.000000,52.647363
2.950000,70.000000,49.195930
3.000000,70.000000,45.844128
3.050000,70.000000,42.690842
3.100000,70.000000,39.809536
3.150000,70.000000,37.247488
3.200000,70.000000,35.027335
3.250000,70.000000,33.150358
3.300000,70.000000,31.600839
3.350000,70.000000,30.350862
3.400000,70.000000,29.364984
3.450000,70.000000,28.604366
3.500000,70.000000,28.030114
3.550000,70.000000,27.605712
3.600000,70.000000,27.298589
3.650000,70.000000,27.080911
3.700000,70.000000,26.929772
3.750000,70.000000,26.826952
3.800000,70.000000,26.758406
3.850000,70.000000,26.713619
3.900000,70.000000,26.684934
3.950000,70.000000,26.666923
4.000000,70.000000,26.655836
4.050000,70.000000,26.649144
4.100000,70.000000,26.645183
4.150000,70.000000,26.642884
4.200000,70.000000,26.641576
4.250000,70.000000,26.640845
4.300000,70.000000,26.640445
4.350000,70.000000,26.640230
4.400000,70.000000,26.640117
4.450000,70.000000,26.640058
4.500000,70.000000,26.640028
4.550000,70.000000,26.640014
4.600000,70.000000,26.640006
4.650000,70.000000,26.640003
4.700000,70.000000,26.640001
4.750000,70.000000,26.640001
4.800000,70.000000,26.640000
4.850000,70.000000,26.640000
4.900000,70.000000,26.640000
4.950000,70.000000,26.640000
5.000000,70.000000,26.640000
5.050000,70.000000,26.640000
5.100000,70.000000,26.640000
5.150000,70.000000,26.640000
5.200000,70.000000,26.640001
5.250000,70.000000,26.640002
5.300000,70.000000,26.640005
5.350000,70.000000,26.640011
5.400000,70.000000,26.640022
5.450000,70.000000,26.640038
5.500000,70.000000,26.640061
5.550000,70.000000,26.640090
5.600000,70.000000,26.640122
5.650000,70.000000,26.640152
5.700000,70.000000,26.640173
5.750000,70.000000,26.640180
5.800000,70.000000,26.640173
5.850000,70.000000,26.640152
5.900000,70.000000,26.640122
5.950000,70.000000,26.640090
6.000000,70.000000,26.640061
0.000000,71.000000,23.356948
0.050000,71.000000,22.794310
0.100000,71.000000,22.264057
0.150000,71.000000,21.802249
0.200000,71.000000,21.443181
0.250000,71.000000,21.215205
0.300000,71.000000,21.137034
0.350000,71.000000,21.215205
0.400000,71.000000,21.443182
0.450000,71.000000,21.802252
0.500000,71.000000,22.264064
0.550000,71.000000,22.794323
0.600000,71.000000,23.356975
0.650000,71.000000,23.918174
0.700000,71.000000,24.449453
0.750000,71.000000,24.929724
0.800000,71.000000,25.346000
0.850000,71.000000,25.692984
0.900000,71.000000,25.971822
0.950000,71.000000,26.188418
1.000000,71.000000,26.351676
1.050000,71.000000,26.471953
1.100000,71.000000,26.559923
1.150000,71.000000,26.625919
1.200000,71.000000,26.679743
1.250000,71.000000,26.730882
1.300000,71.000000,26.789045
1.350000,71.000000,26.864909
1.400000,71.000000,26.971007
1.450000,71.000000,27.122642
1.500000,71.000000,27.338750
1.550000,71.000000,27.642586
1.600000,71.000000,28.062108
1.650000,71.000000,28.629890
1.700000,71.000000,29.382414
1.750000,71.000000,30.358572
1.800000,71.000000,31.597290
1.850000,71.000000,33.134236
1.900000,71.000000,34.997720
1.950000,71.000000,37.204043
2.000000,71.000000,39.752697
2.050000,71.000000,42.621969
2.100000,71.000000,45.765610
2.150000,71.000000,49.111209
2.200000,71.000000,52.560847
2.250000,71.000000,55.994406
2.300000,71.000000,59.275586
2.350000,71.000000,62.260364
2.400000,71.000000,64.807210
2.450000,71.000000,66.788101
2.500000,71.000000,68.099153
2.550000,71.000000,68.669639
2.600000,71.000000,68.468308
2.650000,71.000000,67.506221
2.700000,71.000000,65.835744
2.750000,71.000000,63.545830
2.800000,71.000000,60.754170
2.850000,71.000000,57.597188
2.900000,71.000000,54.219063
2.950000,71.000000,50.760984
3.000000,71.000000,47.351750
3.050000,71.000000,44.100517
3.100000,71.000000,41.092179
3.150000,71.000000,38.385470
3.200000,71.000000,36.013554
3.250000,71.000000,33.986620
3.300000,71.000000,32.295849
3.350000,71.000000,30.918098
3.400000,71.000000,29.820687
3.450000,71.000000,28.965809
3.500000,71.000000,28.314241
3.550000,71.000000,27.828178
3.600000,71.000000,27.473172
3.650000,71.000000,27.219249
3.700000,71.000000,27.041345
3.750000,71.000000,26.919229
3.800000,71.000000,26.837091
3.850000,71.000000,26.782947
3.900000,71.000000,26.747964
3.950000,71.000000,26.725806
4.000000,71.000000,26.712047
4.050000,71.000000,26.703670
4.100000,71.000000,26.698669
4.150000,71.000000,26.695741
4.200000,71.000000,26.694060
4.250000,71.000000,26.693114
4.300000,71.000000,26.692591
4.350000,71.000000,26.692308
4.400000,71.000000,26.692158
4.450000,71.000000,26.692079
4.500000,71.000000,26.692039
4.550000,71.000000,26.692019
4.600000,71.000000,26.692009
4.650000,71.000000,26.692004
4.700000,71.000000,26.692002
4.750000,71.000000,26.692001
4.800000,71.000000,26.692000
4.850000,71.000000,26.692000
4.900000,71.000000,26.692000
4.950000,71.000000,26.692000
5.000000,71.000000,26.692000
5.050000,71.000000,26.692000
5.100000,71.000000,26.692000
5.150000,71.000000,26.692000
5.200000,71.000000,26.692001
5.250000,71.000000,26.692003
5.300000,71.000000,26.692008
5.350000,71.000000,26.692016
5.400000,71.000000,26.692030
5.450000,71.000000,26.692053
5.500000,71.000000,26.692086
5.550000,71.000000,26.692127
5.600000,71.000000,26.692172
5.650000,71.000000,26.692214
5.700000,71.000000,26.692243
5.750000,71.000000,26.692254
5.800000,71.000000,26.692243
5.850000,71.000000,26.692214
5.900000,71.000000,26.692172
5.950000,71.000000,26.692127
6.000000,71.000000,26.692086
0.000000,72.000000,23.389881
0.050000,72.000000,22.824027
0.100000,72.000000,22.290743
0.150000,72.000000,21.826294
0.200000,72.000000,21.465174
0.250000,72.000000,21.235894
0.300000,72.000000,21.157276
0.350000,72.000000,21.235895
0.400000,72.000000,21.465175
0.450000,72.000000,21.826296
0.500000,72.000000,22.290747
0.550000,72.000000,22.824037
0.600000,72.000000,23.389901
0.650000,72.000000,23.954300
0.700000,72.000000,24.488602
0.750000,72.000000,24.971590
0.800000,72.000000,25.390194
0.850000,72.000000,25.739066
0.900000,72.000000,26.019329
0.950000,72.000000,26.236870
1.000000,72.000000,26.400558
1.050000,72.000000,26.520681
1.100000,72.000000,26.607777
1.150000,72.000000,26.671941
1.200000,72.000000,26.722604
1.250000,72.000000,26.768707
1.300000,72.000000,26.819191
1.350000,72.000000,26.883710
1.400000,72.000000,26.973480
1.450000,72.000000,27.102188
1.500000,72.000000,27.286873
1.550000,72.000000,27.548691
1.600000,72.000000,27.913424
1.650000,72.000000,28.411611
1.700000,72.000000,29.078117
1.750000,72.000000,29.950999
1.800000,72.000000,31.069509
1.850000,72.000000,32.471205
1.900000,72.000000,34.188180
1.950000,72.000000,36.242613
2.000000,72.000000,38.641970
2.050000,72.000000,41.374357
2.100000,72.000000,44.404637
2.150000,72.000000,47.671975
2.200000,72.000000,51.089431
2.250000,72.000000,54.546069
2.300000,72.000000,57.911803
2.350000,72.000000,61.044832
2.400000,72.000000,63.801195
2.450000,72.000000,66.045563
2.500000,72.000000,67.662200
2.550000,72.000000,68.564827
2.600000,72.000000,68.704256
2.650000,72.000000,68.072823
2.700000,72.000000,66.705093
2.750000,72.000000,64.674720
2.800000,72.000000,62.087880
2.850000,72.000000,59.074079
2.900000,72.000000,55.775449
2.950000,72.000000,52.335755
3.000000,72.000000,48.890282
3.050000,72.000000,45.557560
3.100000,72.000000,42.433553
3.150000,72.000000,39.588569
3.200000,72.000000,37.066810
3.250000,72.000000,34.888149
3.300000,72.000000,33.051582
3.350000,72.000000,31.539673
3.400000,72.000000,30.323361
3.450000,72.000000,29.366593
3.500000,72.000000,28.630365
3.550000,72.000000,28.075956
3.600000,72.000000,27.667259
3.650000,72.000000,27.372242
3.700000,72.000000,27.163662
3.750000,72.000000,27.019195
3.800000,72.000000,26.921155
3.850000,72.000000,26.855952
3.900000,72.000000,26.813452
3.950000,72.000000,26.786296
4.000000,72.000000,26.769287
4.050000,72.000000,26.758841
4.100000,72.000000,26.752550
4.150000,72.000000,26.748836
4.200000,72.000000,26.746685
4.250000,72.000000,26.745463
4.300000,72.000000,26.744783
4.350000,72.000000,26.744411
4.400000,72.000000,26.744212
4.450000,72.000000,26.744107
4.500000,72.000000,26.744053
4.550000,72.000000,26.744026
4.600000,72.000000,26.744012
4.650000,72.000000,26.744006
4.700000,72.000000,26.744003
4.750000,72.000000,26.744001
4.800000,72.000000,26.744001
4.850000,72.000000,26.744000
4.900000,72.000000,26.744000
4.950000,72.000000,26.744000
5.000000,72.000000,26.744000
5.050000,72.000000,26.744000
5.100000,72.000000,26.744000
5.150000,72.000000,26.744001
5.200000,72.000000,26.744002
5.250000,72.000000,26.744005
5.300000,72.000000,26.744011
5.350000,72.000000,26.744022
5.400000,72.000000,26.744042
5.450000,72.000000,26.744075
5.500000,72.000000,26.744120
5.550000,72.000000,26.744178
5.600000,72.000000,26.744241
5.650000,72.000000,26.744299
5.700000,72.000000,26.744341
5.750000,72.000000,26.744356
5.800000,72.000000,26.744341
5.850000,72.000000,26.744299
5.900000,72.000000,26.744241
5.950000,72.000000,26.744178
6.000000,72.000000,26.744120
0.000000,73.000000,23.423234
0.050000,73.000000,22.854234
0.100000,73.000000,22.317985
0.150000,73.000000,21.850954
0.200000,73.000000,21.487826
0.250000,73.000000,21.257272
0.300000,73.000000,21.178216
0.350000,73.000000,21.257272
0.400000,73.000000,21.487826
0.450000,73.000000,21.850955
0.500000,73.000000,22.317988
0.550000,73.000000,22.854241
0.600000,73.000000,23.423248
0.650000,73.000000,23.990780
0.700000,73.000000,24.528040
0.750000,73.000000,25.013692
0.800000,73.000000,25.434584
0.850000,73.000000,25.785322
0.900000,73.000000,26.067012
0.950000,73.000000,26.285530
1.000000,73.000000,26.449730
1.050000,73.000000,26.569850
1.100000,73.000000,26.656318
1.150000,73.000000,26.719041
1.200000,73.000000,26.767136
1.250000,73.000000,26.809076
1.300000,73.000000,26.853134
1.350000,73.000000,26.908052
1.400000,73.000000,26.983859
1.450000,73.000000,27.092756
1.500000,73.000000,27.250003
1.550000,73.000000,27.474731
1.600000,73.000000,27.790558
1.650000,73.000000,28.225895
1.700000,73.000000,28.813768
1.750000,73.000000,29.591005
1.800000,73.000000,30.596624
1.850000,73.000000,31.869341
1.900000,73.000000,33.444164
1.950000,73.000000,35.348214
2.000000,73.000000,37.596023
2.050000,73.000000,40.184755
2.100000,73.000000,43.089902
2.150000,73.000000,46.262120
2.200000,73.000000,49.625853
2.250000,73.000000,53.080289
2.300000,73.000000,56.502998
2.350000,73.000000,59.756265
2.400000,73.000000,62.695801
2.450000,73.000000,65.181110
2.500000,73.000000,67.086526
2.550000,73.000000,68.311713
2.600000,73.000000,68.790409
2.650000,73.000000,68.496364
2.700000,73.000000,67.445726
2.750000,73.000000,65.695571
2.800000,73.000000,63.338765
2.850000,73.000000,60.495807
2.900000,73.000000,57.304638
2.950000,73.000000,53.909628
3.000000,73.000000,50.450940
3.050000,73.000000,47.055349
3.100000,73.000000,43.829289
3.150000,73.000000,40.854564
3.200000,73.000000,38.186763
3.250000,73.000000,35.856122
3.300000,73.000000,33.870320
3.350000,73.000000,32.218565
3.400000,73.000000,30.876320
3.450000,73.000000,29.810069
3.500000,73.000000,28.981654
3.550000,73.000000,28.351891
3.600000,73.000000,27.883292
3.650000,73.000000,27.541904
3.700000,73.000000,27.298329
3.750000,73.000000,27.128096
3.800000,73.000000,27.011530
3.850000,73.000000,26.933317
3.900000,73.000000,26.881883
3.950000,73.000000,26.848730
4.000000,73.000000,26.827782
4.050000,73.000000,26.814805
4.100000,73.000000,26.806923
4.150000,73.000000,26.802228
4.200000,73.000000,26.799486
4.250000,73.000000,26.797916
4.300000,73.000000,26.797033
4.350000,73.000000,26.796547
4.400000,73.000000,26.796284
4.450000,73.000000,26.796145
4.500000,73.000000,26.796073
4.550000,73.000000,26.796036
4.600000,73.000000,26.796017
4.650000,73.000000,26.796008
4.700000,73.000000,26.796004
4.750000,73.000000,26.796002
4.800000,73.000000,26.796001
4.850000,73.000000,26.796000
4.900000,73.000000,26.796000
4.950000,73.000000,26.796000
5.000000,73.000000,26.796000
5.050000,73.000000,26.796000
5.100000,73.000000,26.796000
5.150000,73.000000,26.796001
5.200000,73.000000,26.796003
5.250000,73.000000,26.796006
5.300000,73.000000,26.796015
5.350000,73.000000,26.796031
5.400000,73.000000,26.796059
5.450000,73.000000,26.796104
5.500000,73.000000,26.796168
5.550000,73.000000,26.796248
5.600000,73.000000,26.796336
5.650000,73.000000,26.796418
5.700000,73.000000,26.796476
5.750000,73.000000,26.796497
5.800000,73.000000,26.796476
5.850000,73.000000,26.796418
5.900000,73.000000,26.796336
5.950000,73.000000,26.796248
6.000000,73.000000,26.796168
0.000000,74.000000,23.456996
0.050000,74.000000,22.884919
0.100000,74.000000,22.345771
0.150000,74.000000,21.876215
0.200000,74.000000,21.511123
0.250000,74.000000,21.279322
0.300000,74.000000,21.199839
0.350000,74.000000,21.279322
0.400000,74.000000,21.511123
0.450000,74.000000,21.876216
0.500000,74.000000,22.345773
0.550000,74.000000,22.884924
0.600000,74.000000,23.457007
0.650000,74.000000,24.027602
0.700000,74.000000,24.567760
0.750000,74.000000,25.056022
0.800000,74.000000,25.479159
0.850000,74.000000,25.831737
0.900000,74.000000,26.114848
0.950000,74.000000,26.334368
1.000000,74.000000,26.499142
1.050000,74.000000,26.619376
1.100000,74.000000,26.705420
1.150000,74.000000,26.767024
1.200000,74.000000,26.813049
1.250000,74.000000,26.851565
1.300000,74.000000,26.890268
1.350000,74.000000,26.937097
1.400000,74.000000,27.001018
1.450000,74.000000,27.092874
1.500000,74.000000,27.226273
1.550000,74.000000,27.418418
1.600000,74.000000,27.690806
1.650000,74.000000,28.069679
1.700000,74.000000,28.586059
1.750000,74.000000,29.275233
1.800000,74.000000,30.175499
1.850000,74.000000,31.326068
1.900000,74.000000,32.764051
1.950000,74.000000,34.520593
2.000000,74.000000,36.616363
2.050000,74.000000,39.056737
2.100000,74.000000,41.827217
2.150000,74.000000,44.889676
2.200000,74.000000,48.180122
2.250000,74.000000,51.608570
2.300000,74.000000,55.061478
2.350000,74.000000,58.406912
2.400000,74.000000,61.502275
2.450000,74.000000,64.204057
2.500000,74.000000,66.378713
2.550000,74.000000,67.913552
2.600000,74.000000,68.726401
2.650000,74.000000,68.772890
2.700000,74.000000,68.050462
2.750000,74.000000,66.598612
2.800000,74.000000,64.495304
2.850000,74.000000,61.850039
2.900000,74.000000,58.794421
2.950000,74.000000,55.471352
3.000000,74.000000,52.024083
3.050000,74.000000,48.586284
3.100000,74.000000,45.274029
3.150000,74.000000,42.180312
3.200000,74.000000,39.372286
3.250000,74.000000,36.891098
3.300000,74.000000,34.753909
3.350000,74.000000,32.957495
3.400000,74.000000,31.482771
3.450000,74.000000,30.299601
3.500000,74.000000,29.371378
3.550000,74.000000,28.658979
3.600000,74.000000,28.123893
3.650000,74.000000,27.730438
3.700000,74.000000,27.447133
3.750000,74.000000,27.247330
3.800000,74.000000,27.109283
3.850000,74.000000,27.015826
3.900000,74.000000,26.953822
3.950000,74.000000,26.913503
4.000000,74.000000,26.887803
4.050000,74.000000,26.871743
4.100000,74.000000,26.861904
4.150000,74.000000,26.855993
4.200000,74.000000,26.852511
4.250000,74.000000,26.850499
4.300000,74.000000,26.849359
4.350000,74.000000,26.848726
4.400000,74.000000,26.848380
4.450000,74.000000,26.848196
4.500000,74.000000,26.848099
4.550000,74.000000,26.848049
4.600000,74.000000,26.848024
4.650000,74.000000,26.848011
4.700000,74.000000,26.848005
4.750000,74.000000,26.848002
4.800000,74.000000,26.848001
4.850000,74.000000,26.848000
4.900000,74.000000,26.848000
4.950000,74.000000,26.848000
5.000000,74.000000,26.848000
5.050000,74.000000,26.848000
5.100000,74.000000,26.848000
5.150000,74.000000,26.848001
5.200000,74.000000,26.848004
5.250000,74.000000,26.848009
5.300000,74.000000,26.848021
5.350000,74.000000,26.848043
5.400000,74.000000,26.848082
5.450000,74.000000,26.848145
5.500000,74.000000,26.848233
5.550000,74.000000,26.848345
5.600000,74.000000,26.848467
5.650000,74.000000,26.848581
5.700000,74.000000,26.848661
5.750000,74.000000,26.848691
5.800000,74.000000,26.848661
5.850000,74.000000,26.848581
5.900000,74.000000,26.848467
5.950000,74.000000,26.848345
6.000000,74.000000,26.848233
0.000000,75.000000,23.491159
0.050000,75.000000,22.916073
0.100000,75.000000,22.374089
0.150000,75.000000,21.902063
0.200000,75.000000,21.535051
0.250000,75.000000,21.302030
0.300000,75.000000,21.222129
0.350000,75.000000,21.302031
0.400000,75.000000,21.535051
0.450000,75.000000,21.902063
0.500000,75.000000,22.374090
0.550000,75.000000,22.916077
0.600000,75.000000,23.491167
0.650000,75.000000,24.064761
0.700000,75.000000,24.607753
0.750000,75.000000,25.098571
0.800000,75.000000,25.523911
0.850000,75.000000,25.878301
0.900000,75.000000,26.162823
0.950000,75.000000,26.383356
1.000000,75.000000,26.548750
1.050000,75.000000,26.669193
1.100000,75.000000,26.754976
1.150000,75.000000,26.815728
1.200000,75.000000,26.860095
1.250000,75.000000,26.895812
1.300000,75.000000,26.930073
1.350000,75.000000,26.970118
1.400000,75.000000,27.023965
1.450000,75.000000,27.101231
1.500000,75.000000,27.213997
1.550000,75.000000,27.377652
1.600000,75.000000,27.611646
1.650000,75.000000,27.940048
1.700000,75.000000,28.391772
1.750000,75.000000,29.000319
1.800000,75.000000,29.802860
1.850000,75.000000,30.838516
1.900000,75.000000,32.145747
1.950000,75.000000,33.758846
2.000000,75.000000,35.703678
2.050000,75.000000,37.992938
2.100000,75.000000,40.621399
2.150000,75.000000,43.561712
2.200000,75.000000,46.761419
2.250000,75.000000,50.141829
2.300000,75.000000,53.599293
2.350000,75.000000,57.009158
2.400000,75.000000,60.232422
2.450000,75.000000,63.124679
2.500000,75.000000,65.546629
2.550000,75.000000,67.375116
2.600000,75.000000,68.513476
2.650000,75.000000,68.900000
2.700000,75.000000,68.513476
2.750000,75.000000,67.375116
2.800000,75.000000,65.546629
2.850000,75.000000,63.124679
2.900000,75.000000,60.232422
2.950000,75.000000,57.009158
3.000000,75.000000,53.599293
3.050000,75.000000,50.141829
3.100000,75.000000,46.761419
3.150000,75.000000,43.561712
3.200000,75.000000,40.621399
3.250000,75.000000,37.992938
3.300000,75.000000,35.703678
3.350000,75.000000,33.758848
3.400000,75.000000,32.145750
3.450000,75.000000,30.838523
3.500000,75.000000,29.802877
3.550000,75.000000,29.000357
3.600000,75.000000,28.391857
3.650000,75.000000,27.940233
3.700000,75.000000,27.612039
3.750000,75.000000,27.378460
3.800000,75.000000,27.215615
3.850000,75.000000,27.104380
3.900000,75.000000,27.029924
3.950000,75.000000,26.981079
4.000000,75.000000,26.949670
4.050000,75.000000,26.929871
4.100000,75.000000,26.917635
4.150000,75.000000,26.910221
4.200000,75.000000,26.905815
4.250000,75.000000,26.903248
4.300000,75.000000,26.901781
4.350000,75.000000,26.900958
4.400000,75.000000,26.900506
4.450000,75.000000,26.900263
4.500000,75.000000,26.900134
4.550000,75.000000,26.900067
4.600000,75.000000,26.900033
4.650000,75.000000,26.900016
4.700000,75.000000,26.900007
4.750000,75.000000,26.900003
4.800000,75.000000,26.900002
4.850000,75.000000,26.900001
4.900000,75.000000,26.900000
4.950000,75.000000,26.900000
5.000000,75.000000,26.900000
5.050000,75.000000,26.900000
5.100000,75.000000,26.900001
5.150000,75.000000,26.900002
5.200000,75.000000,26.900005
5.250000,75.000000,26.900012
5.300000,75.000000,26.900028
5.350000,75.000000,26.900059
5.400000,75.000000,26.900114
5.450000,75.000000,26.900200
5.500000,75.000000,26.900323
5.550000,75.000000,26.900477
5.600000,75.000000,26.900646
5.650000,75.000000,26.900803
5.700000,75.000000,26.900915
5.750000,75.000000,26.900955
5.800000,75.000000,26.900915
5.850000,75.000000,26.900803
5.900000,75.000000,26.900646
5.950000,75.000000,26.900477
6.000000,75.000000,26.900323
0.000000,76.000000,23.525715
0.050000,76.000000,22.947686
0.100000,76.000000,22.402927
0.150000,76.000000,21.928486
0.200000,76.000000,21.559595
0.250000,76.000000,21.325383
0.300000,76.000000,21.245073
0.350000,76.000000,21.325383
0.400000,76.000000,21.559596
0.450000,76.000000,21.928486
0.500000,76.000000,22.402928
0.550000,76.000000,22.947688
0.600000,76.000000,23.525720
0.650000,76.000000,24.102247
0.700000,76.000000,24.648013
0.750000,76.000000,25.141334
0.800000,76.000000,25.568833
0.850000,76.000000,25.925004
0.900000,76.000000,26.210921
0.950000,76.000000,26.432475
1.000000,76.000000,26.598522
1.050000,76.000000,26.719246
1.100000,76.000000,26.804900
1.150000,76.000000,26.865016
1.200000,76.000000,26.908069
1.250000,76.000000,26.941509
1.300000,76.000000,26.972105
1.350000,76.000000,27.006486
1.400000,76.000000,27.051832
1.450000,76.000000,27.116660
1.500000,76.000000,27.211656
1.550000,76.000000,27.350518
1.600000,76.000000,27.550739
1.650000,76.000000,27.834252
1.700000,76.000000,28.227807
1.750000,76.000000,28.762941
1.800000,76.000000,29.475362
1.850000,76.000000,30.403594
1.900000,76.000000,31.586768
1.950000,76.000000,33.061494
2.000000,76.000000,34.857908
2.050000,76.000000,36.995097
2.100000,76.000000,39.476286
2.150000,76.000000,42.284312
2.200000,76.000000,45.378029
2.250000,76.000000,48.690284
2.300000,76.000000,52.128083
2.350000,76.000000,55.575352
2.400000,76.000000,58.898421
2.450000,76.000000,61.954039
2.500000,76.000000,64.599304
2.550000,76.000000,66.702612
2.600000,76.000000,68.154462
2.650000,76.000000,68.876890
2.700000,76.000000,68.830401
2.750000,76.000000,68.017552
2.800000,76.000000,66.482713
2.850000,76.000000,64.308057
2.900000,76.000000,61.606275
2.950000,76.000000,58.510912
3.000000,76.000000,55.165478
3.050000,76.000000,51.712570
3.100000,76.000000,48.284122
3.150000,76.000000,44.993676
3.200000,76.000000,41.931217
3.250000,76.000000,39.160737
3.300000,76.000000,36.720363
3.350000,76.000000,34.624595
3.400000,76.000000,32.868054
3.450000,76.000000,31.430075
3.500000,76.000000,30.279515
3.550000,76.000000,29.379270
3.600000,76.000000,28.690143
3.650000,76.000000,28.173863
3.700000,76.000000,27.795197
3.750000,76.000000,27.523221
3.800000,76.000000,27.331883
3.850000,76.000000,27.200007
3.900000,76.000000,27.110945
3.950000,76.000000,27.052000
4.000000,76.000000,27.013762
4.050000,76.000000,26.989447
4.100000,76.000000,26.974288
4.150000,76.000000,26.965023
4.200000,76.000000,26.959470
4.250000,76.000000,26.956206
4.300000,76.000000,26.954325
4.350000,76.000000,26.953262
4.400000,76.000000,26.952672
4.450000,76.000000,26.952351
4.500000,76.000000,26.952180
4.550000,76.000000,26.952091
4.600000,76.000000,26.952045
4.650000,76.000000,26.952022
4.700000,76.000000,26.952010
4.750000,76.000000,26.952005
4.800000,76.000000,26.952002
4.850000,76.000000,26.952001
4.900000,76.000000,26.952000
4.950000,76.000000,26.952000
5.000000,76.000000,26.952000
5.050000,76.000000,26.952000
5.100000,76.000000,26.952001
5.150000,76.000000,26.952003
5.200000,76.000000,26.952007
5.250000,76.000000,26.952017
5.300000,76.000000,26.952039
5.350000,76.000000,26.952082
5.400000,76.000000,26.952157
5.450000,76.000000,26.952276
5.500000,76.000000,26.952444
5.550000,76.000000,26.952657
5.600000,76.000000,26.952890
5.650000,76.000000,26.953106
5.700000,76.000000,26.953259
5.750000,76.000000,26.953315
5.800000,76.000000,26.953259
5.850000,76.000000,26.953106
5.900000,76.000000,26.952890
5.950000,76.000000,26.952657
6.000000,76.000000,26.952444
0.000000,77.000000,23.560653
0.050000,77.000000,22.979746
0.100000,77.000000,22.432275
0.150000,77.000000,21.955471
0.200000,77.000000,21.584743
0.250000,77.000000,21.349365
0.300000,77.000000,21.268655
0.350000,77.000000,21.349365
0.400000,77.000000,21.584744
0.450000,77.000000,21.955471
0.500000,77.000000,22.432276
0.550000,77.000000,22.979748
0.600000,77.000000,23.560657
0.650000,77.000000,24.140053
0.700000,77.000000,24.688534
0.750000,77.000000,25.184305
0.800000,77.000000,25.613919
0.850000,77.000000,25.971839
0.900000,77.000000,26.259133
0.950000,77.000000,26.481706
1.000000,77.000000,26.648430
1.050000,77.000000,26.769492
1.100000,77.000000,26.855120
1.150000,77.000000,26.914779
1.200000,77.000000,26.956800
1.250000,77.000000,26.988400
1.300000,77.000000,27.015986
1.350000,77.000000,27.045658
1.400000,77.000000,27.083863
1.450000,77.000000,27.138135
1.500000,77.000000,27.217896
1.550000,77.000000,27.335280
1.600000,77.000000,27.505933
1.650000,77.000000,27.749717
1.700000,77.000000,28.091206
1.750000,77.000000,28.559853
1.800000,77.000000,29.189638
1.850000,77.000000,30.018062
1.900000,77.000000,31.084318
1.950000,77.000000,32.426564
2.000000,77.000000,34.078320
2.050000,77.000000,36.064122
2.100000,77.000000,38.394763
2.150000,77.000000,41.062564
2.200000,77.000000,44.037289
2.250000,77.000000,47.263349
2.300000,77.000000,50.658940
2.350000,77.000000,54.117628
2.400000,77.000000,57.512638
2.450000,77.000000,60.703807
2.500000,77.000000,63.546765
2.550000,77.000000,65.903571
2.600000,77.000000,67.653726
2.650000,77.000000,68.704364
2.700000,77.000000,68.998409
2.750000,77.000000,68.519713
2.800000,77.000000,67.294526
2.850000,77.000000,65.389110
2.900000,77.000000,62.903801
2.950000,77.000000,59.964265
3.000000,77.000000,56.710998
3.050000,77.000000,53.288289
3.100000,77.000000,49.833853
3.150000,77.000000,46.470120
3.200000,77.000000,43.297902
3.250000,77.000000,40.392755
3.300000,77.000000,37.804024
3.350000,77.000000,35.556215
3.400000,77.000000,33.652167
3.450000,77.000000,32.077348
3.500000,77.000000,30.804641
3.550000,77.000000,29.799042
3.600000,77.000000,29.021852
3.650000,77.000000,28.434078
3.700000,77.000000,27.998946
3.750000,77.000000,27.683530
3.800000,77.000000,27.459604
3.850000,77.000000,27.303871
3.900000,77.000000,27.197755
3.950000,77.000000,27.126896
4.000000,77.000000,27.080524
4.050000,77.000000,27.050776
4.100000,77.000000,27.032068
4.150000,77.000000,27.020534
4.200000,77.000000,27.013561
4.250000,77.000000,27.009428
4.300000,77.000000,27.007025
4.350000,77.000000,27.005655
4.400000,77.000000,27.004889
4.450000,77.000000,27.004469
4.500000,77.000000,27.004242
4.550000,77.000000,27.004123
4.600000,77.000000,27.004061
4.650000,77.000000,27.004030
4.700000,77.000000,27.004014
4.750000,77.000000,27.004007
4.800000,77.000000,27.004003
4.850000,77.000000,27.004001
4.900000,77.000000,27.004001
4.950000,77.000000,27.004000
5.000000,77.000000,27.004000
5.050000,77.000000,27.004000
5.100000,77.000000,27.004001
5.150000,77.000000,27.004003
5.200000,77.000000,27.004009
5.250000,77.000000,27.004023
5.300000,77.000000,27.004054
5.350000,77.000000,27.004112
5.400000,77.000000,27.004215
5.450000,77.000000,27.004378
5.500000,77.000000,27.004609
5.550000,77.000000,27.004900
5.600000,77.000000,27.005220
5.650000,77.000000,27.005515
5.700000,77.000000,27.005726
5.750000,77.000000,27.005802
5.800000,77.000000,27.005726
5.850000,77.000000,27.005515
5.900000,77.000000,27.005220
5.950000,77.000000,27.004900
6.000000,77.000000,27.004609
0.000000,78.000000,23.595967
0.050000,78.000000,23.012244
0.100000,78.000000,22.462120
0.150000,78.000000,21.983006
0.200000,78.000000,21.610482
0.250000,78.000000,21.373962
0.300000,78.000000,21.292861
0.350000,78.000000,21.373962
0.400000,78.000000,21.610482
0.450000,78.000000,21.983006
0.500000,78.000000,22.462121
0.550000,78.000000,23.012246
0.600000,78.000000,23.595969
0.650000,78.000000,24.178172
0.700000,78.000000,24.729308
0.750000,78.000000,25.227476
0.800000,78.000000,25.659163
0.850000,78.000000,26.018799
0.900000,78.000000,26.307450
0.950000,78.000000,26.531036
1.000000,78.000000,26.698451
1.050000,78.000000,26.819894
1.100000,78.000000,26.905581
1.150000,78.000000,26.964924
1.200000,78.000000,27.006145
1.250000,78.000000,27.036269
1.300000,78.000000,27.061395
1.350000,78.000000,27.087171
1.400000,78.000000,27.119403
1.450000,78.000000,27.164756
1.500000,78.000000,27.231512
1.550000,78.000000,27.330375
1.600000,78.000000,27.475264
1.650000,78.000000,27.684054
1.700000,78.000000,27.979173
1.750000,78.000000,28.387918
1.800000,78.000000,28.942349
1.850000,78.000000,29.678586
1.900000,78.000000,30.635359
1.950000,78.000000,31.851672
2.000000,78.000000,33.363582
2.050000,78.000000,35.200149
2.100000,78.000000,37.378810
2.150000,78.000000,39.900569
2.200000,78.000000,42.745553
2.250000,78.000000,45.869560
2.300000,78.000000,49.202282
2.350000,78.000000,52.647755
2.400000,78.000000,56.087449
2.450000,78.000000,59.386079
2.500000,78.000000,62.399880
2.550000,78.000000,64.986720
2.600000,78.000000,67.017093
2.650000,78.000000,68.384823
2.700000,78.000000,69.016256
2.750000,78.000000,68.876827
2.800000,78.000000,67.974200
2.850000,78.000000,66.357563
2.900000,78.000000,64.113195
2.950000,78.000000,61.356832
3.000000,78.000000,58.223803
3.050000,78.000000,54.858069
3.100000,78.000000,51.401431
3.150000,78.000000,47.983975
3.200000,78.000000,44.716637
3.250000,78.000000,41.686357
3.300000,78.000000,38.953971
3.350000,78.000000,36.554615
3.400000,78.000000,34.500183
3.450000,78.000000,32.783212
3.500000,78.000000,31.381525
3.550000,78.000000,30.263036
3.600000,78.000000,29.390201
3.650000,78.000000,28.723793
3.700000,78.000000,28.225810
3.750000,78.000000,27.861486
3.800000,78.000000,27.600465
3.850000,78.000000,27.417286
3.900000,78.000000,27.291344
3.950000,78.000000,27.206495
4.000000,78.000000,27.150474
4.050000,78.000000,27.114220
4.100000,78.000000,27.091221
4.150000,78.000000,27.076917
4.200000,78.000000,27.068195
4.250000,78.000000,27.062979
4.300000,78.000000,27.059921
4.350000,78.000000,27.058163
4.400000,78.000000,27.057171
4.450000,78.000000,27.056622
4.500000,78.000000,27.056325
4.550000,78.000000,27.056166
4.600000,78.000000,27.056084
4.650000,78.000000,27.056041
4.700000,78.000000,27.056020
4.750000,78.000000,27.056010
4.800000,78.000000,27.056004
4.850000,78.000000,27.056002
4.900000,78.000000,27.056001
4.950000,78.000000,27.056000
5.000000,78.000000,27.056000
5.050000,78.000000,27.056001
5.100000,78.000000,27.056002
5.150000,78.000000,27.056005
5.200000,78.000000,27.056013
5.250000,78.000000,27.056032
5.300000,78.000000,27.056073
5.350000,78.000000,27.056153
5.400000,78.000000,27.056293
5.450000,78.000000,27.056515
5.500000,78.000000,27.056831
5.550000,78.000000,27.057228
5.600000,78.000000,27.057664
5.650000,78.000000,27.058067
5.700000,78.000000,27.058355
5.750000,78.000000,27.058459
5.800000,78.000000,27.058355
5.850000,78.000000,27.058067
5.900000,78.000000,27.057664
5.950000,78.000000,27.057228
6.000000,78.000000,27.056831
0.000000,79.000000,23.631647
0.050000,79.000000,23.045171
0.100000,79.000000,22.492453
0.150000,79.000000,22.011078
0.200000,79.000000,21.636797
0.250000,79.000000,21.399162
0.300000,79.000000,21.317678
0.350000,79.000000,21.399162
0.400000,79.000000,21.636797
0.450000,79.000000,22.011078
0.500000,79.000000,22.492453
0.550000,79.000000,23.045172
0.600000,79.000000,23.631649
0.650000,79.000000,24.216597
0.700000,79.000000,24.770330
0.750000,79.000000,25.270845
0.800000,79.000000,25.704560
0.850000,79.000000,26.065878
0.900000,79.000000,26.355864
0.950000,79.000000,26.580455
1.000000,79.000000,26.748569
1.050000,79.000000,26.870423
1.100000,79.000000,26.956234
1.150000,79.000000,27.015377
1.200000,79.000000,27.055989
1.250000,79.000000,27.084936
1.300000,79.000000,27.108061
1.350000,79.000000,27.130628
1.400000,79.000000,27.157886
1.450000,79.000000,27.195735
1.500000,79.000000,27.251441
1.550000,79.000000,27.334405
1.600000,79.000000,27.456945
1.650000,79.000000,27.635061
1.700000,79.000000,27.889085
1.750000,79.000000,28.244139
1.800000,79.000000,28.730225
1.850000,79.000000,29.381802
1.900000,79.000000,30.236684
1.950000,79.000000,31.334097
2.000000,79.000000,32.711848
2.050000,79.000000,34.402620
2.100000,79.000000,36.429554
2.150000,79.000000,38.801470
2.200000,79.000000,41.508179
2.250000,79.000000,44.516517
2.300000,79.000000,47.767750
2.350000,79.000000,51.176984
2.400000,79.000000,54.635063
2.450000,79.000000,58.013188
2.500000,79.000000,61.170170
2.550000,79.000000,63.961830
2.600000,79.000000,66.251744
2.650000,79.000000,67.922221
2.700000,79.000000,68.884308
2.750000,79.000000,69.085639
2.800000,79.000000,68.515153
2.850000,79.000000,67.204101
2.900000,79.000000,65.223210
2.950000,79.000000,62.676364
3.000000,79.000000,59.691586
3.050000,79.000000,56.410406
3.100000,79.000000,52.976847
3.150000,79.000000,49.527209
3.200000,79.000000,46.181610
3.250000,79.000000,43.037969
3.300000,79.000000,40.168697
3.350000,79.000000,37.620044
3.400000,79.000000,35.413723
3.450000,79.000000,33.550243
3.500000,79.000000,32.013306
3.550000,79.000000,30.774609
3.600000,79.000000,29.798497
3.650000,79.000000,29.046071
3.700000,79.000000,28.478492
3.750000,79.000000,28.059377
3.800000,79.000000,27.756333
3.850000,79.000000,27.541723
3.900000,79.000000,27.392838
3.950000,79.000000,27.291633
4.000000,79.000000,27.224218
4.050000,79.000000,27.180205
4.100000,79.000000,27.152038
4.150000,79.000000,27.134367
4.200000,79.000000,27.123497
4.250000,79.000000,27.116942
4.300000,79.000000,27.113065
4.350000,79.000000,27.110816
4.400000,79.000000,27.109537
4.450000,79.000000,27.108824
4.500000,79.000000,27.108433
4.550000,79.000000,27.108224
4.600000,79.000000,27.108113
4.650000,79.000000,27.108056
4.700000,79.000000,27.108028
4.750000,79.000000,27.108013
4.800000,79.000000,27.108006
4.850000,79.000000,27.108003
4.900000,79.000000,27.108001
4.950000,79.000000,27.108001
5.000000,79.000000,27.108000
5.050000,79.000000,27.108001
5.100000,79.000000,27.108002
5.150000,79.000000,27.108006
5.200000,79.000000,27.108018
5.250000,79.000000,27.108044
5.300000,79.000000,27.108099
5.350000,79.000000,27.108208
5.400000,79.000000,27.108398
5.450000,79.000000,27.108700
5.500000,79.000000,27.109128
5.550000,79.000000,27.109668
5.600000,79.000000,27.110260
5.650000,79.000000,27.110808
5.700000,79.000000,27.111198
5.750000,79.000000,27.111340
5.800000,79.000000,27.111198
5.850000,79.000000,27.110808
5.900000,79.000000,27.110260
5.950000,79.000000,27.109668
6.000000,79.000000,27.109128
0.000000,80.000000,23.667686
0.050000,80.000000,23.078518
0.100000,80.000000,22.523261
0.150000,80.000000,22.039676
0.200000,80.000000,21.663677
0.250000,80.000000,21.424951
0.300000,80.000000,21.343093
0.350000,80.000000,21.424951
0.400000,80.000000,21.663677
0.450000,80.000000,22.039677
0.500000,80.000000,22.523261
0.550000,80.000000,23.078518
0.600000,80.000000,23.667687
0.650000,80.000000,24.255320
0.700000,80.000000,24.811595
0.750000,80.000000,25.314404
0.800000,80.000000,25.750105
0.850000,80.000000,26.113072
0.900000,80.000000,26.404369
0.950000,80.000000,26.629953
1.000000,80.000000,26.798770
1.050000,80.000000,26.921059
1.100000,80.000000,27.007043
1.150000,80.000000,27.066077
1.200000,80.000000,27.106233
1.250000,80.000000,27.134250
1.300000,80.000000,27.155759
1.350000,80.000000,27.175694
1.400000,80.000000,27.198829
1.450000,80.000000,27.230392
1.500000,80.000000,27.276749
1.550000,80.000000,27.346125
1.600000,80.000000,27.449370
1.650000,80.000000,27.600721
1.700000,80.000000,27.818502
1.750000,80.000000,28.125673
1.800000,80.000000,28.550097
1.850000,80.000000,29.124359
1.900000,80.000000,29.884981
1.950000,80.000000,30.870861
2.000000,80.000000,32.120839
2.050000,80.000000,33.670358
2.100000,80.000000,35.547335
2.150000,80.000000,37.767488
2.200000,80.000000,40.329536
2.250000,80.000000,43.210842
2.300000,80.000000,46.364128
2.350000,80.000000,49.715930
2.400000,80.000000,53.167363
2.450000,80.000000,56.597525
2.500000,80.000000,59.869633
2.550000,80.000000,62.839557
2.600000,80.000000,65.366095
2.650000,80.000000,67.321993
2.700000,80.000000,68.604534
2.750000,80.000000,69.144470
2.800000,80.000000,68.912213
2.850000,80.000000,67.920521
2.900000,80.000000,66.223339
2.950000,80.000000,63.910936
3.000000,80.000000,61.101955
3.050000,80.000000,57.933345
3.100000,80.000000,54.549366
3.150000,80.000000,51.090879
3.200000,80.000000,47.686019
3.250000,80.000000,44.443043
3.300000,80.000000,41.445817
3.350000,80.000000,38.752027
3.400000,80.000000,36.393856
3.450000,80.000000,34.380648
3.500000,80.000000,32.702921
3.550000,80.000000,31.337059
3.600000,80.000000,30.250096
3.650000,80.000000,29.404103
3.700000,80.000000,28.759863
3.750000,80.000000,28.279676
3.800000,80.000000,27.929257
3.850000,80.000000,27.678824
3.900000,80.000000,27.503509
3.950000,80.000000,27.383267
4.000000,80.000000,27.302456
4.050000,80.000000,27.249229
4.100000,80.000000,27.214866
4.150000,80.000000,27.193118
4.200000,80.000000,27.179625
4.250000,80.000000,27.171416
4.300000,80.000000,27.166519
4.350000,80.000000,27.163654
4.400000,80.000000,27.162011
4.450000,80.000000,27.161086
4.500000,80.000000,27.160576
4.550000,80.000000,27.160300
4.600000,80.000000,27.160153
4.650000,80.000000,27.160077
4.700000,80.000000,27.160038
4.750000,80.000000,27.160018
4.800000,80.000000,27.160009
4.850000,80.000000,27.160004
4.900000,80.000000,27.160002
4.950000,80.000000,27.160001
5.000000,80.000000,27.160001
5.050000,80.000000,27.160001
5.100000,80.000000,27.160003
5.150000,80.000000,27.160009
5.200000,80.000000,27.160024
5.250000,80.000000,27.160059
5.300000,80.000000,27.160134
5.350000,80.000000,27.160281
5.400000,80.000000,27.160538
5.450000,80.000000,27.160947
5.500000,80.000000,27.161526
5.550000,80.000000,27.162255
5.600000,80.000000,27.163055
5.650000,80.000000,27.163796
5.700000,80.000000,27.164324
5.750000,80.000000,27.164516
5.800000,80.000000,27.164324
5.850000,80.000000,27.163796
5.900000,80.000000,27.163055
5.950000,80.000000,27.162255
6.000000,80.000000,27.161526
0.000000,81.000000,23.704076
0.050000,81.000000,23.112274
0.100000,81.000000,22.554535
0.150000,81.000000,22.068789
0.200000,81.000000,21.691109
0.250000,81.000000,21.451316
0.300000,81.000000,21.369092
0.350000,81.000000,21.451316
0.400000,81.000000,21.691109
0.450000,81.000000,22.068789
0.500000,81.000000,22.554536
0.550000,81.000000,23.112274
0.600000,81.000000,23.704077
0.650000,81.000000,24.294336
0.700000,81.000000,24.853096
0.750000,81.000000,25.358151
0.800000,81.000000,25.795795
0.850000,81.000000,26.160376
0.900000,81.000000,26.452960
0.950000,81.000000,26.679524
1.000000,81.000000,26.849042
1.050000,81.000000,26.971780
1.100000,81.000000,27.057977
1.150000,81.000000,27.116976
1.200000,81.000000,27.156801
1.250000,81.000000,27.184089
1.300000,81.000000,27.204298
1.350000,81.000000,27.222086
1.400000,81.000000,27.241817
1.450000,81.000000,27.268139
1.500000,81.000000,27.306619
1.550000,81.000000,27.364434
1.600000,81.000000,27.451095
1.650000,81.000000,27.579202
1.700000,81.000000,27.765171
1.750000,81.000000,28.029850
1.800000,81.000000,28.398928
1.850000,81.000000,28.902964
1.900000,81.000000,29.576888
1.950000,81.000000,30.458798
2.000000,81.000000,31.587918
2.050000,81.000000,33.001651
2.100000,81.000000,34.731777
2.150000,81.000000,36.799976
2.200000,81.000000,39.213025
2.250000,81.000000,41.958168
2.300000,81.000000,44.999273
2.350000,81.000000,48.274456
2.400000,81.000000,51.695755
2.450000,81.000000,55.151361
2.500000,81.000000,58.510557
2.550000,81.000000,61.631262
2.600000,81.000000,64.369648
2.650000,81.000000,66.590963
2.700000,81.000000,68.180470
2.750000,81.000000,69.053248
2.800000,81.000000,69.161705
2.850000,81.000000,68.499881
2.900000,81.000000,67.103989
2.950000,81.000000,65.049131
3.000000,81.000000,62.442606
3.050000,81.000000,59.414636
3.100000,81.000000,56.107629
3.150000,81.000000,52.665193
3.200000,81.000000,49.222090
3.250000,81.000000,45.896039
3.300000,81.000000,42.782018
3.350000,81.000000,39.949285
3.400000,81.000000,37.441020
3.450000,81.000000,35.276187
3.500000,81.000000,33.453034
3.550000,81.000000,31.953568
3.600000,81.000000,30.748362
3.650000,81.000000,29.801172
3.700000,81.000000,29.072949
3.750000,81.000000,28.525039
3.800000,81.000000,28.121473
3.850000,81.000000,27.830403
3.900000,81.000000,27.624784
3.950000,81.000000,27.482485
4.000000,81.000000,27.385994
4.050000,81.000000,27.321874
4.100000,81.000000,27.280112
4.150000,81.000000,27.253450
4.200000,81.000000,27.236762
4.250000,81.000000,27.226522
4.300000,81.000000,27.220360
4.350000,81.000000,27.216725
4.400000,81.000000,27.214622
4.450000,81.000000,27.213428
4.500000,81.000000,27.212763
4.550000,81.000000,27.212401
4.600000,81.000000,27.212206
4.650000,81.000000,27.212104
4.700000,81.000000,27.212052
4.750000,81.000000,27.212025
4.800000,81.000000,27.212012
4.850000,81.000000,27.212006
4.900000,81.000000,27.212003
4.950000,81.000000,27.212001
5.000000,81.000000,27.212001
5.050000,81.000000,27.212001
5.100000,81.000000,27.212004
5.150000,81.000000,27.212012
5.200000,81.000000,27.212032
5.250000,81.000000,27.212079
5.300000,81.000000,27.212181
5.350000,81.000000,27.212378
5.400000,81.000000,27.212725
5.450000,81.000000,27.213274
5.500000,81.000000,27.214053
5.550000,81.000000,27.215035
5.600000,81.000000,27.216112
5.650000,81.000000,27.217109
5.700000,81.000000,27.217819
5.750000,81.000000,27.218077
5.800000,81.000000,27.217819
5.850000,81.000000,27.217109
5.900000,81.000000,27.216112
5.950000,81.000000,27.215035
6.000000,81.000000,27.214053
0.000000,82.000000,23.740808
0.050000,82.000000,23.146431
0.100000,82.000000,22.586265
0.150000,82.000000,22.098405
0.200000,82.000000,21.719081
0.250000,82.000000,21.478244
0.300000,82.000000,21.395663
0.350000,82.000000,21.478244
0.400000,82.000000,21.719081
0.450000,82.000000,22.098405
0.500000,82.000000,22.586265
0.550000,82.000000,23.146431
0.600000,82.000000,23.740809
0.650000,82.000000,24.333637
0.700000,82.000000,24.894828
0.750000,82.000000,25.402080
0.800000,82.000000,25.841626
0.850000,82.000000,26.207787
0.900000,82.000000,26.501634
0.950000,82.000000,26.729161
1.000000,82.000000,26.899376
1.050000,82.000000,27.022574
1.100000,82.000000,27.109012
1.150000,82.000000,27.168033
1.200000,82.000000,27.207626
1.250000,82.000000,27.234352
1.300000,82.000000,27.253522
1.350000,82.000000,27.269565
1.400000,82.000000,27.286499
1.450000,82.000000,27.308468
1.500000,82.000000,27.340343
1.550000,82.000000,27.388364
1.600000,82.000000,27.460834
1.650000,82.000000,27.568848
1.700000,82.000000,27.727024
1.750000,82.000000,27.954179
1.800000,82.000000,28.273831
1.850000,82.000000,28.714417
1.900000,82.000000,29.309045
1.950000,82.000000,30.094617
2.000000,82.000000,31.110170
2.050000,82.000000,32.394328
2.100000,82.000000,33.981864
2.150000,82.000000,35.899483
2.200000,82.000000,38.161114
2.250000,82.000000,40.763130
2.300000,82.000000,43.680080
2.350000,82.000000,46.861584
2.400000,82.000000,50.231040
2.450000,82.000000,53.686684
2.500000,82.000000,57.105334
2.550000,82.000000,60.348832
2.600000,82.000000,63.272834
2.650000,82.000000,65.737224
2.700000,82.000000,67.617156
2.750000,82.000000,68.813504
2.800000,82.000000,69.261515
2.850000,82.000000,68.936614
2.900000,82.000000,67.856640
2.950000,82.000000,66.080222
3.000000,82.000000,63.701505
3.050000,82.000000,60.841891
3.100000,82.000000,57.639791
3.150000,82.000000,54.239605
3.200000,82.000000,50.781123
3.250000,82.000000,47.390423
3.300000,82.000000,44.173019
3.350000,82.000000,41.209678
3.400000,82.000000,38.554944
3.450000,82.000000,36.238087
3.500000,82.000000,34.265962
3.550000,82.000000,32.627133
3.600000,82.000000,31.296616
3.650000,82.000000,30.240627
3.700000,82.000000,29.420908
3.750000,82.000000,28.798292
3.800000,82.000000,28.335406
3.850000,82.000000,27.998462
3.900000,82.000000,27.758258
3.950000,82.000000,27.590519
4.000000,82.000000,27.475754
4.050000,82.000000,27.398811
4.100000,82.000000,27.348253
4.150000,82.000000,27.315691
4.200000,82.000000,27.295133
4.250000,82.000000,27.282407
4.300000,82.000000,27.274684
4.350000,82.000000,27.270088
4.400000,82.000000,27.267405
4.450000,82.000000,27.265870
4.500000,82.000000,27.265008
4.550000,82.000000,27.264533
4.600000,82.000000,27.264277
4.650000,82.000000,27.264141
4.700000,82.000000,27.264071
4.750000,82.000000,27.264035
4.800000,82.000000,27.264017
4.850000,82.000000,27.264008
4.900000,82.000000,27.264004
4.950000,82.000000,27.264002
5.000000,82.000000,27.264001
5.050000,82.000000,27.264002
5.100000,82.000000,27.264005
5.150000,82.000000,27.264016
5.200000,82.000000,27.264043
5.250000,82.000000,27.264106
5.300000,82.000000,27.264242
5.350000,82.000000,27.264506
5.400000,82.000000,27.264971
5.450000,82.000000,27.265707
5.500000,82.000000,27.266751
5.550000,82.000000,27.268066
5.600000,82.000000,27.269510
5.650000,82.000000,27.270845
5.700000,82.000000,27.271797
5.750000,82.000000,27.272143
5.800000,82.000000,27.271797
5.850000,82.000000,27.270845
5.900000,82.000000,27.269510
5.950000,82.000000,27.268066
6.000000,82.000000,27.266751
0.000000,83.000000,23.777877
0.050000,83.000000,23.180980
0.100000,83.000000,22.618440
0.150000,83.000000,22.128512
0.200000,83.000000,21.747581
0.250000,83.000000,21.505723
0.300000,83.000000,21.422792
0.350000,83.000000,21.505723
0.400000,83.000000,21.747581
0.450000,83.000000,22.128512
0.500000,83.000000,22.618440
0.550000,83.000000,23.180980
0.600000,83.000000,23.777877
0.650000,83.000000,24.373217
0.700000,83.000000,24.936786
0.750000,83.000000,25.446187
0.800000,83.000000,25.887594
0.850000,83.000000,26.255303
0.900000,83.000000,26.550385
0.950000,83.000000,26.778861
1.000000,83.000000,26.949766
1.050000,83.000000,27.073429
1.100000,83.000000,27.160130
1.150000,83.000000,27.219217
1.200000,83.000000,27.258659
1.250000,83.000000,27.284954
1.300000,83.000000,27.303300
1.350000,83.000000,27.317934
1.400000,83.000000,27.332579
1.450000,83.000000,27.350949
1.500000,83.000000,27.377308
1.550000,83.000000,27.417069
1.600000,83.000000,27.477450
1.650000,83.000000,27.568171
1.700000,83.000000,27.702181
1.750000,83.000000,27.896356
1.800000,83.000000,28.172087
1.850000,83.000000,28.555643
1.900000,83.000000,29.078140
1.950000,83.000000,29.774964
2.000000,83.000000,30.684473
2.050000,83.000000,31.845843
2.100000,83.000000,33.296021
2.150000,83.000000,35.065820
2.200000,83.000000,37.175388
2.250000,83.000000,39.629391
2.300000,83.000000,42.412449
2.350000,83.000000,45.485432
2.400000,83.000000,48.783294
2.450000,83.000000,52.215043
2.500000,83.000000,55.666285
2.550000,83.000000,59.004494
2.600000,83.000000,62.086839
2.650000,83.000000,64.769996
2.700000,83.000000,66.921049
2.750000,83.000000,68.428354
2.800000,83.000000,69.211131
2.850000,83.000000,69.226628
2.900000,83.000000,68.473993
2.950000,83.000000,66.994351
3.000000,83.000000,64.867081
3.050000,83.000000,62.202764
3.100000,83.000000,59.133667
3.150000,83.000000,55.802912
3.200000,83.000000,52.353551
3.250000,83.000000,48.918684
3.300000,83.000000,45.613551
3.350000,83.000000,42.530149
3.400000,83.000000,39.734574
3.450000,83.000000,37.266966
3.500000,83.000000,35.143591
3.550000,83.000000,33.360501
3.600000,83.000000,31.898075
3.650000,83.000000,30.725834
3.700000,83.000000,29.807000
3.750000,83.000000,29.102421
3.800000,83.000000,28.573660
3.850000,83.000000,28.185184
3.900000,83.000000,27.905698
3.950000,83.000000,27.708751
4.000000,83.000000,27.572788
4.050000,83.000000,27.480817
4.100000,83.000000,27.419848
4.150000,83.000000,27.380234
4.200000,83.000000,27.355003
4.250000,83.000000,27.339249
4.300000,83.000000,27.329604
4.350000,83.000000,27.323815
4.400000,83.000000,27.320407
4.450000,83.000000,27.318440
4.500000,83.000000,27.317326
4.550000,83.000000,27.316707
4.600000,83.000000,27.316370
4.650000,83.000000,27.316190
4.700000,83.000000,27.316096
4.750000,83.000000,27.316048
4.800000,83.000000,27.316023
4.850000,83.000000,27.316011
4.900000,83.000000,27.316005
4.950000,83.000000,27.316003
5.000000,83.000000,27.316002
5.050000,83.000000,27.316003
5.100000,83.000000,27.316007
5.150000,83.000000,27.316021
5.200000,83.000000,27.316057
5.250000,83.000000,27.316142
5.300000,83.000000,27.316323
5.350000,83.000000,27.316675
5.400000,83.000000,27.317295
5.450000,83.000000,27.318276
5.500000,83.000000,27.319669
5.550000,83.000000,27.321423
5.600000,83.000000,27.323348
5.650000,83.000000,27.325129
5.700000,83.000000,27.326399
5.750000,83.000000,27.326860
5.800000,83.000000,27.326399
5.850000,83.000000,27.325129
5.900000,83.000000,27.323348
5.950000,83.000000,27.321423
6.000000,83.000000,27.319669
0.000000,84.000000,23.815273
0.050000,84.000000,23.215913
0.100000,84.000000,22.651051
0.150000,84.000000,22.159101
0.200000,84.000000,21.776597
0.250000,84.000000,21.533742
0.300000,84.000000,21.450468
0.350000,84.000000,21.533742
0.400000,84.000000,21.776597
0.450000,84.000000,22.159101
0.500000,84.000000,22.651051
0.550000,84.000000,23.215913
0.600000,84.000000,23.815274
0.650000,84.000000,24.413070
0.700000,84.000000,24.978965
0.750000,84.000000,25.490468
0.800000,84.000000,25.933695
0.850000,84.000000,26.302918
0.900000,84.000000,26.599213
0.950000,84.000000,26.828619
1.000000,84.000000,27.000206
1.050000,84.000000,27.124335
1.100000,84.000000,27.211314
1.150000,84.000000,27.270501
1.200000,84.000000,27.309855
1.250000,84.000000,27.335828
1.300000,84.000000,27.353525
1.350000,84.000000,27.367026
1.400000,84.000000,27.379807
1.450000,84.000000,27.395214
1.500000,84.000000,27.416986
1.550000,84.000000,27.449810
1.600000,84.000000,27.499938
1.650000,84.000000,27.575845
1.700000,84.000000,27.688937
1.750000,84.000000,27.854263
1.800000,84.000000,28.091157
1.850000,84.000000,28.423713
1.900000,84.000000,28.880945
1.950000,84.000000,29.496475
2.000000,84.000000,30.307564
2.050000,84.000000,31.353350
2.100000,84.000000,32.672195
2.150000,84.000000,34.298138
2.200000,84.000000,36.256606
2.250000,84.000000,38.559669
2.300000,84.000000,41.201289
2.350000,84.000000,44.153158
2.400000,84.000000,47.361777
2.450000,84.000000,50.747417
2.500000,84.000000,54.205490
2.550000,84.000000,57.610628
2.600000,84.000000,60.823426
2.650000,84.000000,63.699474
2.700000,84.000000,66.099906
2.750000,84.000000,67.902435
2.800000,84.000000,69.011651
2.850000,84.000000,69.367379
2.900000,84.000000,68.950093
2.950000,84.000000,67.782688
3.000000,84.000000,65.928400
3.050000,84.000000,63.485129
3.100000,84.000000,60.576888
3.150000,84.000000,57.343390
3.200000,84.000000,53.929021
3.250000,84.000000,50.472368
3.300000,84.000000,47.097352
3.350000,84.000000,43.906685
3.400000,84.000000,40.978012
3.450000,84.000000,38.362753
3.500000,84.000000,36.087304
3.550000,84.000000,34.156090
3.600000,84.000000,32.555795
3.650000,84.000000,31.260130
3.700000,84.000000,30.234562
3.750000,84.000000,29.440549
3.800000,84.000000,28.839016
3.850000,84.000000,28.392943
3.900000,84.000000,28.069054
3.950000,84.000000,27.838731
4.000000,84.000000,27.678286
4.050000,84.000000,27.568781
4.100000,84.000000,27.495542
4.150000,84.000000,27.447534
4.200000,84.000000,27.416688
4.250000,84.000000,27.397259
4.300000,84.000000,27.385261
4.350000,84.000000,27.377996
4.400000,84.000000,27.373683
4.450000,84.000000,27.371172
4.500000,84.000000,27.369738
4.550000,84.000000,27.368935
4.600000,84.000000,27.368493
4.650000,84.000000,27.368256
4.700000,84.000000,27.368130
4.750000,84.000000,27.368065
4.800000,84.000000,27.368032
4.850000,84.000000,27.368015
4.900000,84.000000,27.368007
4.950000,84.000000,27.368004
5.000000,84.000000,27.368002
5.050000,84.000000,27.368004
5.100000,84.000000,27.368010
5.150000,84.000000,27.368028
5.200000,84.000000,27.368076
5.250000,84.000000,27.368188
5.300000,84.000000,27.368429
5.350000,84.000000,27.368897
5.400000,84.000000,27.369719
5.450000,84.000000,27.371022
5.500000,84.000000,27.372872
5.550000,84.000000,27.375200
5.600000,84.000000,27.377756
5.650000,84.000000,27.380121
5.700000,84.000000,27.381806
5.750000,84.000000,27.382419
5.800000,84.000000,27.381806
5.850000,84.000000,27.380121
5.900000,84.000000,27.377756
5.950000,84.000000,27.375200
6.000000,84.000000,27.372872
0.000000,85.000000,23.852991
0.050000,85.000000,23.251221
0.100000,85.000000,22.684088
0.150000,85.000000,22.190160
0.200000,85.000000,21.806119
0.250000,85.000000,21.562287
0.300000,85.000000,21.478678
0.350000,85.000000,21.562287
0.400000,85.000000,21.806119
0.450000,85.000000,22.190160
0.500000,85.000000,22.684088
0.550000,85.000000,23.251221
0.600000,85.000000,23.852991
0.650000,85.000000,24.453191
0.700000,85.000000,25.021361
0.750000,85.000000,25.534918
0.800000,85.000000,25.979926
0.850000,85.000000,26.350632
0.900000,85.000000,26.648113
0.950000,85.000000,26.878432
1.000000,85.000000,27.050691
1.050000,85.000000,27.175286
1.100000,85.000000,27.262552
1.150000,85.000000,27.321867
1.200000,85.000000,27.361182
1.250000,85.000000,27.386919
1.300000,85.000000,27.404110
1.350000,85.000000,27.416705
1.400000,85.000000,27.427974
1.450000,85.000000,27.440952
1.500000,85.000000,27.458926
1.550000,85.000000,27.485950
1.600000,85.000000,27.527420
1.650000,85.000000,27.590691
1.700000,85.000000,27.685759
1.750000,85.000000,27.825968
1.800000,85.000000,28.028684
1.850000,85.000000,28.315860
1.900000,85.000000,28.714349
1.950000,85.000000,29.255820
2.000000,85.000000,29.976101
2.050000,85.000000,30.913776
2.100000,85.000000,32.107935
2.150000,85.000000,33.595006
2.200000,85.000000,35.404774
2.250000,85.000000,37.555783
2.300000,85.000000,40.050523
2.350000,85.000000,42.870937
2.400000,85.000000,45.974860
2.450000,85.000000,49.294088
2.500000,85.000000,52.734634
2.550000,85.000000,56.179593
2.600000,85.000000,59.494747
2.650000,85.000000,62.536656
2.700000,85.000000,65.162656
2.750000,85.000000,67.241827
2.800000,85.000000,68.665760
2.850000,85.000000,69.357916
2.900000,85.000000,69.280439
2.950000,85.000000,68.437589
3.000000,85.000000,66.875349
3.050000,85.000000,64.677271
3.100000,85.000000,61.957080
3.150000,85.000000,58.848929
3.200000,85.000000,55.496500
3.250000,85.000000,52.042138
3.300000,85.000000,48.617173
3.350000,85.000000,45.334288
3.400000,85.000000,42.282455
3.450000,85.000000,39.524615
3.500000,85.000000,37.097893
3.550000,85.000000,35.015914
3.600000,85.000000,33.272598
3.650000,85.000000,31.846767
3.700000,85.000000,30.706958
3.750000,85.000000,29.815913
3.800000,85.000000,29.134420
3.850000,85.000000,28.624295
3.900000,85.000000,28.250459
3.950000,85.000000,27.982176
4.000000,85.000000,27.793591
4.050000,85.000000,27.663719
4.100000,85.000000,27.576082
4.150000,85.000000,27.518126
4.200000,85.000000,27.480560
4.250000,85.000000,27.456691
4.300000,85.000000,27.441822
4.350000,85.000000,27.432741
4.400000,85.000000,27.427303
4.450000,85.000000,27.424109
4.500000,85.000000,27.422270
4.550000,85.000000,27.421231
4.600000,85.000000,27.420655
4.650000,85.000000,27.420342
4.700000,85.000000,27.420176
4.750000,85.000000,27.420088
4.800000,85.000000,27.420044
4.850000,85.000000,27.420021
4.900000,85.000000,27.420010
4.950000,85.000000,27.420005
5.000000,85.000000,27.420003
5.050000,85.000000,27.420005
5.100000,85.000000,27.420013
5.150000,85.000000,27.420037
5.200000,85.000000,27.420100
5.250000,85.000000,27.420248
5.300000,85.000000,27.420567
5.350000,85.000000,27.421185
5.400000,85.000000,27.422272
5.450000,85.000000,27.423995
5.500000,85.000000,27.426439
5.550000,85.000000,27.429516
5.600000,85.000000,27.432895
5.650000,85.000000,27.436020
5.700000,85.000000,27.438248
5.750000,85.000000,27.439057
5.800000,85.000000,27.438248
5.850000,85.000000,27.436020
5.900000,85.000000,27.432895
5.950000,85.000000,27.429516
6.000000,85.000000,27.426439
0.000000,86.000000,23.891022
0.050000,86.000000,23.286896
0.100000,86.000000,22.717542
0.150000,86.000000,22.221680
0.200000,86.000000,21.836135
0.250000,86.000000,21.591348
0.300000,86.000000,21.507412
0.350000,86.000000,21.591348
0.400000,86.000000,21.836135
0.450000,86.000000,22.221680
0.500000,86.000000,22.717542
0.550000,86.000000,23.286896
0.600000,86.000000,23.891022
0.650000,86.000000,24.493572
0.700000,86.000000,25.063967
0.750000,86.000000,25.579536
0.800000,86.000000,26.026285
0.850000,86.000000,26.398441
0.900000,86.000000,26.697083
0.950000,86.000000,26.928297
1.000000,86.000000,27.101217
1.050000,86.000000,27.226275
1.100000,86.000000,27.313836
1.150000,86.000000,27.373297
1.200000,86.000000,27.412613
1.250000,86.000000,27.438183
1.300000,86.000000,27.454982
1.350000,86.000000,27.466858
1.400000,86.000000,27.476907
1.450000,86.000000,27.487902
1.500000,86.000000,27.502744
1.550000,86.000000,27.524940
1.600000,86.000000,27.559129
1.650000,86.000000,27.611670
1.700000,86.000000,27.691279
1.750000,86.000000,27.809719
1.800000,86.000000,27.982500
1.850000,86.000000,28.229494
1.900000,86.000000,28.575379
1.950000,86.000000,29.049746
2.000000,86.000000,29.686718
2.050000,86.000000,30.523891
2.100000,86.000000,31.600468
2.150000,86.000000,32.954494
2.200000,86.000000,34.619216
2.250000,86.000000,36.618712
2.300000,86.000000,38.963124
2.350000,86.000000,41.643945
2.400000,86.000000,44.629965
2.450000,86.000000,47.864550
2.500000,86.000000,51.264861
2.550000,86.000000,54.723551
2.600000,86.000000,58.113159
2.650000,86.000000,61.293165
2.700000,86.000000,64.119245
2.750000,86.000000,66.453946
2.800000,86.000000,68.177688
2.850000,86.000000,69.198898
2.900000,86.000000,69.462060
2.950000,86.000000,68.952722
3.000000,86.000000,67.698803
3.050000,86.000000,65.768064
3.100000,86.000000,63.262039
3.150000,86.000000,60.307196
3.200000,86.000000,57.044392
3.250000,86.000000,53.617846
3.300000,86.000000,50.164814
3.350000,86.000000,46.806966
3.400000,86.000000,43.644155
3.450000,86.000000,40.750890
3.500000,86.000000,38.175481
3.550000,86.000000,35.941499
3.600000,86.000000,34.050999
3.650000,86.000000,32.488853
3.700000,86.000000,31.227539
3.750000,86.000000,30.231831
3.800000,86.000000,29.462959
3.850000,86.000000,28.881975
3.900000,86.000000,28.452234
3.950000,86.000000,28.140987
4.000000,86.000000,27.920204
4.050000,86.000000,27.766783
4.100000,86.000000,27.662326
4.150000,86.000000,27.592632
4.200000,86.000000,27.547058
4.250000,86.000000,27.517846
4.300000,86.000000,27.499490
4.350000,86.000000,27.488182
4.400000,86.000000,27.481350
4.450000,86.000000,27.477304
4.500000,86.000000,27.474954
4.550000,86.000000,27.473615
4.600000,86.000000,27.472867
4.650000,86.000000,27.472456
4.700000,86.000000,27.472236
4.750000,86.000000,27.472120
4.800000,86.000000,27.472060
4.850000,86.000000,27.472029
4.900000,86.000000,27.472014
4.950000,86.000000,27.472007
5.000000,86.000000,27.472005
5.050000,86.000000,27.472006
5.100000,86.000000,27.472017
5.150000,86.000000,27.472049
5.200000,86.000000,27.472131
5.250000,86.000000,27.472327
5.300000,86.000000,27.472745
5.350000,86.000000,27.473559
5.400000,86.000000,27.474989
5.450000,86.000000,27.477256
5.500000,86.000000,27.480472
5.550000,86.000000,27.484521
5.600000,86.000000,27.488966
5.650000,86.000000,27.493078
5.700000,86.000000,27.496009
5.750000,86.000000,27.497074
5.800000,86.000000,27.496009
5.850000,86.000000,27.493078
5.900000,86.000000,27.488966
5.950000,86.000000,27.484521
6.000000,86.000000,27.480472
0.000000,87.000000,23.929360
0.050000,87.000000,23.322929
0.100000,87.000000,22.751403
0.150000,87.000000,22.253650
0.200000,87.000000,21.866633
0.250000,87.000000,21.620912
0.300000,87.000000,21.536656
0.350000,87.000000,21.620912
0.400000,87.000000,21.866633
0.450000,87.000000,22.253650
0.500000,87.000000,22.751404
0.550000,87.000000,23.322929
0.600000,87.000000,23.929360
0.650000,87.000000,24.534209
0.700000,87.000000,25.106780
0.750000,87.000000,25.624315
0.800000,87.000000,26.072769
0.850000,87.000000,26.446343
0.900000,87.000000,26.746122
0.950000,87.000000,26.978213
1.000000,87.000000,27.151783
1.050000,87.000000,27.277298
1.100000,87.000000,27.365157
1.150000,87.000000,27.424779
1.200000,87.000000,27.464126
1.250000,87.000000,27.489584
1.300000,87.000000,27.506084
1.350000,87.000000,27.517391
1.400000,87.000000,27.526460
1.450000,87.000000,27.535845
1.500000,87.000000,27.548116
1.550000,87.000000,27.566307
1.600000,87.000000,27.594402
1.650000,87.000000,27.637872
1.700000,87.000000,27.704278
1.750000,87.000000,27.803939
1.800000,87.000000,27.950624
1.850000,87.000000,28.162210
1.900000,87.000000,28.461223
1.950000,87.000000,28.875106
2.000000,87.000000,29.436071
2.050000,87.000000,30.180367
2.100000,87.000000,31.146776
2.150000,87.000000,32.374252
2.200000,87.000000,33.898651
2.250000,87.000000,35.748661
2.300000,87.000000,37.941152
2.350000,87.000000,40.476374
2.400000,87.000000,43.333538
2.450000,87.000000,46.467419
2.500000,87.000000,49.806657
2.550000,87.000000,53.254309
2.600000,87.000000,56.691044
2.650000,87.000000,59.981065
2.700000,87.000000,62.980469
2.750000,87.000000,65.547415
2.800000,87.000000,67.553132
2.850000,87.000000,68.892581
2.900000,87.000000,69.493567
2.950000,87.000000,69.323180
3.000000,87.000000,68.390782
3.050000,87.000000,66.747155
3.100000,87.000000,64.479919
3.150000,87.000000,61.705798
3.200000,87.000000,58.560677
3.250000,87.000000,55.188633
3.300000,87.000000,51.731171
3.350000,87.000000,48.317738
3.400000,87.000000,45.058383
3.450000,87.000000,42.039026
3.500000,87.000000,39.319452
3.550000,87.000000,36.933807
3.600000,87.000000,34.893131
3.650000,87.000000,33.189278
3.700000,87.000000,31.799586
3.750000,87.000000,30.691666
3.800000,87.000000,29.827841
3.850000,87.000000,29.168884
3.900000,87.000000,28.676888
3.950000,87.000000,28.317247
4.000000,87.000000,28.059796
4.050000,87.000000,27.879271
4.100000,87.000000,27.755254
4.150000,87.000000,27.671771
4.200000,87.000000,27.616695
4.250000,87.000000,27.581081
4.300000,87.000000,27.558507
4.350000,87.000000,27.544478
4.400000,87.000000,27.535930
4.450000,87.000000,27.530822
4.500000,87.000000,27.527830
4.550000,87.000000,27.526111
4.600000,87.000000,27.525142
4.650000,87.000000,27.524607
4.700000,87.000000,27.524316
4.750000,87.000000,27.524162
4.800000,87.000000,27.524081
4.850000,87.000000,27.524040
4.900000,87.000000,27.524020
4.950000,87.000000,27.524010
5.000000,87.000000,27.524006
5.050000,87.000000,27.524009
5.100000,87.000000,27.524022
5.150000,87.000000,27.524064
5.200000,87.000000,27.524172
5.250000,87.000000,27.524428
5.300000,87.000000,27.524976
5.350000,87.000000,27.526042
5.400000,87.000000,27.527915
5.450000,87.000000,27.530884
5.500000,87.000000,27.535096
5.550000,87.000000,27.540399
5.600000,87.000000,27.546221
5.650000,87.000000,27.551607
5.700000,87.000000,27.555446
5.750000,87.000000,27.556841
5.800000,87.000000,27.555446
5.850000,87.000000,27.551607
5.900000,87.000000,27.546221
5.950000,87.000000,27.540399
6.000000,87.000000,27.535096
0.000000,88.000000,23.967999
0.050000,88.000000,23.359313
0.100000,88.000000,22.785663
0.150000,88.000000,22.286059
0.200000,88.000000,21.897605
0.250000,88.000000,21.650970
0.300000,88.000000,21.566401
0.350000,88.000000,21.650970
0.400000,88.000000,21.897605
0.450000,88.000000,22.286059
0.500000,88.000000,22.785664
0.550000,88.000000,23.359313
0.600000,88.000000,23.967999
0.650000,88.000000,24.575096
0.700000,88.000000,25.149795
0.750000,88.000000,25.669254
0.800000,88.000000,26.119374
0.850000,88.000000,26.494335
0.900000,88.000000,26.795226
0.950000,88.000000,27.028177
1.000000,88.000000,27.202384
1.050000,88.000000,27.328352
1.100000,88.000000,27.416510
1.150000,88.000000,27.476302
1.200000,88.000000,27.515704
1.250000,88.000000,27.541092
1.300000,88.000000,27.557369
1.350000,88.000000,27.568229
1.400000,88.000000,27.576515
1.450000,88.000000,27.584596
1.500000,88.000000,27.594765
1.550000,88.000000,27.609652
1.600000,88.000000,27.632666
1.650000,88.000000,27.668499
1.700000,88.000000,27.723681
1.750000,88.000000,27.807214
1.800000,88.000000,27.931254
1.850000,88.000000,28.111789
1.900000,88.000000,28.369244
1.950000,88.000000,28.728887
2.000000,88.000000,29.220883
2.050000,88.000000,29.879841
2.100000,88.000000,30.743666
2.150000,88.000000,31.851586
2.200000,88.000000,33.241278
2.250000,88.000000,34.945131
2.300000,88.000000,36.985807
2.350000,88.000000,39.371452
2.400000,88.000000,42.091026
2.450000,88.000000,45.110383
2.500000,88.000000,48.369738
2.550000,88.000000,51.783171
2.600000,88.000000,55.240633
2.650000,88.000000,58.612677
2.700000,88.000000,61.757798
2.750000,88.000000,64.531919
2.800000,88.000000,66.799155
2.850000,88.000000,68.442782
2.900000,88.000000,69.375180
2.950000,88.000000,69.545567
3.000000,88.000000,68.944581
3.050000,88.000000,67.605132
3.100000,88.000000,65.599415
3.150000,88.000000,63.032469
3.200000,88.000000,60.033065
3.250000,88.000000,56.743044
3.300000,88.000000,53.306309
3.350000,88.000000,49.858657
3.400000,88.000000,46.519419
3.450000,88.000000,43.385538
3.500000,88.000000,40.528374
3.550000,88.000000,37.993152
3.600000,88.000000,35.800661
3.650000,88.000000,33.950651
3.700000,88.000000,32.426252
3.750000,88.000000,31.198776
3.800000,88.000000,30.232367
3.850000,88.000000,29.488072
3.900000,88.000000,28.927107
3.950000,88.000000,28.513226
4.000000,88.000000,28.214218
4.050000,88.000000,28.002641
4.100000,88.000000,27.855979
4.150000,88.000000,27.756367
4.200000,88.000000,27.690067
4.250000,88.000000,27.646816
4.300000,88.000000,27.619159
4.350000,88.000000,27.601822
4.400000,88.000000,27.591166
4.450000,88.000000,27.584744
4.500000,88.000000,27.580949
4.550000,88.000000,27.578750
4.600000,88.000000,27.577500
4.650000,88.000000,27.576803
4.700000,88.000000,27.576422
4.750000,88.000000,27.576218
4.800000,88.000000,27.576110
4.850000,88.000000,27.576055
4.900000,88.000000,27.576027
4.950000,88.000000,27.576013
5.000000,88.000000,27.576008
5.050000,88.000000,27.576011
5.100000,88.000000,27.576029
5.150000,88.000000,27.576083
5.200000,88.000000,27.576225
5.250000,88.000000,27.576558
5.300000,88.000000,27.577273
5.350000,88.000000,27.578662
5.400000,88.000000,27.581105
5.450000,88.000000,27.584975
5.500000,88.000000,27.590468
5.550000,88.000000,27.597382
5.600000,88.000000,27.604973
5.650000,88.000000,27.611994
5.700000,88.000000,27.617000
5.750000,88.000000,27.618819
5.800000,88.000000,27.617000
5.850000,88.000000,27.611994
5.900000,88.000000,27.604973
5.950000,88.000000,27.597382
6.000000,88.000000,27.590467
0.000000,89.000000,24.006931
0.050000,89.000000,23.396041
0.100000,89.000000,22.820313
0.150000,89.000000,22.318900
0.200000,89.000000,21.929038
0.250000,89.000000,21.681510
0.300000,89.000000,21.596635
0.350000,89.000000,21.681510
0.400000,89.000000,21.929038
0.450000,89.000000,22.318900
0.500000,89.000000,22.820313
0.550000,89.000000,23.396041
0.600000,89.000000,24.006931
0.650000,89.000000,24.616227
0.700000,89.000000,25.193007
0.750000,89.000000,25.714347
0.800000,89.000000,26.166097
0.850000,89.000000,26.542416
0.900000,89.000000,26.844396
0.950000,89.000000,27.078187
1.000000,89.000000,27.253020
1.050000,89.000000,27.379433
1.100000,89.000000,27.467890
1.150000,89.000000,27.527860
1.200000,89.000000,27.567333
1.250000,89.000000,27.592686
1.300000,89.000000,27.608797
1.350000,89.000000,27.619310
1.400000,89.000000,27.626974
1.450000,89.000000,27.634005
1.500000,89.000000,27.642463
1.550000,89.000000,27.654632
1.600000,89.000000,27.673430
1.650000,89.000000,27.702862
1.700000,89.000000,27.748542
1.750000,89.000000,27.818286
1.800000,89.000000,27.922765
1.850000,89.000000,28.076196
1.900000,89.000000,28.296984
1.950000,89.000000,28.608233
2.000000,89.000000,29.037975
2.050000,89.000000,29.618959
2.100000,89.000000,30.387831
2.150000,89.000000,31.383539
2.200000,89.000000,32.644853
2.250000,89.000000,34.206999
2.300000,89.000000,36.097499
2.350000,89.000000,38.331481
2.400000,89.000000,40.906890
2.450000,89.000000,43.800155
2.500000,89.000000,46.962966
2.550000,89.000000,50.320814
2.600000,89.000000,53.773846
2.650000,89.000000,57.200392
2.700000,89.000000,60.463196
2.750000,89.000000,63.418039
2.800000,89.000000,65.924064
2.850000,89.000000,67.854803
2.900000,89.000000,69.108722
2.950000,89.000000,69.618060
3.000000,89.000000,69.354898
3.050000,89.000000,68.333688
3.100000,89.000000,66.609946
3.150000,89.000000,64.275245
3.200000,89.000000,61.449165
3.250000,89.000000,58.269159
3.300000,89.000000,54.879551
3.350000,89.000000,51.420861
3.400000,89.000000,48.020550
3.450000,89.000000,44.785965
3.500000,89.000000,41.799945
3.550000,89.000000,39.119124
3.600000,89.000000,36.774712
3.650000,89.000000,34.775216
3.700000,89.000000,33.110494
3.750000,89.000000,31.756468
3.800000,89.000000,30.679891
3.850000,89.000000,29.842718
3.900000,89.000000,29.205747
3.950000,89.000000,28.731382
4.000000,89.000000,28.385501
4.050000,89.000000,28.138517
4.100000,89.000000,27.965759
4.150000,89.000000,27.847368
4.200000,89.000000,27.767865
4.250000,89.000000,27.715541
4.300000,89.000000,27.681788
4.350000,89.000000,27.660444
4.400000,89.000000,27.647211
4.450000,89.000000,27.639167
4.500000,89.000000,27.634372
4.550000,89.000000,27.631569
4.600000,89.000000,27.629963
4.650000,89.000000,27.629060
4.700000,89.000000,27.628562
4.750000,89.000000,27.628292
4.800000,89.000000,27.628149
4.850000,89.000000,27.628075
4.900000,89.000000,27.628037
4.950000,89.000000,27.628019
5.000000,89.000000,27.628012
5.050000,89.000000,27.628015
5.100000,89.000000,27.628038
5.150000,89.000000,27.628108
5.200000,89.000000,27.628291
5.250000,89.000000,27.628724
5.300000,89.000000,27.629652
5.350000,89.000000,27.631456
5.400000,89.000000,27.634626
5.450000,89.000000,27.639649
5.500000,89.000000,27.646778
5.550000,89.000000,27.655752
5.600000,89.000000,27.665604
5.650000,89.000000,27.674718
5.700000,89.000000,27.681215
5.750000,89.000000,27.683576
5.800000,89.000000,27.681215
5.850000,89.000000,27.674718
5.900000,89.000000,27.665604
5.950000,89.000000,27.655752
6.000000,89.000000,27.646778
0.000000,90.000000,24.046150
0.050000,90.000000,23.433104
0.100000,90.000000,22.855345
0.150000,90.000000,22.352161
0.200000,90.000000,21.960923
0.250000,90.000000,21.712522
0.300000,90.000000,21.627347
0.350000,90.000000,21.712522
0.400000,90.000000,21.960923
0.450000,90.000000,22.352161
0.500000,90.000000,22.855345
0.550000,90.000000,23.433104
0.600000,90.000000,24.046150
0.650000,90.000000,24.657597
0.700000,90.000000,25.236413
0.750000,90.000000,25.759593
0.800000,90.000000,26.212937
0.850000,90.000000,26.590584
0.900000,90.000000,26.893628
0.950000,90.000000,27.128242
1.000000,90.000000,27.303688
1.050000,90.000000,27.430539
1.100000,90.000000,27.519293
1.150000,90.000000,27.579445
1.200000,90.000000,27.619003
1.250000,90.000000,27.644347
1.300000,90.000000,27.660340
1.350000,90.000000,27.670585
1.400000,90.000000,27.677757
1.450000,90.000000,27.683946
1.500000,90.000000,27.691017
1.550000,90.000000,27.700961
1.600000,90.000000,27.716273
1.650000,90.000000,27.740363
1.700000,90.000000,27.778036
1.750000,90.000000,27.836042
1.800000,90.000000,27.923702
1.850000,90.000000,28.053584
1.900000,90.000000,28.242173
1.950000,90.000000,28.510457
2.000000,90.000000,28.884295
2.050000,90.000000,29.394420
2.100000,90.000000,30.075913
2.150000,90.000000,30.966958
2.200000,90.000000,32.106767
2.250000,90.000000,33.532598
2.300000,90.000000,35.275914
2.350000,90.000000,37.357893
2.400000,90.000000,39.784615
2.450000,90.000000,42.542455
2.500000,90.000000,45.594288
2.550000,90.000000,48.877173
2.600000,90.000000,52.302138
2.650000,90.000000,55.756500
2.700000,90.000000,59.108929
2.750000,90.000000,62.217080
2.800000,90.000000,64.937271
2.850000,90.000000,67.135349
2.900000,90.000000,68.697589
2.950000,90.000000,69.540439
3.000000,90.000000,69.617916
3.050000,90.000000,68.925760
3.100000,90.000000,67.501827
3.150000,90.000000,65.422656
3.200000,90.000000,62.796656
3.250000,90.000000,59.754747
3.300000,90.000000,56.439593
3.350000,90.000000,52.994634
3.400000,90.000000,49.554088
3.450000,90.000000,46.234860
3.500000,90.000000,43.130937
3.550000,90.000000,40.310523
3.600000,90.000000,37.815783
3.650000,90.000000,35.664774
3.700000,90.000000,33.855006
3.750000,90.000000,32.367935
3.800000,90.000000,31.173776
3.850000,90.000000,30.236101
3.900000,90.000000,29.515822
3.950000,90.000000,28.974352
4.000000,90.000000,28.575867
4.050000,90.000000,28.288701
4.100000,90.000000,28.086008
4.150000,90.000000,27.945848
4.200000,90.000000,27.850884
4.250000,90.000000,27.787830
4.300000,90.000000,27.746796
4.350000,90.000000,27.720619
4.400000,90.000000,27.704248
4.450000,90.000000,27.694210
4.500000,90.000000,27.688175
4.550000,90.000000,27.684617
4.600000,90.000000,27.682559
4.650000,90.000000,27.681393
4.700000,90.000000,27.680744
4.750000,90.000000,27.680390
4.800000,90.000000,27.680201
4.850000,90.000000,27.680102
4.900000,90.000000,27.680051
4.950000,90.000000,27.680026
5.000000,90.000000,27.680016
5.050000,90.000000,27.680020
5.100000,90.000000,27.680049
5.150000,90.000000,27.680140
5.200000,90.000000,27.680377
5.250000,90.000000,27.680936
5.300000,90.000000,27.682135
5.350000,90.000000,27.684465
5.400000,90.000000,27.688561
5.450000,90.000000,27.695052
5.500000,90.000000,27.704262
5.550000,90.000000,27.715857
5.600000,90.000000,27.728587
5.650000,90.000000,27.740363
5.700000,90.000000,27.748757
5.750000,90.000000,27.751807
5.800000,90.000000,27.748757
5.850000,90.000000,27.740363
5.900000,90.000000,27.728587
5.950000,90.000000,27.715857
6.000000,90.000000,27.704262
0.000000,91.000000,24.085651
0.050000,91.000000,23.470496
0.100000,91.000000,22.890749
0.150000,91.000000,22.385834
0.200000,91.000000,21.993251
0.250000,91.000000,21.743995
0.300000,91.000000,21.658527
0.350000,91.000000,21.743995
0.400000,91.000000,21.993251
0.450000,91.000000,22.385834
0.500000,91.000000,22.890749
0.550000,91.000000,23.470496
0.600000,91.000000,24.085651
0.650000,91.000000,24.699200
0.700000,91.000000,25.280007
0.750000,91.000000,25.804987
0.800000,91.000000,26.259890
0.850000,91.000000,26.638836
0.900000,91.000000,26.942922
0.950000,91.000000,27.178342
1.000000,91.000000,27.354388
1.050000,91.000000,27.481669
1.100000,91.000000,27.570716
1.150000,91.000000,27.631053
1.200000,91.000000,27.670706
1.250000,91.000000,27.696061
1.300000,91.000000,27.711972
1.350000,91.000000,27.722013
1.400000,91.000000,27.728797
1.450000,91.000000,27.734314
1.500000,91.000000,27.740266
1.550000,91.000000,27.748397
1.600000,91.000000,27.760839
1.650000,91.000000,27.780490
1.700000,91.000000,27.811443
1.750000,91.000000,27.859501
1.800000,91.000000,27.932763
1.850000,91.000000,28.042279
1.900000,91.000000,28.202728
1.950000,91.000000,28.433053
2.000000,91.000000,28.756943
2.050000,91.000000,29.203016
2.100000,91.000000,29.804549
2.150000,91.000000,30.598562
2.200000,91.000000,31.624130
2.250000,91.000000,32.919795
2.300000,91.000000,34.520090
2.350000,91.000000,36.451304
2.400000,91.000000,38.726753
2.450000,91.000000,41.342012
2.500000,91.000000,44.270685
2.550000,91.000000,47.461352
2.600000,91.000000,50.836368
2.650000,91.000000,54.293021
2.700000,91.000000,57.707390
2.750000,91.000000,60.940888
2.800000,91.000000,63.849129
2.850000,91.000000,66.292400
2.900000,91.000000,68.146688
2.950000,91.000000,69.314093
3.000000,91.000000,69.731379
3.050000,91.000000,69.375651
3.100000,91.000000,68.266435
3.150000,91.000000,66.463906
3.200000,91.000000,64.063474
3.250000,91.000000,61.187426
3.300000,91.000000,57.974628
3.350000,91.000000,54.569490
3.400000,91.000000,51.111417
3.450000,91.000000,47.725777
3.500000,91.000000,44.517158
3.550000,91.000000,41.565289
3.600000,91.000000,38.923669
3.650000,91.000000,36.620606
3.700000,91.000000,34.662138
3.750000,91.000000,33.036195
3.800000,91.000000,31.717350
3.850000,91.000000,30.671564
3.900000,91.000000,29.860476
3.950000,91.000000,29.244948
4.000000,91.000000,28.787720
4.050000,91.000000,28.455174
4.100000,91.000000,28.218302
4.150000,91.000000,28.053025
4.200000,91.000000,27.940037
4.250000,91.000000,27.864347
4.300000,91.000000,27.814652
4.350000,91.000000,27.782672
4.400000,91.000000,27.762496
4.450000,91.000000,27.750017
4.500000,91.000000,27.742450
4.550000,91.000000,27.737950
4.600000,91.000000,27.735326
4.650000,91.000000,27.733825
4.700000,91.000000,27.732983
4.750000,91.000000,27.732520
4.800000,91.000000,27.732270
4.850000,91.000000,27.732138
4.900000,91.000000,27.732069
4.950000,91.000000,27.732035
5.000000,91.000000,27.732022
5.050000,91.000000,27.732026
5.100000,91.000000,27.732064
5.150000,91.000000,27.732180
5.200000,91.000000,27.732485
5.250000,91.000000,27.733204
5.300000,91.000000,27.734746
5.350000,91.000000,27.737743
5.400000,91.000000,27.743012
5.450000,91.000000,27.751359
5.500000,91.000000,27.763206
5.550000,91.000000,27.778120
5.600000,91.000000,27.794493
5.650000,91.000000,27.809639
5.700000,91.000000,27.820436
5.750000,91.000000,27.824359
5.800000,91.000000,27.820436
5.850000,91.000000,27.809639
5.900000,91.000000,27.794493
5.950000,91.000000,27.778120
6.000000,91.000000,27.763206
0.000000,92.000000,24.125426
0.050000,92.000000,23.508208
0.100000,92.000000,22.926518
0.150000,92.000000,22.419911
0.200000,92.000000,22.026011
0.250000,92.000000,21.775919
0.300000,92.000000,21.690165
0.350000,92.000000,21.775919
0.400000,92.000000,22.026011
0.450000,92.000000,22.419911
0.500000,92.000000,22.926518
0.550000,92.000000,23.508208
0.600000,92.000000,24.125426
0.650000,92.000000,24.741032
0.700000,92.000000,25.323786
0.750000,92.000000,25.850526
0.800000,92.000000,26.306955
0.850000,92.000000,26.687170
0.900000,92.000000,26.992275
0.950000,92.000000,27.228483
1.000000,92.000000,27.405118
1.050000,92.000000,27.532821
1.100000,92.000000,27.622158
1.150000,92.000000,27.682680
1.200000,92.000000,27.722434
1.250000,92.000000,27.747815
1.300000,92.000000,27.763674
1.350000,92.000000,27.773562
1.400000,92.000000,27.780044
1.450000,92.000000,27.785027
1.500000,92.000000,27.790078
1.550000,92.000000,27.796737
1.600000,92.000000,27.806828
1.650000,92.000000,27.822804
1.700000,92.000000,27.848142
1.750000,92.000000,27.887807
1.800000,92.000000,27.948799
1.850000,92.000000,28.040780
1.900000,92.000000,28.176748
1.950000,92.000000,28.373697
2.000000,92.000000,28.653184
2.050000,92.000000,29.041659
2.100000,92.000000,29.570421
2.150000,92.000000,30.275000
2.200000,92.000000,31.193834
2.250000,92.000000,32.366075
2.300000,92.000000,33.828501
2.350000,92.000000,35.611591
2.400000,92.000000,37.734966
2.450000,92.000000,40.202574
2.500000,92.000000,42.998149
2.550000,92.000000,46.081551
2.600000,92.000000,49.386684
2.650000,92.000000,52.821551
2.700000,92.000000,56.270912
2.750000,92.000000,59.601667
2.800000,92.000000,62.670764
2.850000,92.000000,65.335081
2.900000,92.000000,67.462351
2.950000,92.000000,68.941993
3.000000,92.000000,69.694628
3.050000,92.000000,69.679131
3.100000,92.000000,68.896354
3.150000,92.000000,67.389049
3.200000,92.000000,65.237996
3.250000,92.000000,62.554839
3.300000,92.000000,59.472494
3.350000,92.000000,56.134285
3.400000,92.000000,52.683043
3.450000,92.000000,49.251294
3.500000,92.000000,45.953432
3.550000,92.000000,42.880449
3.600000,92.000000,40.097391
3.650000,92.000000,37.643388
3.700000,92.000000,35.533820
3.750000,92.000000,33.764021
3.800000,92.000000,32.313843
3.850000,92.000000,31.152473
3.900000,92.000000,30.242965
3.950000,92.000000,29.546143
4.000000,92.000000,29.023650
4.050000,92.000000,28.640104
4.100000,92.000000,28.364395
4.150000,92.000000,28.170269
4.200000,92.000000,28.036363
4.250000,92.000000,27.945857
4.300000,92.000000,27.885907
4.350000,92.000000,27.846987
4.400000,92.000000,27.822218
4.450000,92.000000,27.806764
4.500000,92.000000,27.797311
4.550000,92.000000,27.791640
4.600000,92.000000,27.788305
4.650000,92.000000,27.786382
4.700000,92.000000,27.785293
4.750000,92.000000,27.784689
4.800000,92.000000,27.784361
4.850000,92.000000,27.784185
4.900000,92.000000,27.784094
4.950000,92.000000,27.784048
5.000000,92.000000,27.784029
5.050000,92.000000,27.784035
5.100000,92.000000,27.784082
5.150000,92.000000,27.784231
5.200000,92.000000,27.784621
5.250000,92.000000,27.785542
5.300000,92.000000,27.787516
5.350000,92.000000,27.791353
5.400000,92.000000,27.798099
5.450000,92.000000,27.808788
5.500000,92.000000,27.823956
5.550000,92.000000,27.843051
5.600000,92.000000,27.864016
5.650000,92.000000,27.883408
5.700000,92.000000,27.897233
5.750000,92.000000,27.902255
5.800000,92.000000,27.897233
5.850000,92.000000,27.883408
5.900000,92.000000,27.864016
5.950000,92.000000,27.843051
6.000000,92.000000,27.823956
0.000000,93.000000,24.165469
0.050000,93.000000,23.546235
0.100000,93.000000,22.962643
0.150000,93.000000,22.454380
0.200000,93.000000,22.059193
0.250000,93.000000,21.808285
0.300000,93.000000,21.722250
0.350000,93.000000,21.808285
0.400000,93.000000,22.059193
0.450000,93.000000,22.454380
0.500000,93.000000,22.962643
0.550000,93.000000,23.546235
0.600000,93.000000,24.165469
0.650000,93.000000,24.783088
0.700000,93.000000,25.367746
0.750000,93.000000,25.896207
0.800000,93.000000,26.354127
0.850000,93.000000,26.735585
0.900000,93.000000,27.041687
0.950000,93.000000,27.278666
1.000000,93.000000,27.455876
1.050000,93.000000,27.583994
1.100000,93.000000,27.673616
1.150000,93.000000,27.734324
1.200000,93.000000,27.774183
1.250000,93.000000,27.799603
1.300000,93.000000,27.815431
1.350000,93.000000,27.825206
1.400000,93.000000,27.831453
1.450000,93.000000,27.836014
1.500000,93.000000,27.840346
1.550000,93.000000,27.845814
1.600000,93.000000,27.853985
1.650000,93.000000,27.866934
1.700000,93.000000,27.887600
1.750000,93.000000,27.920213
1.800000,93.000000,27.970793
1.850000,93.000000,28.047746
1.900000,93.000000,28.162516
1.950000,93.000000,28.330257
2.000000,93.000000,28.570461
2.050000,93.000000,28.907405
2.100000,93.000000,29.370292
2.150000,93.000000,29.992908
2.200000,93.000000,30.812627
2.250000,93.000000,31.868616
2.300000,93.000000,33.199133
2.350000,93.000000,34.837962
2.400000,93.000000,36.810087
2.450000,93.000000,39.126944
2.500000,93.000000,41.781678
2.550000,93.000000,44.745019
2.600000,93.000000,47.962423
2.650000,93.000000,51.353123
2.700000,93.000000,54.811605
2.750000,93.000000,58.211791
2.800000,93.000000,61.413891
2.850000,93.000000,64.273505
2.900000,93.000000,66.652222
2.950000,93.000000,68.428640
3.000000,93.000000,69.508614
3.050000,93.000000,69.833515
3.100000,93.000000,69.385504
3.150000,93.000000,68.189156
3.200000,93.000000,66.309224
3.250000,93.000000,63.844834
3.300000,93.000000,60.920832
3.350000,93.000000,57.677334
3.400000,93.000000,54.258684
3.450000,93.000000,50.803040
3.500000,93.000000,47.433584
3.550000,93.000000,44.252080
3.600000,93.000000,41.335130
3.650000,93.000000,38.733114
3.700000,93.000000,36.471483
3.750000,93.000000,34.553864
3.800000,93.000000,32.966328
3.850000,93.000000,31.682170
3.900000,93.000000,30.666618
3.950000,93.000000,29.881048
4.000000,93.000000,29.286424
4.050000,93.000000,28.845848
4.100000,93.000000,28.526218
4.150000,93.000000,28.299112
4.200000,93.000000,28.141039
4.250000,93.000000,28.033240
4.300000,93.000000,27.961199
4.350000,93.000000,27.914015
4.400000,93.000000,27.883723
4.450000,93.000000,27.864658
4.500000,93.000000,27.852894
4.550000,93.000000,27.845776
4.600000,93.000000,27.841554
4.650000,93.000000,27.839097
4.700000,93.000000,27.837696
4.750000,93.000000,27.836911
4.800000,93.000000,27.836481
4.850000,93.000000,27.836249
4.900000,93.000000,27.836127
4.950000,93.000000,27.836065
5.000000,93.000000,27.836040
5.050000,93.000000,27.836045
5.100000,93.000000,27.836105
5.150000,93.000000,27.836294
5.200000,93.000000,27.836791
5.250000,93.000000,27.837965
5.300000,93.000000,27.840481
5.350000,93.000000,27.845372
5.400000,93.000000,27.853971
5.450000,93.000000,27.867594
5.500000,93.000000,27.886928
5.550000,93.000000,27.911266
5.600000,93.000000,27.937988
5.650000,93.000000,27.962706
5.700000,93.000000,27.980326
5.750000,93.000000,27.986728
5.800000,93.000000,27.980326
5.850000,93.000000,27.962706
5.900000,93.000000,27.937988
5.950000,93.000000,27.911266
6.000000,93.000000,27.886928
0.000000,94.000000,24.205776
0.050000,94.000000,23.584568
0.100000,94.000000,22.999117
0.150000,94.000000,22.489236
0.200000,94.000000,22.092790
0.250000,94.000000,21.841082
0.300000,94.000000,21.754772
0.350000,94.000000,21.841082
0.400000,94.000000,22.092790
0.450000,94.000000,22.489236
0.500000,94.000000,22.999117
0.550000,94.000000,23.584568
0.600000,94.000000,24.205776
0.650000,94.000000,24.825362
0.700000,94.000000,25.411883
0.750000,94.000000,25.942027
0.800000,94.000000,26.401406
0.850000,94.000000,26.784079
0.900000,94.000000,27.091156
0.950000,94.000000,27.328890
1.000000,94.000000,27.506663
1.050000,94.000000,27.635186
1.100000,94.000000,27.725089
1.150000,94.000000,27.785981
1.200000,94.000000,27.825949
1.250000,94.000000,27.851415
1.300000,94.000000,27.867232
1.350000,94.000000,27.876923
1.400000,94.000000,27.882991
1.450000,94.000000,27.887220
1.500000,94.000000,27.890978
1.550000,94.000000,27.895488
1.600000,94.000000,27.902098
1.650000,94.000000,27.912562
1.700000,94.000000,27.929358
1.750000,94.000000,27.956071
1.800000,94.000000,27.997856
1.850000,94.000000,28.061986
1.900000,94.000000,28.158482
1.950000,94.000000,28.300783
2.000000,94.000000,28.506403
2.050000,94.000000,28.797473
2.100000,94.000000,29.201039
2.150000,94.000000,29.748949
2.200000,94.000000,30.477172
2.250000,94.000000,31.424362
2.300000,94.000000,32.629568
2.350000,94.000000,34.129034
2.400000,94.000000,35.952187
2.450000,94.000000,38.117020
2.500000,94.000000,40.625285
2.550000,94.000000,43.458018
2.600000,94.000000,46.572039
2.650000,94.000000,49.898090
2.700000,94.000000,53.341193
2.750000,94.000000,56.783629
2.800000,94.000000,60.090636
2.850000,94.000000,63.118606
2.900000,94.000000,65.725131
2.950000,94.000000,67.779989
3.000000,94.000000,69.175881
3.050000,94.000000,69.837705
3.100000,94.000000,69.729248
3.150000,94.000000,68.856470
3.200000,94.000000,67.266963
3.250000,94.000000,65.045648
3.300000,94.000000,62.307262
3.350000,94.000000,59.186557
3.400000,94.000000,55.827361
3.450000,94.000000,52.371755
3.500000,94.000000,48.950456
3.550000,94.000000,45.675273
3.600000,94.000000,42.634168
3.650000,94.000000,39.889025
3.700000,94.000000,37.475976
3.750000,94.000000,35.407777
3.800000,94.000000,33.677651
3.850000,94.000000,32.263918
3.900000,94.000000,31.134799
3.950000,94.000000,30.252891
4.000000,94.000000,29.578971
4.050000,94.000000,29.074945
4.100000,94.000000,28.705889
4.150000,94.000000,28.441258
4.200000,94.000000,28.255393
4.250000,94.000000,28.127498
4.300000,94.000000,28.041265
4.350000,94.000000,27.984284
4.400000,94.000000,27.947379
4.450000,94.000000,27.923949
4.500000,94.000000,27.909365
4.550000,94.000000,27.900465
4.600000,94.000000,27.895139
4.650000,94.000000,27.892014
4.700000,94.000000,27.890216
4.750000,94.000000,27.889200
4.800000,94.000000,27.888639
4.850000,94.000000,27.888334
4.900000,94.000000,27.888172
4.950000,94.000000,27.888089
5.000000,94.000000,27.888053
5.050000,94.000000,27.888059
5.100000,94.000000,27.888135
5.150000,94.000000,27.888374
5.200000,94.000000,27.889004
5.250000,94.000000,27.890493
5.300000,94.000000,27.893686
5.350000,94.000000,27.899891
5.400000,94.000000,27.910802
5.450000,94.000000,27.928088
5.500000,94.000000,27.952619
5.550000,94.000000,27.983500
5.600000,94.000000,28.017405
5.650000,94.000000,28.048768
5.700000,94.000000,28.071125
5.750000,94.000000,28.079248
5.800000,94.000000,28.071125
5.850000,94.000000,28.048768
5.900000,94.000000,28.017405
5.950000,94.000000,27.983500
6.000000,94.000000,27.952619
0.000000,95.000000,24.246339
0.050000,95.000000,23.623202
0.100000,95.000000,23.035933
0.150000,95.000000,22.524468
0.200000,95.000000,22.126790
0.250000,95.000000,21.874301
0.300000,95.000000,21.787723
0.350000,95.000000,21.874301
0.400000,95.000000,22.126790
0.450000,95.000000,22.524468
0.500000,95.000000,23.035933
0.550000,95.000000,23.623202
0.600000,95.000000,24.246339
0.650000,95.000000,24.867850
0.700000,95.000000,25.456192
0.750000,95.000000,25.987983
0.800000,95.000000,26.448789
0.850000,95.000000,26.832651
0.900000,95.000000,27.140681
0.950000,95.000000,27.379152
1.000000,95.000000,27.557477
1.050000,95.000000,27.686398
1.100000,95.000000,27.776576
1.150000,95.000000,27.837650
1.200000,95.000000,27.877728
1.250000,95.000000,27.903248
1.300000,95.000000,27.919065
1.350000,95.000000,27.928700
1.400000,95.000000,27.934629
1.450000,95.000000,27.938599
1.500000,95.000000,27.941901
1.550000,95.000000,27.945644
1.600000,95.000000,27.950991
1.650000,95.000000,27.959424
1.700000,95.000000,27.973026
1.750000,95.000000,27.994825
1.800000,95.000000,28.029211
1.850000,95.000000,28.082449
1.900000,95.000000,28.163264
1.950000,95.000000,28.283507
2.000000,95.000000,28.458823
2.050000,95.000000,28.709257
2.100000,95.000000,29.059676
2.150000,95.000000,29.539863
2.200000,95.000000,30.184103
2.250000,95.000000,31.030096
2.300000,95.000000,32.117059
2.350000,95.000000,33.482921
2.400000,95.000000,35.160648
2.450000,95.000000,37.173856
2.500000,95.000000,39.532027
2.550000,95.000000,42.225817
2.600000,95.000000,45.223043
2.650000,95.000000,48.466019
2.700000,95.000000,51.870879
2.750000,95.000000,55.329366
2.800000,95.000000,58.713345
2.850000,95.000000,61.881955
2.900000,95.000000,64.690936
2.950000,95.000000,67.003339
3.000000,95.000000,68.700521
3.050000,95.000000,69.692213
3.100000,95.000000,69.924470
3.150000,95.000000,69.384534
3.200000,95.000000,68.101993
3.250000,95.000000,66.146095
3.300000,95.000000,63.619557
3.350000,95.000000,60.649633
3.400000,95.000000,57.377525
3.450000,95.000000,53.947363
3.500000,95.000000,50.495930
3.550000,95.000000,47.144128
3.600000,95.000000,43.990842
3.650000,95.000000,41.109536
3.700000,95.000000,38.547488
3.750000,95.000000,36.327335
3.800000,95.000000,34.450358
3.850000,95.000000,32.900839
3.900000,95.000000,31.650862
3.950000,95.000000,30.664984
4.000000,95.000000,29.904366
4.050000,95.000000,29.330114
4.100000,95.000000,28.905712
4.150000,95.000000,28.598589
4.200000,95.000000,28.380911
4.250000,95.000000,28.229772
4.300000,95.000000,28.126952
4.350000,95.000000,28.058406
4.400000,95.000000,28.013619
4.450000,95.000000,27.984934
4.500000,95.000000,27.966923
4.550000,95.000000,27.955836
4.600000,95.000000,27.949144
4.650000,95.000000,27.945183
4.700000,95.000000,27.942884
4.750000,95.000000,27.941576
4.800000,95.000000,27.940845
4.850000,95.000000,27.940445
4.900000,95.000000,27.940231
4.950000,95.000000,27.940120
5.000000,95.000000,27.940072
5.050000,95.000000,27.940077
5.100000,95.000000,27.940171
5.150000,95.000000,27.940473
5.200000,95.000000,27.941268
5.250000,95.000000,27.943150
5.300000,95.000000,27.947182
5.350000,95.000000,27.955020
5.400000,95.000000,27.968801
5.450000,95.000000,27.990635
5.500000,95.000000,28.021619
5.550000,95.000000,28.060625
5.600000,95.000000,28.103450
5.650000,95.000000,28.143064
5.700000,95.000000,28.171303
5.750000,95.000000,28.181564
5.800000,95.000000,28.171303
5.850000,95.000000,28.143064
5.900000,95.000000,28.103450
5.950000,95.000000,28.060625
6.000000,95.000000,28.021619
0.000000,96.000000,24.287154
0.050000,96.000000,23.662130
0.100000,96.000000,23.073082
0.150000,96.000000,22.560068
0.200000,96.000000,22.161187
0.250000,96.000000,21.907932
0.300000,96.000000,21.821093
0.350000,96.000000,21.907932
0.400000,96.000000,22.161187
0.450000,96.000000,22.560068
0.500000,96.000000,23.073082
0.550000,96.000000,23.662130
0.600000,96.000000,24.287154
0.650000,96.000000,24.910546
0.700000,96.000000,25.500671
0.750000,96.000000,26.034072
0.800000,96.000000,26.496273
0.850000,96.000000,26.881297
0.900000,96.000000,27.190260
0.950000,96.000000,27.429453
1.000000,96.000000,27.608317
1.050000,96.000000,27.737627
1.100000,96.000000,27.828076
1.150000,96.000000,27.889329
1.200000,96.000000,27.929519
1.250000,96.000000,27.955096
1.300000,96.000000,27.970925
1.350000,96.000000,27.980521
1.400000,96.000000,27.986347
1.450000,96.000000,27.990115
1.500000,96.000000,27.993058
1.550000,96.000000,27.996187
1.600000,96.000000,28.000516
1.650000,96.000000,28.007296
1.700000,96.000000,28.018275
1.750000,96.000000,28.035997
1.800000,96.000000,28.064187
1.850000,96.000000,28.108211
1.900000,96.000000,28.175630
1.950000,96.000000,28.276836
2.000000,96.000000,28.425723
2.050000,96.000000,28.640333
2.100000,96.000000,28.943377
2.150000,96.000000,29.362492
2.200000,96.000000,29.930071
2.250000,96.000000,30.682497
2.300000,96.000000,31.658609
2.350000,96.000000,32.897306
2.400000,96.000000,34.434243
2.450000,96.000000,36.297723
2.500000,96.000000,38.504044
2.550000,96.000000,41.052697
2.600000,96.000000,43.921969
2.650000,96.000000,47.065610
2.700000,96.000000,50.411209
2.750000,96.000000,53.860847
2.800000,96.000000,57.294406
2.850000,96.000000,60.575586
2.900000,96.000000,63.560364
2.950000,96.000000,66.107210
3.000000,96.000000,68.088101
3.050000,96.000000,69.399153
3.100000,96.000000,69.969639
3.150000,96.000000,69.768308
3.200000,96.000000,68.806221
3.250000,96.000000,67.135744
3.300000,96.000000,64.845830
3.350000,96.000000,62.054170
3.400000,96.000000,58.897188
3.450000,96.000000,55.519063
3.500000,96.000000,52.060984
3.550000,96.000000,48.651750
3.600000,96.000000,45.400517
3.650000,96.000000,42.392179
3.700000,96.000000,39.685470
3.750000,96.000000,37.313554
3.800000,96.000000,35.286620
3.850000,96.000000,33.595849
3.900000,96.000000,32.218098
3.950000,96.000000,31.120687
4.000000,96.000000,30.265809
4.050000,96.000000,29.614241
4.100000,96.000000,29.128178
4.150000,96.000000,28.773172
4.200000,96.000000,28.519249
4.250000,96.000000,28.341345
4.300000,96.000000,28.219229
4.350000,96.000000,28.137091
4.400000,96.000000,28.082947
4.450000,96.000000,28.047964
4.500000,96.000000,28.025806
4.550000,96.000000,28.012047
4.600000,96.000000,28.003670
4.650000,96.000000,27.998669
4.700000,96.000000,27.995741
4.750000,96.000000,27.994060
4.800000,96.000000,27.993114
4.850000,96.000000,27.992591
4.900000,96.000000,27.992309
4.950000,96.000000,27.992162
5.000000,96.000000,27.992097
5.050000,96.000000,27.992100
5.100000,96.000000,27.992217
5.150000,96.000000,27.992595
5.200000,96.000000,27.993595
5.250000,96.000000,27.995960
5.300000,96.000000,28.001031
5.350000,96.000000,28.010886
5.400000,96.000000,28.028213
5.450000,96.000000,28.055667
5.500000,96.000000,28.094626
5.550000,96.000000,28.143671
5.600000,96.000000,28.197518
5.650000,96.000000,28.247327
5.700000,96.000000,28.282835
5.750000,96.000000,28.295736
5.800000,96.000000,28.282835
5.850000,96.000000,28.247327
5.900000,96.000000,28.197518
5.950000,96.000000,28.143671
6.000000,96.000000,28.094626
0.000000,97.000000,24.328214
0.050000,97.000000,23.701345
0.100000,97.000000,23.110558
0.150000,97.000000,22.596029
0.200000,97.000000,22.195970
0.250000,97.000000,21.941967
0.300000,97.000000,21.854872
0.350000,97.000000,21.941967
0.400000,97.000000,22.195970
0.450000,97.000000,22.596029
0.500000,97.000000,23.110558
0.550000,97.000000,23.701345
0.600000,97.000000,24.328214
0.650000,97.000000,24.953448
0.700000,97.000000,25.545315
0.750000,97.000000,26.080291
0.800000,97.000000,26.543857
0.850000,97.000000,26.930017
0.900000,97.000000,27.239893
0.950000,97.000000,27.479792
1.000000,97.000000,27.659184
1.050000,97.000000,27.788874
1.100000,97.000000,27.879588
1.150000,97.000000,27.941018
1.200000,97.000000,27.981319
1.250000,97.000000,28.006957
1.300000,97.000000,28.022804
1.350000,97.000000,28.032377
1.400000,97.000000,28.038127
1.450000,97.000000,28.041738
1.500000,97.000000,28.044399
1.550000,97.000000,28.047041
1.600000,97.000000,28.050552
1.650000,97.000000,28.055993
1.700000,97.000000,28.064824
1.750000,97.000000,28.079180
1.800000,97.000000,28.102202
1.850000,97.000000,28.138466
1.900000,97.000000,28.194492
1.950000,97.000000,28.279342
2.000000,97.000000,28.405286
2.050000,97.000000,28.588465
2.100000,97.000000,28.849486
2.150000,97.000000,29.213810
2.200000,97.000000,29.711793
2.250000,97.000000,30.378201
2.300000,97.000000,31.251036
2.350000,97.000000,32.369525
2.400000,97.000000,33.771212
2.450000,97.000000,35.488183
2.500000,97.000000,37.542615
2.550000,97.000000,39.941971
2.600000,97.000000,42.674357
2.650000,97.000000,45.704637
2.700000,97.000000,48.971975
2.750000,97.000000,52.389431
2.800000,97.000000,55.846069
2.850000,97.000000,59.211803
2.900000,97.000000,62.344832
2.950000,97.000000,65.101195
3.000000,97.000000,67.345563
3.050000,97.000000,68.962200
3.100000,97.000000,69.864827
3.150000,97.000000,70.004256
3.200000,97.000000,69.372823
3.250000,97.000000,68.005093
3.300000,97.000000,65.974720
3.350000,97.000000,63.387880
3.400000,97.000000,60.374079
3.450000,97.000000,57.075449
3.500000,97.000000,53.635755
3.550000,97.000000,50.190282
3.600000,97.000000,46.857560
3.650000,97.000000,43.733553
3.700000,97.000000,40.888569
3.750000,97.000000,38.366810
3.800000,97.000000,36.188149
3.850000,97.000000,34.351582
3.900000,97.000000,32.839673
3.950000,97.000000,31.623361
4.000000,97.000000,30.666593
4.050000,97.000000,29.930365
4.100000,97.000000,29.375956
4.150000,97.000000,28.967259
4.200000,97.000000,28.672242
4.250000,97.000000,28.463662
4.300000,97.000000,28.319195
4.350000,97.000000,28.221155
4.400000,97.000000,28.155952
4.450000,97.000000,28.113452
4.500000,97.000000,28.086296
4.550000,97.000000,28.069287
4.600000,97.000000,28.058841
4.650000,97.000000,28.052550
4.700000,97.000000,28.048836
4.750000,97.000000,28.046685
4.800000,97.000000,28.045464
4.850000,97.000000,28.044783
4.900000,97.000000,28.044413
4.950000,97.000000,28.044218
5.000000,97.000000,28.044129
5.050000,97.000000,28.044130
5.100000,97.000000,28.044274
5.150000,97.000000,28.044746
5.200000,97.000000,28.045997
5.250000,97.000000,28.048958
5.300000,97.000000,28.055304
5.350000,97.000000,28.067639
5.400000,97.000000,28.089328
5.450000,97.000000,28.123690
5.500000,97.000000,28.172455
5.550000,97.000000,28.233844
5.600000,97.000000,28.301243
5.650000,97.000000,28.363589
5.700000,97.000000,28.408033
5.750000,97.000000,28.424181
5.800000,97.000000,28.408033
5.850000,97.000000,28.363589
5.900000,97.000000,28.301243
5.950000,97.000000,28.233844
6.000000,97.000000,28.172455
0.000000,98.000000,24.369515
0.050000,98.000000,23.740841
0.100000,98.000000,23.148353
0.150000,98.000000,22.632343
0.200000,98.000000,22.231131
0.250000,98.000000,21.976398
0.300000,98.000000,21.889051
0.350000,98.000000,21.976398
0.400000,98.000000,22.231131
0.450000,98.000000,22.632343
0.500000,98.000000,23.148353
0.550000,98.000000,23.740841
0.600000,98.000000,24.369515
0.650000,98.000000,24.996549
0.700000,98.000000,25.590120
0.750000,98.000000,26.126637
0.800000,98.000000,26.591537
0.850000,98.000000,26.978810
0.900000,98.000000,27.289577
0.950000,98.000000,27.530167
1.000000,98.000000,27.710075
1.050000,98.000000,27.840138
1.100000,98.000000,27.931112
1.150000,98.000000,27.992716
1.200000,98.000000,28.033127
1.250000,98.000000,28.058828
1.300000,98.000000,28.074700
1.350000,98.000000,28.084260
1.400000,98.000000,28.089954
1.450000,98.000000,28.093446
1.500000,98.000000,28.095886
1.550000,98.000000,28.098142
1.600000,98.000000,28.100999
1.650000,98.000000,28.105359
1.700000,98.000000,28.112441
1.750000,98.000000,28.124027
1.800000,98.000000,28.142758
1.850000,98.000000,28.172516
1.900000,98.000000,28.218893
1.950000,98.000000,28.289754
2.000000,98.000000,28.395871
2.050000,98.000000,28.551603
2.100000,98.000000,28.775530
2.150000,98.000000,29.090946
2.200000,98.000000,29.526078
2.250000,98.000000,30.113852
2.300000,98.000000,30.891042
2.350000,98.000000,31.896641
2.400000,98.000000,33.169348
2.450000,98.000000,34.744167
2.500000,98.000000,36.648215
2.550000,98.000000,38.896024
2.600000,98.000000,41.484755
2.650000,98.000000,44.389902
2.700000,98.000000,47.562120
2.750000,98.000000,50.925853
2.800000,98.000000,54.380289
2.850000,98.000000,57.802998
2.900000,98.000000,61.056265
2.950000,98.000000,63.995801
3.000000,98.000000,66.481110
3.050000,98.000000,68.386526
3.100000,98.000000,69.611713
3.150000,98.000000,70.090409
3.200000,98.000000,69.796364
3.250000,98.000000,68.745726
3.300000,98.000000,66.995571
3.350000,98.000000,64.638765
3.400000,98.000000,61.795807
3.450000,98.000000,58.604638
3.500000,98.000000,55.209628
3.550000,98.000000,51.750940
3.600000,98.000000,48.355349
3.650000,98.000000,45.129289
3.700000,98.000000,42.154564
3.750000,98.000000,39.486763
3.800000,98.000000,37.156122
3.850000,98.000000,35.170320
3.900000,98.000000,33.518565
3.950000,98.000000,32.176320
4.000000,98.000000,31.110069
4.050000,98.000000,30.281654
4.100000,98.000000,29.651891
4.150000,98.000000,29.183292
4.200000,98.000000,28.841904
4.250000,98.000000,28.598329
4.300000,98.000000,28.428096
4.350000,98.000000,28.311530
4.400000,98.000000,28.233317
4.450000,98.000000,28.181883
4.500000,98.000000,28.148730
4.550000,98.000000,28.127782
4.600000,98.000000,28.114805
4.650000,98.000000,28.106923
4.700000,98.000000,28.102228
4.750000,98.000000,28.099486
4.800000,98.000000,28.097916
4.850000,98.000000,28.097034
4.900000,98.000000,28.096549
4.950000,98.000000,28.096292
5.000000,98.000000,28.096172
5.050000,98.000000,28.096168
5.100000,98.000000,28.096345
5.150000,98.000000,28.096932
5.200000,98.000000,28.098490
5.250000,98.000000,28.102178
5.300000,98.000000,28.110085
5.350000,98.000000,28.125455
5.400000,98.000000,28.152479
5.450000,98.000000,28.195296
5.500000,98.000000,28.256058
5.550000,98.000000,28.332550
5.600000,98.000000,28.416530
5.650000,98.000000,28.494215
5.700000,98.000000,28.549593
5.750000,98.000000,28.569713
5.800000,98.000000,28.549593
5.850000,98.000000,28.494215
5.900000,98.000000,28.416530
5.950000,98.000000,28.332550
6.000000,98.000000,28.256057
0.000000,99.000000,24.411051
0.050000,99.000000,23.780612
0.100000,99.000000,23.186460
0.150000,99.000000,22.669001
0.200000,99.000000,22.266663
0.250000,99.000000,22.011214
0.300000,99.000000,21.923622
0.350000,99.000000,22.011214
0.400000,99.000000,22.266663
0.450000,99.000000,22.669001
0.500000,99.000000,23.186460
0.550000,99.000000,23.780612
0.600000,99.000000,24.411051
0.650000,99.000000,25.039846
0.700000,99.000000,25.635084
0.750000,99.000000,26.173107
0.800000,99.000000,26.639313
0.850000,99.000000,27.027673
0.900000,99.000000,27.339313
0.950000,99.000000,27.580578
1.000000,99.000000,27.760991
1.050000,99.000000,27.891419
1.100000,99.000000,27.982647
1.150000,99.000000,28.044422
1.200000,99.000000,28.084943
1.250000,99.000000,28.110707
1.300000,99.000000,28.126607
1.350000,99.000000,28.136165
1.400000,99.000000,28.141819
1.450000,99.000000,28.145220
1.500000,99.000000,28.147488
1.550000,99.000000,28.149439
1.600000,99.000000,28.151776
1.650000,99.000000,28.155267
1.700000,99.000000,28.160930
1.750000,99.000000,28.170247
1.800000,99.000000,28.185429
1.850000,99.000000,28.209755
1.900000,99.000000,28.247997
1.950000,99.000000,28.306944
2.000000,99.000000,28.396007
2.050000,99.000000,28.527883
2.100000,99.000000,28.719221
2.150000,99.000000,28.991196
2.200000,99.000000,29.369863
2.250000,99.000000,29.886143
2.300000,99.000000,30.575270
2.350000,99.000000,31.475515
2.400000,99.000000,32.626075
2.450000,99.000000,34.064054
2.500000,99.000000,35.820595
2.550000,99.000000,37.916363
2.600000,99.000000,40.356737
2.650000,99.000000,43.127217
2.700000,99.000000,46.189676
2.750000,99.000000,49.480122
2.800000,99.000000,52.908570
2.850000,99.000000,56.361478
2.900000,99.000000,59.706912
2.950000,99.000000,62.802275
3.000000,99.000000,65.504057
3.050000,99.000000,67.678713
3.100000,99.000000,69.213552
3.150000,99.000000,70.026401
3.200000,99.000000,70.072890
3.250000,99.000000,69.350462
3.300000,99.000000,67.898612
3.350000,99.000000,65.795304
3.400000,99.000000,63.150039
3.450000,99.000000,60.094421
3.500000,99.000000,56.771352
3.550000,99.000000,53.324083
3.600000,99.000000,49.886284
3.650000,99.000000,46.574029
3.700000,99.000000,43.480312
3.750000,99.000000,40.672286
3.800000,99.000000,38.191098
3.850000,99.000000,36.053909
3.900000,99.000000,34.257495
3.950000,99.000000,32.782771
4.000000,99.000000,31.599601
4.050000,99.000000,30.671378
4.100000,99.000000,29.958979
4.150000,99.000000,29.423893
4.200000,99.000000,29.030438
4.250000,99.000000,28.747133
4.300000,99.000000,28.547330
4.350000,99.000000,28.409283
4.400000,99.000000,28.315826
4.450000,99.000000,28.253822
4.500000,99.000000,28.213503
4.550000,99.000000,28.187803
4.600000,99.000000,28.171743
4.650000,99.000000,28.161904
4.700000,99.000000,28.155993
4.750000,99.000000,28.152511
4.800000,99.000000,28.150499
4.850000,99.000000,28.149359
4.900000,99.000000,28.148728
4.950000,99.000000,28.148389
5.000000,99.000000,28.148229
5.050000,99.000000,28.148218
5.100000,99.000000,28.148432
5.150000,99.000000,28.149158
5.200000,99.000000,28.151089
5.250000,99.000000,28.155663
5.300000,99.000000,28.165471
5.350000,99.000000,28.184535
5.400000,99.000000,28.218056
5.450000,99.000000,28.271165
5.500000,99.000000,28.346533
5.550000,99.000000,28.441412
5.600000,99.000000,28.545580
5.650000,99.000000,28.641938
5.700000,99.000000,28.710628
5.750000,99.000000,28.735586
5.800000,99.000000,28.710628
5.850000,99.000000,28.641938
5.900000,99.000000,28.545580
5.950000,99.000000,28.441412
6.000000,99.000000,28.346532
0.000000,100.000000,24.452817
0.050000,100.000000,23.820652
0.100000,100.000000,23.224873
0.150000,100.000000,22.705996
0.200000,100.000000,22.302556
0.250000,100.000000,22.046408
0.300000,100.000000,21.958576
0.350000,100.000000,22.046408
0.400000,100.000000,22.302556
0.450000,100.000000,22.705996
0.500000,100.000000,23.224873
0.550000,100.000000,23.820652
0.600000,100.000000,24.452817
0.650000,100.000000,25.083334
0.700000,100.000000,25.680202
0.750000,100.000000,26.219698
0.800000,100.000000,26.687181
0.850000,100.000000,27.076605
0.900000,100.000000,27.389098
0.950000,100.000000,27.631024
1.000000,100.000000,27.811931
1.050000,100.000000,27.942716
1.100000,100.000000,28.034193
1.150000,100.000000,28.096136
1.200000,100.000000,28.136764
1.250000,100.000000,28.162592
1.300000,100.000000,28.178524
1.350000,100.000000,28.188085
1.400000,100.000000,28.193712
1.450000,100.000000,28.197045
1.500000,100.000000,28.199180
1.550000,100.000000,28.200893
1.600000,100.000000,28.202817
1.650000,100.000000,28.205612
1.700000,100.000000,28.210127
1.750000,100.000000,28.217594
1.800000,100.000000,28.229853
1.850000,100.000000,28.249663
1.900000,100.000000,28.281076
1.950000,100.000000,28.329923
2.000000,100.000000,28.404380
2.050000,100.000000,28.515615
2.100000,100.000000,28.678460
2.150000,100.000000,28.912038
2.200000,100.000000,29.240233
2.250000,100.000000,29.691857
2.300000,100.000000,30.300357
2.350000,100.000000,31.102877
2.400000,100.000000,32.138523
2.450000,100.000000,33.445750
2.500000,100.000000,35.058848
2.550000,100.000000,37.003678
2.600000,100.000000,39.292938
2.650000,100.000000,41.921399
2.700000,100.000000,44.861712
2.750000,100.000000,48.061419
2.800000,100.000000,51.441829
2.850000,100.000000,54.899293
2.900000,100.000000,58.309158
2.950000,100.000000,61.532422
3.000000,100.000000,64.424679
3.050000,100.000000,66.846629
3.100000,100.000000,68.675116
3.150000,100.000000,69.813476
3.200000,100.000000,70.200000
3.250000,100.000000,69.813476
3.300000,100.000000,68.675116
3.350000,100.000000,66.846629
3.400000,100.000000,64.424679
3.450000,100.000000,61.532422
3.500000,100.000000,58.309158
3.550000,100.000000,54.899293
3.600000,100.000000,51.441829
3.650000,100.000000,48.061419
3.700000,100.000000,44.861712
3.750000,100.000000,41.921399
3.800000,100.000000,39.292938
3.850000,100.000000,37.003678
3.900000,100.000000,35.058848
3.950000,100.000000,33.445750
4.000000,100.000000,32.138523
4.050000,100.000000,31.102877
4.100000,100.000000,30.300357
4.150000,100.000000,29.691857
4.200000,100.000000,29.240233
4.250000,100.000000,28.912039
4.300000,100.000000,28.678460
4.350000,100.000000,28.515615
4.400000,100.000000,28.404380
4.450000,100.000000,28.329924
4.500000,100.000000,28.281079
4.550000,100.000000,28.249670
4.600000,100.000000,28.229871
4.650000,100.000000,28.217635
4.700000,100.000000,28.210221
4.750000,100.000000,28.205815
4.800000,100.000000,28.203248
4.850000,100.000000,28.201781
4.900000,100.000000,28.200961
4.950000,100.000000,28.200517
5.000000,100.000000,28.200304
5.050000,100.000000,28.200280
5.100000,100.000000,28.200540
5.150000,100.000000,28.201433
5.200000,100.000000,28.203816
5.250000,100.000000,28.209463
5.300000,100.000000,28.221573
5.350000,100.000000,28.245113
5.400000,100.000000,28.286503
5.450000,100.000000,28.352080
5.500000,100.000000,28.445142
5.550000,100.000000,28.562296
5.600000,100.000000,28.690920
5.650000,100.000000,28.809900
5.700000,100.000000,28.894716
5.750000,100.000000,28.925533
5.800000,100.000000,28.894716
5.850000,100.000000,28.809900
5.900000,100.000000,28.690920
5.950000,100.000000,28.562296
6.000000,100.000000,28.445142
0.000000,101.000000,24.494808
0.050000,101.000000,23.860954
0.100000,101.000000,23.263584
0.150000,101.000000,22.743321
0.200000,101.000000,22.338804
0.250000,101.000000,22.081971
0.300000,101.000000,21.993905
0.350000,101.000000,22.081971
0.400000,101.000000,22.338804
0.450000,101.000000,22.743321
0.500000,101.000000,23.263584
0.550000,101.000000,23.860954
0.600000,101.000000,24.494808
0.650000,101.000000,25.127009
0.700000,101.000000,25.725471
0.750000,101.000000,26.266409
0.800000,101.000000,26.735140
0.850000,101.000000,27.125604
0.900000,101.000000,27.438932
0.950000,101.000000,27.681504
1.000000,101.000000,27.862894
1.050000,101.000000,27.994028
1.100000,101.000000,28.085749
1.150000,101.000000,28.147856
1.200000,101.000000,28.188590
1.250000,101.000000,28.214483
1.300000,101.000000,28.230449
1.350000,101.000000,28.240018
1.400000,101.000000,28.245628
1.450000,101.000000,28.248909
1.500000,101.000000,28.250942
1.550000,101.000000,28.252469
1.600000,101.000000,28.254067
1.650000,101.000000,28.256307
1.700000,101.000000,28.259899
1.750000,101.000000,28.265862
1.800000,101.000000,28.275725
1.850000,101.000000,28.291796
1.900000,101.000000,28.317500
1.950000,101.000000,28.357821
2.000000,101.000000,28.419825
2.050000,101.000000,28.513282
2.100000,101.000000,28.651330
2.150000,101.000000,28.851133
2.200000,101.000000,29.134438
2.250000,101.000000,29.527893
2.300000,101.000000,30.062979
2.350000,101.000000,30.775378
2.400000,101.000000,31.703601
2.450000,101.000000,32.886771
2.500000,101.000000,34.361495
2.550000,101.000000,36.157909
2.600000,101.000000,38.295098
2.650000,101.000000,40.776286
2.700000,101.000000,43.584312
2.750000,101.000000,46.678029
2.800000,101.000000,49.990284
2.850000,101.000000,53.428083
2.900000,101.000000,56.875352
2.950000,101.000000,60.198421
3.000000,101.000000,63.254039
3.050000,101.000000,65.899304
3.100000,101.000000,68.002612
3.150000,101.000000,69.454462
3.200000,101.000000,70.176890
3.250000,101.000000,70.130401
3.300000,101.000000,69.317552
3.350000,101.000000,67.782713
3.400000,101.000000,65.608057
3.450000,101.000000,62.906275
3.500000,101.000000,59.810912
3.550000,101.000000,56.465478
3.600000,101.000000,53.012570
3.650000,101.000000,49.584122
3.700000,101.000000,46.293676
3.750000,101.000000,43.231217
3.800000,101.000000,40.460737
3.850000,101.000000,38.020363
3.900000,101.000000,35.924595
3.950000,101.000000,34.168054
4.000000,101.000000,32.730075
4.050000,101.000000,31.579515
4.100000,101.000000,30.679270
4.150000,101.000000,29.990143
4.200000,101.000000,29.473863
4.250000,101.000000,29.095197
4.300000,101.000000,28.823221
4.350000,101.000000,28.631883
4.400000,101.000000,28.500007
4.450000,101.000000,28.410945
4.500000,101.000000,28.352000
4.550000,101.000000,28.313762
4.600000,101.000000,28.289447
4.650000,101.000000,28.274288
4.700000,101.000000,28.265023
4.750000,101.000000,28.259470
4.800000,101.000000,28.256206
4.850000,101.000000,28.254326
4.900000,101.000000,28.253265
4.950000,101.000000,28.252685
5.000000,101.000000,28.252403
5.050000,101.000000,28.252361
5.100000,101.000000,28.252673
5.150000,101.000000,28.253767
5.200000,101.000000,28.256694
5.250000,101.000000,28.263633
5.300000,101.000000,28.278518
5.350000,101.000000,28.307452
5.400000,101.000000,28.358328
5.450000,101.000000,28.438934
5.500000,101.000000,28.553324
5.550000,101.000000,28.697328
5.600000,101.000000,28.855430
5.650000,101.000000,29.001678
5.700000,101.000000,29.105933
5.750000,101.000000,29.143812
5.800000,101.000000,29.105933
5.850000,101.000000,29.001678
5.900000,101.000000,28.855430
5.950000,101.000000,28.697328
6.000000,101.000000,28.553324
0.000000,102.000000,24.537019
0.050000,102.000000,23.901514
0.100000,102.000000,23.302587
0.150000,102.000000,22.780969
0.200000,102.000000,22.375397
0.250000,102.000000,22.117896
0.300000,102.000000,22.029600
0.350000,102.000000,22.117896
0.400000,102.000000,22.375397
0.450000,102.000000,22.780969
0.500000,102.000000,23.302587
0.550000,102.000000,23.901514
0.600000,102.000000,24.537019
0.650000,102.000000,25.170867
0.700000,102.000000,25.770888
0.750000,102.000000,26.313236
0.800000,102.000000,26.783188
0.850000,102.000000,27.174669
0.900000,102.000000,27.488814
0.950000,102.000000,27.732018
1.000000,102.000000,27.913880
1.050000,102.000000,28.045355
1.100000,102.000000,28.137315
1.150000,102.000000,28.199583
1.200000,102.000000,28.240422
1.250000,102.000000,28.266379
1.300000,102.000000,28.282379
1.350000,102.000000,28.291960
1.400000,102.000000,28.297560
1.450000,102.000000,28.300804
1.500000,102.000000,28.302759
1.550000,102.000000,28.304141
1.600000,102.000000,28.305482
1.650000,102.000000,28.307282
1.700000,102.000000,28.310134
1.750000,102.000000,28.314881
1.800000,102.000000,28.322787
1.850000,102.000000,28.335774
1.900000,102.000000,28.356727
1.950000,102.000000,28.389882
2.000000,102.000000,28.441316
2.050000,102.000000,28.519530
2.100000,102.000000,28.636096
2.150000,102.000000,28.806329
2.200000,102.000000,29.049904
2.250000,102.000000,29.391292
2.300000,102.000000,29.859891
2.350000,102.000000,30.489654
2.400000,102.000000,31.318069
2.450000,102.000000,32.384320
2.500000,102.000000,33.726565
2.550000,102.000000,35.378320
2.600000,102.000000,37.364122
2.650000,102.000000,39.694763
2.700000,102.000000,42.362564
2.750000,102.000000,45.337289
2.800000,102.000000,48.563349
2.850000,102.000000,51.958940
2.900000,102.000000,55.417628
2.950000,102.000000,58.812638
3.000000,102.000000,62.003807
3.050000,102.000000,64.846765
3.100000,102.000000,67.203571
3.150000,102.000000,68.953726
3.200000,102.000000,70.004364
3.250000,102.000000,70.298409
3.300000,102.000000,69.819713
3.350000,102.000000,68.594526
3.400000,102.000000,66.689110
3.450000,102.000000,64.203801
3.500000,102.000000,61.264265
3.550000,102.000000,58.010998
3.600000,102.000000,54.588289
3.650000,102.000000,51.133853
3.700000,102.000000,47.770120
3.750000,102.000000,44.597902
3.800000,102.000000,41.692755
3.850000,102.000000,39.104024
3.900000,102.000000,36.856215
3.950000,102.000000,34.952167
4.000000,102.000000,33.377348
4.050000,102.000000,32.104641
4.100000,102.000000,31.099042
4.150000,102.000000,30.321852
4.200000,102.000000,29.734078
4.250000,102.000000,29.298946
4.300000,102.000000,28.983530
4.350000,102.000000,28.759604
4.400000,102.000000,28.603871
4.450000,102.000000,28.497755
4.500000,102.000000,28.426896
4.550000,102.000000,28.380524
4.600000,102.000000,28.350776
4.650000,102.000000,28.332068
4.700000,102.000000,28.320534
4.750000,102.000000,28.313561
4.800000,102.000000,28.309428
4.850000,102.000000,28.307026
4.900000,102.000000,28.305659
4.950000,102.000000,28.304905
5.000000,102.000000,28.304531
5.050000,102.000000,28.304463
5.100000,102.000000,28.304835
5.150000,102.000000,28.306168
5.200000,102.000000,28.309746
5.250000,102.000000,28.318236
5.300000,102.000000,28.336449
5.350000,102.000000,28.371853
5.400000,102.000000,28.434105
5.450000,102.000000,28.532737
5.500000,102.000000,28.672706
5.550000,102.000000,28.848912
5.600000,102.000000,29.042370
5.650000,102.000000,29.221322
5.700000,102.000000,29.348890
5.750000,102.000000,29.395239
5.800000,102.000000,29.348890
5.850000,102.000000,29.221322
5.900000,102.000000,29.042370
5.950000,102.000000,28.848912
6.000000,102.000000,28.672706
0.000000,103.000000,24.579445
0.050000,103.000000,23.942324
0.100000,103.000000,23.341876
0.150000,103.000000,22.818932
0.200000,103.000000,22.412330
0.250000,103.000000,22.154173
0.300000,103.000000,22.065653
0.350000,103.000000,22.154173
0.400000,103.000000,22.412330
0.450000,103.000000,22.818932
0.500000,103.000000,23.341876
0.550000,103.000000,23.942324
0.600000,103.000000,24.579445
0.650000,103.000000,25.214904
0.700000,103.000000,25.816450
0.750000,103.000000,26.360176
0.800000,103.000000,26.831323
0.850000,103.000000,27.223799
0.900000,103.000000,27.538742
0.950000,103.000000,27.782564
1.000000,103.000000,27.964888
1.050000,103.000000,28.096698
1.100000,103.000000,28.188891
1.150000,103.000000,28.251317
1.200000,103.000000,28.292258
1.250000,103.000000,28.318279
1.300000,103.000000,28.334315
1.350000,103.000000,28.343910
1.400000,103.000000,28.349505
1.450000,103.000000,28.352723
1.500000,103.000000,28.354619
1.550000,103.000000,28.355888
1.600000,103.000000,28.357029
1.650000,103.000000,28.358480
1.700000,103.000000,28.360742
1.750000,103.000000,28.364508
1.800000,103.000000,28.370822
1.850000,103.000000,28.381279
1.900000,103.000000,28.398293
1.950000,103.000000,28.425450
2.000000,103.000000,28.467952
2.050000,103.000000,28.533154
2.100000,103.000000,28.631195
2.150000,103.000000,28.775662
2.200000,103.000000,28.984242
2.250000,103.000000,29.279259
2.300000,103.000000,29.687956
2.350000,103.000000,30.242365
2.400000,103.000000,30.978593
2.450000,103.000000,31.935361
2.500000,103.000000,33.151673
2.550000,103.000000,34.663582
2.600000,103.000000,36.500149
2.650000,103.000000,38.678810
2.700000,103.000000,41.200569
2.750000,103.000000,44.045553
2.800000,103.000000,47.169560
2.850000,103.000000,50.502282
2.900000,103.000000,53.947755
2.950000,103.000000,57.387449
3.000000,103.000000,60.686079
3.050000,103.000000,63.699880
3.100000,103.000000,66.286720
3.150000,103.000000,68.317093
3.200000,103.000000,69.684823
3.250000,103.000000,70.316256
3.300000,103.000000,70.176827
3.350000,103.000000,69.274200
3.400000,103.000000,67.657563
3.450000,103.000000,65.413195
3.500000,103.000000,62.656832
3.550000,103.000000,59.523803
3.600000,103.000000,56.158069
3.650000,103.000000,52.701431
3.700000,103.000000,49.283975
3.750000,103.000000,46.016637
3.800000,103.000000,42.986357
3.850000,103.000000,40.253971
3.900000,103.000000,37.854615
3.950000,103.000000,35.800183
4.000000,103.000000,34.083212
4.050000,103.000000,32.681525
4.100000,103.000000,31.563036
4.150000,103.000000,30.690201
4.200000,103.000000,30.023793
4.250000,103.000000,29.525810
4.300000,103.000000,29.161486
4.350000,103.000000,28.900465
4.400000,103.000000,28.717286
4.450000,103.000000,28.591344
4.500000,103.000000,28.506495
4.550000,103.000000,28.450474
4.600000,103.000000,28.414220
4.650000,103.000000,28.391221
4.700000,103.000000,28.376917
4.750000,103.000000,28.368195
4.800000,103.000000,28.362979
4.850000,103.000000,28.359922
4.900000,103.000000,28.358167
4.950000,103.000000,28.357191
5.000000,103.000000,28.356699
5.050000,103.000000,28.356593
5.100000,103.000000,28.357033
5.150000,103.000000,28.358650
5.200000,103.000000,28.363004
5.250000,103.000000,28.373344
5.300000,103.000000,28.395526
5.350000,103.000000,28.438651
5.400000,103.000000,28.514479
5.450000,103.000000,28.634621
5.500000,103.000000,28.805115
5.550000,103.000000,29.019749
5.600000,103.000000,29.255396
5.650000,103.000000,29.473375
5.700000,103.000000,29.628763
5.750000,103.000000,29.685221
5.800000,103.000000,29.628763
5.850000,103.000000,29.473375
5.900000,103.000000,29.255396
5.950000,103.000000,29.019749
6.000000,103.000000,28.805115
0.000000,104.000000,24.622082
0.050000,104.000000,23.983381
0.100000,104.000000,23.381444
0.150000,104.000000,22.857203
0.200000,104.000000,22.449593
0.250000,104.000000,22.190797
0.300000,104.000000,22.102057
0.350000,104.000000,22.190797
0.400000,104.000000,22.449593
0.450000,104.000000,22.857203
0.500000,104.000000,23.381444
0.550000,104.000000,23.983381
0.600000,104.000000,24.622082
0.650000,104.000000,25.259116
0.700000,104.000000,25.862154
0.750000,104.000000,26.407228
0.800000,104.000000,26.879543
0.850000,104.000000,27.272992
0.900000,104.000000,27.588715
0.950000,104.000000,27.833142
1.000000,104.000000,28.015919
1.050000,104.000000,28.148055
1.100000,104.000000,28.240476
1.150000,104.000000,28.303056
1.200000,104.000000,28.344098
1.250000,104.000000,28.370182
1.300000,104.000000,28.386254
1.350000,104.000000,28.395866
1.400000,104.000000,28.401461
1.450000,104.000000,28.404660
1.500000,104.000000,28.406511
1.550000,104.000000,28.407694
1.600000,104.000000,28.408678
1.650000,104.000000,28.409855
1.700000,104.000000,28.411647
1.750000,104.000000,28.414627
1.800000,104.000000,28.419652
1.850000,104.000000,28.428039
1.900000,104.000000,28.441803
1.950000,104.000000,28.463962
2.000000,104.000000,28.498947
2.050000,104.000000,28.553091
2.100000,104.000000,28.635229
2.150000,104.000000,28.757345
2.200000,104.000000,28.935249
2.250000,104.000000,29.189172
2.300000,104.000000,29.544178
2.350000,104.000000,30.030241
2.400000,104.000000,30.681809
2.450000,104.000000,31.536687
2.500000,104.000000,32.634098
2.550000,104.000000,34.011849
2.600000,104.000000,35.702620
2.650000,104.000000,37.729554
2.700000,104.000000,40.101470
2.750000,104.000000,42.808179
2.800000,104.000000,45.816517
2.850000,104.000000,49.067750
2.900000,104.000000,52.476984
2.950000,104.000000,55.935063
3.000000,104.000000,59.313188
3.050000,104.000000,62.470170
3.100000,104.000000,65.261830
3.150000,104.000000,67.551744
3.200000,104.000000,69.222221
3.250000,104.000000,70.184308
3.300000,104.000000,70.385639
3.350000,104.000000,69.815153
3.400000,104.000000,68.504101
3.450000,104.000000,66.523210
3.500000,104.000000,63.976364
3.550000,104.000000,60.991586
3.600000,104.000000,57.710406
3.650000,104.000000,54.276847
3.700000,104.000000,50.827209
3.750000,104.000000,47.481610
3.800000,104.000000,44.337969
3.850000,104.000000,41.468697
3.900000,104.000000,38.920044
3.950000,104.000000,36.713723
4.000000,104.000000,34.850243
4.050000,104.000000,33.313306
4.100000,104.000000,32.074609
4.150000,104.000000,31.098497
4.200000,104.000000,30.346071
4.250000,104.000000,29.778492
4.300000,104.000000,29.359377
4.350000,104.000000,29.056333
4.400000,104.000000,28.841723
4.450000,104.000000,28.692838
4.500000,104.000000,28.591633
4.550000,104.000000,28.524218
4.600000,104.000000,28.480205
4.650000,104.000000,28.452038
4.700000,104.000000,28.434367
4.750000,104.000000,28.423498
4.800000,104.000000,28.416942
4.850000,104.000000,28.413066
4.900000,104.000000,28.410822
4.950000,104.000000,28.409561
5.000000,104.000000,28.408916
5.050000,104.000000,28.408759
5.100000,104.000000,28.409275
5.150000,104.000000,28.411225
5.200000,104.000000,28.416500
5.250000,104.000000,28.429034
5.300000,104.000000,28.455930
5.350000,104.000000,28.508221
5.400000,104.000000,28.600168
5.450000,104.000000,28.745848
5.500000,104.000000,28.952585
5.550000,104.000000,29.212844
5.600000,104.000000,29.498582
5.650000,104.000000,29.762897
5.700000,104.000000,29.951317
5.750000,104.000000,30.019776
5.800000,104.000000,29.951317
5.850000,104.000000,29.762897
5.900000,104.000000,29.498582
5.950000,104.000000,29.212843
6.000000,104.000000,28.952584
0.000000,105.000000,24.664924
0.050000,105.000000,24.024679
0.100000,105.000000,23.421285
0.150000,105.000000,22.895776
0.200000,105.000000,22.487180
0.250000,105.000000,22.227758
0.300000,105.000000,22.138804
0.350000,105.000000,22.227758
0.400000,105.000000,22.487180
0.450000,105.000000,22.895776
0.500000,105.000000,23.421285
0.550000,105.000000,24.024679
0.600000,105.000000,24.664924
0.650000,105.000000,25.303499
0.700000,105.000000,25.907996
0.750000,105.000000,26.454388
0.800000,105.000000,26.927846
0.850000,105.000000,27.322246
0.900000,105.000000,27.638734
0.950000,105.000000,27.883752
1.000000,105.000000,28.066970
1.050000,105.000000,28.199426
1.100000,105.000000,28.292071
1.150000,105.000000,28.354802
1.200000,105.000000,28.395943
1.250000,105.000000,28.422087
1.300000,105.000000,28.438196
1.350000,105.000000,28.447826
1.400000,105.000000,28.453424
1.450000,105.000000,28.456611
1.500000,105.000000,28.458429
1.550000,105.000000,28.459545
1.600000,105.000000,28.460408
1.650000,105.000000,28.461370
1.700000,105.000000,28.462790
1.750000,105.000000,28.465141
1.800000,105.000000,28.469126
1.850000,105.000000,28.475828
1.900000,105.000000,28.486920
1.950000,105.000000,28.504932
2.000000,105.000000,28.533618
2.050000,105.000000,28.578406
2.100000,105.000000,28.646952
2.150000,105.000000,28.749772
2.200000,105.000000,28.900911
2.250000,105.000000,29.118589
2.300000,105.000000,29.425712
2.350000,105.000000,29.850114
2.400000,105.000000,30.424366
2.450000,105.000000,31.184984
2.500000,105.000000,32.170862
2.550000,105.000000,33.420839
2.600000,105.000000,34.970358
2.650000,105.000000,36.847335
2.700000,105.000000,39.067488
2.750000,105.000000,41.629536
2.800000,105.000000,44.510842
2.850000,105.000000,47.664128
2.900000,105.000000,51.015930
2.950000,105.000000,54.467363
3.000000,105.000000,57.897525
3.050000,105.000000,61.169633
3.100000,105.000000,64.139557
3.150000,105.000000,66.666095
3.200000,105.000000,68.621993
3.250000,105.000000,69.904534
3.300000,105.000000,70.444470
3.350000,105.000000,70.212213
3.400000,105.000000,69.220521
3.450000,105.000000,67.523339
3.500000,105.000000,65.210936
3.550000,105.000000,62.401955
3.600000,105.000000,59.233345
3.650000,105.000000,55.849366
3.700000,105.000000,52.390879
3.750000,105.000000,48.986019
3.800000,105.000000,45.743043
3.850000,105.000000,42.745817
3.900000,105.000000,40.052027
3.950000,105.000000,37.693856
4.000000,105.000000,35.680648
4.050000,105.000000,34.002921
4.100000,105.000000,32.637059
4.150000,105.000000,31.550096
4.200000,105.000000,30.704103
4.250000,105.000000,30.059863
4.300000,105.000000,29.579676
4.350000,105.000000,29.229257
4.400000,105.000000,28.978824
4.450000,105.000000,28.803509
4.500000,105.000000,28.683267
4.550000,105.000000,28.602456
4.600000,105.000000,28.549229
4.650000,105.000000,28.514866
4.700000,105.000000,28.493118
4.750000,105.000000,28.479625
4.800000,105.000000,28.471416
4.850000,105.000000,28.466520
4.900000,105.000000,28.463661
4.950000,105.000000,28.462040
5.000000,105.000000,28.461198
5.050000,105.000000,28.460969
5.100000,105.000000,28.461569
5.150000,105.000000,28.463909
5.200000,105.000000,28.470269
5.250000,105.000000,28.485394
5.300000,105.000000,28.517858
5.350000,105.000000,28.580976
5.400000,105.000000,28.691964
5.450000,105.000000,28.867812
5.500000,105.000000,29.117360
5.550000,105.000000,29.431515
5.600000,105.000000,29.776426
5.650000,105.000000,30.095477
5.700000,105.000000,30.322915
5.750000,105.000000,30.405551
5.800000,105.000000,30.322915
5.850000,105.000000,30.095477
5.900000,105.000000,29.776426
5.950000,105.000000,29.431515
6.000000,105.000000,29.117360
0.000000,106.000000,24.707968
0.050000,106.000000,24.066211
0.100000,106.000000,23.461393
0.150000,106.000000,22.934645
0.200000,106.000000,22.525084
0.250000,106.000000,22.265050
0.300000,106.000000,22.175886
0.350000,106.000000,22.265050
0.400000,106.000000,22.525084
0.450000,106.000000,22.934645
0.500000,106.000000,23.461393
0.550000,106.000000,24.066211
0.600000,106.000000,24.707968
0.650000,106.000000,25.348050
0.700000,106.000000,25.953973
0.750000,106.000000,26.501655
0.800000,106.000000,26.976230
0.850000,106.000000,27.371561
0.900000,106.000000,27.688796
0.950000,106.000000,27.934392
1.000000,106.000000,28.118043
1.050000,106.000000,28.250811
1.100000,106.000000,28.343674
1.150000,106.000000,28.406553
1.200000,106.000000,28.447790
1.250000,106.000000,28.473996
1.300000,106.000000,28.490140
1.350000,106.000000,28.499789
1.400000,106.000000,28.505393
1.450000,106.000000,28.508572
1.500000,106.000000,28.510366
1.550000,106.000000,28.511432
1.600000,106.000000,28.512201
1.650000,106.000000,28.512994
1.700000,106.000000,28.514121
1.750000,106.000000,28.515972
1.800000,106.000000,28.519121
1.850000,106.000000,28.524457
1.900000,106.000000,28.533362
1.950000,106.000000,28.547948
2.000000,106.000000,28.571379
2.050000,106.000000,28.608284
2.100000,106.000000,28.665265
2.150000,106.000000,28.751498
2.200000,106.000000,28.879393
2.250000,106.000000,29.065258
2.300000,106.000000,29.329889
2.350000,106.000000,29.698945
2.400000,106.000000,30.202971
2.450000,106.000000,30.876891
2.500000,106.000000,31.758799
2.550000,106.000000,32.887918
2.600000,106.000000,34.301651
2.650000,106.000000,36.031777
2.700000,106.000000,38.099976
2.750000,106.000000,40.513025
2.800000,106.000000,43.258168
2.850000,106.000000,46.299273
2.900000,106.000000,49.574456
2.950000,106.000000,52.995755
3.000000,106.000000,56.451361
3.050000,106.000000,59.810557
3.100000,106.000000,62.931262
3.150000,106.000000,65.669648
3.200000,106.000000,67.890963
3.250000,106.000000,69.480470
3.300000,106.000000,70.353248
3.350000,106.000000,70.461705
3.400000,106.000000,69.799881
3.450000,106.000000,68.403989
3.500000,106.000000,66.349131
3.550000,106.000000,63.742606
3.600000,106.000000,60.714636
3.650000,106.000000,57.407629
3.700000,106.000000,53.965193
3.750000,106.000000,50.522090
3.800000,106.000000,47.196039
3.850000,106.000000,44.082018
3.900000,106.000000,41.249285
3.950000,106.000000,38.741020
4.000000,106.000000,36.576187
4.050000,106.000000,34.753034
4.100000,106.000000,33.253568
4.150000,106.000000,32.048362
4.200000,106.000000,31.101172
4.250000,106.000000,30.372949
4.300000,106.000000,29.825039
4.350000,106.000000,29.421473
4.400000,106.000000,29.130403
4.450000,106.000000,28.924784
4.500000,106.000000,28.782485
4.550000,106.000000,28.685994
4.600000,106.000000,28.621874
4.650000,106.000000,28.580112
4.700000,106.000000,28.553450
4.750000,106.000000,28.536762
4.800000,106.000000,28.526522
4.850000,106.000000,28.520362
4.900000,106.000000,28.516733
4.950000,106.000000,28.514656
5.000000,106.000000,28.513562
5.050000,106.000000,28.513236
5.100000,106.000000,28.513926
5.150000,106.000000,28.516720
5.200000,106.000000,28.524351
5.250000,106.000000,28.542520
5.300000,106.000000,28.581527
5.350000,106.000000,28.657370
5.400000,106.000000,28.790734
5.450000,106.000000,29.002036
5.500000,106.000000,29.301900
5.550000,106.000000,29.679395
5.600000,106.000000,30.093848
5.650000,106.000000,30.477227
5.700000,106.000000,30.750523
5.750000,106.000000,30.849820
5.800000,106.000000,30.750523
5.850000,106.000000,30.477227
5.900000,106.000000,30.093848
5.950000,106.000000,29.679395
6.000000,106.000000,29.301899
0.000000,107.000000,24.751208
0.050000,107.000000,24.107974
0.100000,107.000000,23.501763
0.150000,107.000000,22.973802
0.200000,107.000000,22.563298
0.250000,107.000000,22.302665
0.300000,107.000000,22.213295
0.350000,107.000000,22.302665
0.400000,107.000000,22.563298
0.450000,107.000000,22.973802
0.500000,107.000000,23.501763
0.550000,107.000000,24.107974
0.600000,107.000000,24.751208
0.650000,107.000000,25.392764
0.700000,107.000000,26.000083
0.750000,107.000000,26.549025
0.800000,107.000000,27.024693
0.850000,107.000000,27.420935
0.900000,107.000000,27.738900
0.950000,107.000000,27.985061
1.000000,107.000000,28.169135
1.050000,107.000000,28.302209
1.100000,107.000000,28.395287
1.150000,107.000000,28.458310
1.200000,107.000000,28.499642
1.250000,107.000000,28.525907
1.300000,107.000000,28.542087
1.350000,107.000000,28.551755
1.400000,107.000000,28.557366
1.450000,107.000000,28.560541
1.500000,107.000000,28.562317
1.550000,107.000000,28.563345
1.600000,107.000000,28.564042
1.650000,107.000000,28.564704
1.700000,107.000000,28.565601
1.750000,107.000000,28.567055
1.800000,107.000000,28.569536
1.850000,107.000000,28.573769
1.900000,107.000000,28.580891
1.950000,107.000000,28.592657
2.000000,107.000000,28.611722
2.050000,107.000000,28.642015
2.100000,107.000000,28.689199
2.150000,107.000000,28.761240
2.200000,107.000000,28.869039
2.250000,107.000000,29.027112
2.300000,107.000000,29.254218
2.350000,107.000000,29.573848
2.400000,107.000000,30.014424
2.450000,107.000000,30.609048
2.500000,107.000000,31.394618
2.550000,107.000000,32.410170
2.600000,107.000000,33.694328
2.650000,107.000000,35.281864
2.700000,107.000000,37.199483
2.750000,107.000000,39.461114
2.800000,107.000000,42.063130
2.850000,107.000000,44.980080
2.900000,107.000000,48.161584
2.950000,107.000000,51.531040
3.000000,107.000000,54.986684
3.050000,107.000000,58.405334
3.100000,107.000000,61.648832
3.150000,107.000000,64.572834
3.200000,107.000000,67.037224
3.250000,107.000000,68.917156
3.300000,107.000000,70.113504
3.350000,107.000000,70.561515
3.400000,107.000000,70.236614
3.450000,107.000000,69.156640
3.500000,107.000000,67.380222
3.550000,107.000000,65.001505
3.600000,107.000000,62.141891
3.650000,107.000000,58.939791
3.700000,107.000000,55.539605
3.750000,107.000000,52.081123
3.800000,107.000000,48.690423
3.850000,107.000000,45.473019
3.900000,107.000000,42.509678
3.950000,107.000000,39.854944
4.000000,107.000000,37.538087
4.050000,107.000000,35.565962
4.100000,107.000000,33.927133
4.150000,107.000000,32.596616
4.200000,107.000000,31.540627
4.250000,107.000000,30.720908
4.300000,107.000000,30.098292
4.350000,107.000000,29.635406
4.400000,107.000000,29.298462
4.450000,107.000000,29.058258
4.500000,107.000000,28.890519
4.550000,107.000000,28.775754
4.600000,107.000000,28.698811
4.650000,107.000000,28.648253
4.700000,107.000000,28.615691
4.750000,107.000000,28.595133
4.800000,107.000000,28.582408
4.850000,107.000000,28.574686
4.900000,107.000000,28.570097
4.950000,107.000000,28.567447
5.000000,107.000000,28.566030
5.050000,107.000000,28.565573
5.100000,107.000000,28.566357
5.150000,107.000000,28.569675
5.200000,107.000000,28.578790
5.250000,107.000000,28.600517
5.300000,107.000000,28.647172
5.350000,107.000000,28.737891
5.400000,107.000000,28.897419
5.450000,107.000000,29.150175
5.500000,107.000000,29.508868
5.550000,107.000000,29.960422
5.600000,107.000000,30.456185
5.650000,107.000000,30.914778
5.700000,107.000000,31.241690
5.750000,107.000000,31.360468
5.800000,107.000000,31.241690
5.850000,107.000000,30.914777
5.900000,107.000000,30.456185
5.950000,107.000000,29.960421
6.000000,107.000000,29.508866
0.000000,108.000000,24.794641
0.050000,108.000000,24.149961
0.100000,108.000000,23.542389
0.150000,108.000000,23.013241
0.200000,108.000000,22.601815
0.250000,108.000000,22.340596
0.300000,108.000000,22.251026
0.350000,108.000000,22.340596
0.400000,108.000000,22.601815
0.450000,108.000000,23.013241
0.500000,108.000000,23.542389
0.550000,108.000000,24.149961
0.600000,108.000000,24.794641
0.650000,108.000000,25.437639
0.700000,108.000000,26.046322
0.750000,108.000000,26.596498
0.800000,108.000000,27.073234
0.850000,108.000000,27.470367
0.900000,108.000000,27.789046
0.950000,108.000000,28.035761
1.000000,108.000000,28.220248
1.050000,108.000000,28.353621
1.100000,108.000000,28.446907
1.150000,108.000000,28.510072
1.200000,108.000000,28.551497
1.250000,108.000000,28.577821
1.300000,108.000000,28.594036
1.350000,108.000000,28.603723
1.400000,108.000000,28.609342
1.450000,108.000000,28.612516
1.500000,108.000000,28.614280
1.550000,108.000000,28.615280
1.600000,108.000000,28.615921
1.650000,108.000000,28.616482
1.700000,108.000000,28.617198
1.750000,108.000000,28.618339
1.800000,108.000000,28.620287
1.850000,108.000000,28.623633
1.900000,108.000000,28.629307
1.950000,108.000000,28.638763
2.000000,108.000000,28.654217
2.050000,108.000000,28.678987
2.100000,108.000000,28.717907
2.150000,108.000000,28.777857
2.200000,108.000000,28.868363
2.250000,108.000000,29.002269
2.300000,108.000000,29.196395
2.350000,108.000000,29.472104
2.400000,108.000000,29.855650
2.450000,108.000000,30.378143
2.500000,108.000000,31.074965
2.550000,108.000000,31.984473
2.600000,108.000000,33.145843
2.650000,108.000000,34.596021
2.700000,108.000000,36.365820
2.750000,108.000000,38.475388
2.800000,108.000000,40.929391
2.850000,108.000000,43.712449
2.900000,108.000000,46.785432
2.950000,108.000000,50.083294
3.000000,108.000000,53.515043
3.050000,108.000000,56.966285
3.100000,108.000000,60.304494
3.150000,108.000000,63.386839
3.200000,108.000000,66.069996
3.250000,108.000000,68.221049
3.300000,108.000000,69.728354
3.350000,108.000000,70.511131
3.400000,108.000000,70.526628
3.450000,108.000000,69.773993
3.500000,108.000000,68.294351
3.550000,108.000000,66.167081
3.600000,108.000000,63.502764
3.650000,108.000000,60.433667
3.700000,108.000000,57.102912
3.750000,108.000000,53.653551
3.800000,108.000000,50.218684
3.850000,108.000000,46.913551
3.900000,108.000000,43.830149
3.950000,108.000000,41.034574
4.000000,108.000000,38.566966
4.050000,108.000000,36.443591
4.100000,108.000000,34.660501
4.150000,108.000000,33.198075
4.200000,108.000000,32.025834
4.250000,108.000000,31.107000
4.300000,108.000000,30.402421
4.350000,108.000000,29.873660
4.400000,108.000000,29.485184
4.450000,108.000000,29.205698
4.500000,108.000000,29.008751
4.550000,108.000000,28.872788
4.600000,108.000000,28.780817
4.650000,108.000000,28.719848
4.700000,108.000000,28.680234
4.750000,108.000000,28.655003
4.800000,108.000000,28.639249
4.850000,108.000000,28.629607
4.900000,108.000000,28.623827
4.950000,108.000000,28.620457
5.000000,108.000000,28.618631
5.050000,108.000000,28.617999
5.100000,108.000000,28.618879
5.150000,108.000000,28.622799
5.200000,108.000000,28.633634
5.250000,108.000000,28.659495
5.300000,108.000000,28.715045
5.350000,108.000000,28.823069
5.400000,108.000000,29.013028
5.450000,108.000000,29.314003
5.500000,108.000000,29.741124
5.550000,108.000000,30.278823
5.600000,108.000000,30.869164
5.650000,108.000000,31.415244
5.700000,108.000000,31.804523
5.750000,108.000000,31.945960
5.800000,108.000000,31.804522
5.850000,108.000000,31.415244
5.900000,108.000000,30.869164
5.950000,108.000000,30.278822
6.000000,108.000000,29.741121
0.000000,109.000000,24.838262
0.050000,109.000000,24.192169
0.100000,109.000000,23.583264
0.150000,109.000000,23.052956
0.200000,109.000000,22.640628
0.250000,109.000000,22.378836
0.300000,109.000000,22.289070
0.350000,109.000000,22.378836
0.400000,109.000000,22.640628
0.450000,109.000000,23.052956
0.500000,109.000000,23.583264
0.550000,109.000000,24.192169
0.600000,109.000000,24.838262
0.650000,109.000000,25.482670
0.700000,109.000000,26.092687
0.750000,109.000000,26.644070
0.800000,109.000000,27.121852
0.850000,109.000000,27.519855
0.900000,109.000000,27.839233
0.950000,109.000000,28.086488
1.000000,109.000000,28.271380
1.050000,109.000000,28.405046
1.100000,109.000000,28.498537
1.150000,109.000000,28.561840
1.200000,109.000000,28.603355
1.250000,109.000000,28.629736
1.300000,109.000000,28.645986
1.350000,109.000000,28.655693
1.400000,109.000000,28.661321
1.450000,109.000000,28.664496
1.500000,109.000000,28.666251
1.550000,109.000000,28.667230
1.600000,109.000000,28.667829
1.650000,109.000000,28.668312
1.700000,109.000000,28.668888
1.750000,109.000000,28.669782
1.800000,109.000000,28.671307
1.850000,109.000000,28.673942
1.900000,109.000000,28.678447
1.950000,109.000000,28.686016
2.000000,109.000000,28.698496
2.050000,109.000000,28.718671
2.100000,109.000000,28.750652
2.150000,109.000000,28.800347
2.200000,109.000000,28.876037
2.250000,109.000000,28.989025
2.300000,109.000000,29.154302
2.350000,109.000000,29.391174
2.400000,109.000000,29.723720
2.450000,109.000000,30.180948
2.500000,109.000000,30.796476
2.550000,109.000000,31.607564
2.600000,109.000000,32.653350
2.650000,109.000000,33.972195
2.700000,109.000000,35.598138
2.750000,109.000000,37.556606
2.800000,109.000000,39.859669
2.850000,109.000000,42.501289
2.900000,109.000000,45.453158
2.950000,109.000000,48.661777
3.000000,109.000000,52.047417
3.050000,109.000000,55.505490
3.100000,109.000000,58.910628
3.150000,109.000000,62.123426
3.200000,109.000000,64.999474
3.250000,109.000000,67.399906
3.300000,109.000000,69.202435
3.350000,109.000000,70.311651
3.400000,109.000000,70.667379
3.450000,109.000000,70.250093
3.500000,109.000000,69.082688
3.550000,109.000000,67.228400
3.600000,109.000000,64.785129
3.650000,109.000000,61.876888
3.700000,109.000000,58.643390
3.750000,109.000000,55.229021
3.800000,109.000000,51.772368
3.850000,109.000000,48.397352
3.900000,109.000000,45.206685
3.950000,109.000000,42.278012
4.000000,109.000000,39.662753
4.050000,109.000000,37.387304
4.100000,109.000000,35.456090
4.150000,109.000000,33.855795
4.200000,109.000000,32.560130
4.250000,109.000000,31.534562
4.300000,109.000000,30.740549
4.350000,109.000000,30.139016
4.400000,109.000000,29.692943
4.450000,109.000000,29.369054
4.500000,109.000000,29.138731
4.550000,109.000000,28.978286
4.600000,109.000000,28.868781
4.650000,109.000000,28.795542
4.700000,109.000000,28.747534
4.750000,109.000000,28.716688
4.800000,109.000000,28.697259
4.850000,109.000000,28.685264
4.900000,109.000000,28.678010
4.950000,109.000000,28.673742
5.000000,109.000000,28.671398
5.050000,109.000000,28.670535
5.100000,109.000000,28.671509
5.150000,109.000000,28.676114
5.200000,109.000000,28.688933
5.250000,109.000000,28.719575
5.300000,109.000000,28.785415
5.350000,109.000000,28.913460
5.400000,109.000000,29.138634
5.450000,109.000000,29.495403
5.500000,109.000000,30.001706
5.550000,109.000000,30.639086
5.600000,109.000000,31.338868
5.650000,109.000000,31.986183
5.700000,109.000000,32.447628
5.750000,109.000000,32.615287
5.800000,109.000000,32.447628
5.850000,109.000000,31.986183
5.900000,109.000000,31.338868
5.950000,109.000000,30.639085
6.000000,109.000000,30.001703
0.000000,110.000000,24.882067
0.050000,110.000000,24.234592
0.100000,110.000000,23.624384
0.150000,110.000000,23.092941
0.200000,110.000000,22.679731
0.250000,110.000000,22.417379
0.300000,110.000000,22.327420
0.350000,110.000000,22.417379
0.400000,110.000000,22.679731
0.450000,110.000000,23.092941
0.500000,110.000000,23.624384
0.550000,110.000000,24.234592
0.600000,110.000000,24.882067
0.650000,110.000000,25.527854
0.700000,110.000000,26.139177
0.750000,110.000000,26.691739
0.800000,110.000000,27.170543
0.850000,110.000000,27.569398
0.900000,110.000000,27.889459
0.950000,110.000000,28.137244
1.000000,110.000000,28.322532
1.050000,110.000000,28.456483
1.100000,110.000000,28.550174
1.150000,110.000000,28.613613
1.200000,110.000000,28.655217
1.250000,110.000000,28.681654
1.300000,110.000000,28.697938
1.350000,110.000000,28.707665
1.400000,110.000000,28.713303
1.450000,110.000000,28.716479
1.500000,110.000000,28.718229
1.550000,110.000000,28.719192
1.600000,110.000000,28.719759
1.650000,110.000000,28.720182
1.700000,110.000000,28.720649
1.750000,110.000000,28.721350
1.800000,110.000000,28.722541
1.850000,110.000000,28.724609
1.900000,110.000000,28.728172
1.950000,110.000000,28.734209
2.000000,110.000000,28.744247
2.050000,110.000000,28.760618
2.100000,110.000000,28.786796
2.150000,110.000000,28.827830
2.200000,110.000000,28.890884
2.250000,110.000000,28.985848
2.300000,110.000000,29.126008
2.350000,110.000000,29.328701
2.400000,110.000000,29.615867
2.450000,110.000000,30.014352
2.500000,110.000000,30.555822
2.550000,110.000000,31.276101
2.600000,110.000000,32.213776
2.650000,110.000000,33.407935
2.700000,110.000000,34.895006
2.750000,110.000000,36.704774
2.800000,110.000000,38.855783
2.850000,110.000000,41.350523
2.900000,110.000000,44.170937
2.950000,110.000000,47.274860
3.000000,110.000000,50.594088
3.050000,110.000000,54.034634
3.100000,110.000000,57.479593
3.150000,110.000000,60.794747
3.200000,110.000000,63.836656
3.250000,110.000000,66.462656
3.300000,110.000000,68.541827
3.350000,110.000000,69.965760
3.400000,110.000000,70.657916
3.450000,110.000000,70.580439
3.500000,110.000000,69.737589
3.550000,110.000000,68.175349
3.600000,110.000000,65.977271
3.650000,110.000000,63.257080
3.700000,110.000000,60.148929
3.750000,110.000000,56.796500
3.800000,110.000000,53.342138
3.850000,110.000000,49.917173
3.900000,110.000000,46.634288
3.950000,110.000000,43.582455
4.000000,110.000000,40.824615
4.050000,110.000000,38.397893
4.100000,110.000000,36.315914
4.150000,110.000000,34.572598
4.200000,110.000000,33.146767
4.250000,110.000000,32.006958
4.300000,110.000000,31.115913
4.350000,110.000000,30.434420
4.400000,110.000000,29.924295
4.450000,110.000000,29.550459
4.500000,110.000000,29.282176
4.550000,110.000000,29.093591
4.600000,110.000000,28.963719
4.650000,110.000000,28.876082
4.700000,110.000000,28.818126
4.750000,110.000000,28.780560
4.800000,110.000000,28.756692
4.850000,110.000000,28.741826
4.900000,110.000000,28.732758
4.950000,110.000000,28.727372
5.000000,110.000000,28.724376
5.050000,110.000000,28.723211
5.100000,110.000000,28.724269
5.150000,110.000000,28.729647
5.200000,110.000000,28.744742
5.250000,110.000000,28.780881
5.300000,110.000000,28.858564
5.350000,110.000000,29.009655
5.400000,110.000000,29.275361
5.450000,110.000000,29.696356
5.500000,110.000000,30.293803
5.550000,110.000000,31.045925
5.600000,110.000000,31.871683
5.650000,110.000000,32.635528
5.700000,110.000000,33.180044
5.750000,110.000000,33.377884
5.800000,110.000000,33.180044
5.850000,110.000000,32.635528
5.900000,110.000000,31.871682
5.950000,110.000000,31.045923
6.000000,110.000000,30.293798
0.000000,111.000000,24.926053
0.050000,111.000000,24.277225
0.100000,111.000000,23.665743
0.150000,111.000000,23.133191
0.200000,111.000000,22.719117
0.250000,111.000000,22.456218
0.300000,111.000000,22.366071
0.350000,111.000000,22.456218
0.400000,111.000000,22.719117
0.450000,111.000000,23.133191
0.500000,111.000000,23.665743
0.550000,111.000000,24.277225
0.600000,111.000000,24.926053
0.650000,111.000000,25.573188
0.700000,111.000000,26.185787
0.750000,111.000000,26.739504
0.800000,111.000000,27.219308
0.850000,111.000000,27.618995
0.900000,111.000000,27.939725
0.950000,111.000000,28.188027
1.000000,111.000000,28.373702
1.050000,111.000000,28.507933
1.100000,111.000000,28.601819
1.150000,111.000000,28.665390
1.200000,111.000000,28.707081
1.250000,111.000000,28.733574
1.300000,111.000000,28.749891
1.350000,111.000000,28.759638
1.400000,111.000000,28.765285
1.450000,111.000000,28.768465
1.500000,111.000000,28.770212
1.550000,111.000000,28.771163
1.600000,111.000000,28.771707
1.650000,111.000000,28.772083
1.700000,111.000000,28.772466
1.750000,111.000000,28.773017
1.800000,111.000000,28.773944
1.850000,111.000000,28.775562
1.900000,111.000000,28.778369
1.950000,111.000000,28.783165
2.000000,111.000000,28.791210
2.050000,111.000000,28.804444
2.100000,111.000000,28.825788
2.150000,111.000000,28.859541
2.200000,111.000000,28.911865
2.250000,111.000000,28.991368
2.300000,111.000000,29.109759
2.350000,111.000000,29.282517
2.400000,111.000000,29.529501
2.450000,111.000000,29.875382
2.500000,111.000000,30.349747
2.550000,111.000000,30.986718
2.600000,111.000000,31.823891
2.650000,111.000000,32.900468
2.700000,111.000000,34.254494
2.750000,111.000000,35.919216
2.800000,111.000000,37.918712
2.850000,111.000000,40.263124
2.900000,111.000000,42.943945
2.950000,111.000000,45.929965
3.000000,111.000000,49.164550
3.050000,111.000000,52.564861
3.100000,111.000000,56.023551
3.150000,111.000000,59.413159
3.200000,111.000000,62.593165
3.250000,111.000000,65.419245
3.300000,111.000000,67.753946
3.350000,111.000000,69.477688
3.400000,111.000000,70.498898
3.450000,111.000000,70.762060
3.500000,111.000000,70.252722
3.550000,111.000000,68.998803
3.600000,111.000000,67.068064
3.650000,111.000000,64.562039
3.700000,111.000000,61.607196
3.750000,111.000000,58.344392
3.800000,111.000000,54.917846
3.850000,111.000000,51.464814
3.900000,111.000000,48.106966
3.950000,111.000000,44.944155
4.000000,111.000000,42.050890
4.050000,111.000000,39.475481
4.100000,111.000000,37.241499
4.150000,111.000000,35.350999
4.200000,111.000000,33.788853
4.250000,111.000000,32.527539
4.300000,111.000000,31.531831
4.350000,111.000000,30.762959
4.400000,111.000000,30.181975
4.450000,111.000000,29.752234
4.500000,111.000000,29.440987
4.550000,111.000000,29.220204
4.600000,111.000000,29.066783
4.650000,111.000000,28.962326
4.700000,111.000000,28.892632
4.750000,111.000000,28.847058
4.800000,111.000000,28.817847
4.850000,111.000000,28.799494
4.900000,111.000000,28.788201
4.950000,111.000000,28.781432
5.000000,111.000000,28.777618
5.050000,111.000000,28.776059
5.100000,111.000000,28.777184
5.150000,111.000000,28.783429
5.200000,111.000000,28.801119
5.250000,111.000000,28.843546
5.300000,111.000000,28.934784
5.350000,111.000000,29.112261
5.400000,111.000000,29.424377
5.450000,111.000000,29.918910
5.500000,111.000000,30.620719
5.550000,111.000000,31.504223
5.600000,111.000000,32.474227
5.650000,111.000000,33.371502
5.700000,111.000000,34.011134
5.750000,111.000000,34.243534
5.800000,111.000000,34.011134
5.850000,111.000000,33.371502
5.900000,111.000000,32.474225
5.950000,111.000000,31.504220
6.000000,111.000000,30.620713
0.000000,112.000000,24.970214
0.050000,112.000000,24.320064
0.100000,112.000000,23.707336
0.150000,112.000000,23.173698
0.200000,112.000000,22.758781
0.250000,112.000000,22.495345
0.300000,112.000000,22.405015
0.350000,112.000000,22.495345
0.400000,112.000000,22.758781
0.450000,112.000000,23.173698
0.500000,112.000000,23.707336
0.550000,112.000000,24.320064
0.600000,112.000000,24.970214
0.650000,112.000000,25.618668
0.700000,112.000000,26.232516
0.750000,112.000000,26.787361
0.800000,112.000000,27.268143
0.850000,112.000000,27.668645
0.900000,112.000000,27.990029
0.950000,112.000000,28.238837
1.000000,112.000000,28.424890
1.050000,112.000000,28.559395
1.100000,112.000000,28.653472
1.150000,112.000000,28.717173
1.200000,112.000000,28.758949
1.250000,112.000000,28.785495
1.300000,112.000000,28.801846
1.350000,112.000000,28.811611
1.400000,112.000000,28.817269
1.450000,112.000000,28.820453
1.500000,112.000000,28.822198
1.550000,112.000000,28.823142
1.600000,112.000000,28.823667
1.650000,112.000000,28.824009
1.700000,112.000000,28.824326
1.750000,112.000000,28.824760
1.800000,112.000000,28.825481
1.850000,112.000000,28.826742
1.900000,112.000000,28.828946
1.950000,112.000000,28.832743
2.000000,112.000000,28.839165
2.050000,112.000000,28.849821
2.100000,112.000000,28.867159
2.150000,112.000000,28.894816
2.200000,112.000000,28.938067
2.250000,112.000000,29.004367
2.300000,112.000000,29.103979
2.350000,112.000000,29.250641
2.400000,112.000000,29.462218
2.450000,112.000000,29.761226
2.500000,112.000000,30.175107
2.550000,112.000000,30.736072
2.600000,112.000000,31.480367
2.650000,112.000000,32.446776
2.700000,112.000000,33.674252
2.750000,112.000000,35.198651
2.800000,112.000000,37.048661
2.850000,112.000000,39.241152
2.900000,112.000000,41.776374
2.950000,112.000000,44.633538
3.000000,112.000000,47.767419
3.050000,112.000000,51.106657
3.100000,112.000000,54.554309
3.150000,112.000000,57.991044
3.200000,112.000000,61.281065
3.250000,112.000000,64.280469
3.300000,112.000000,66.847415
3.350000,112.000000,68.853132
3.400000,112.000000,70.192581
3.450000,112.000000,70.793567
3.500000,112.000000,70.623180
3.550000,112.000000,69.690782
3.600000,112.000000,68.047155
3.650000,112.000000,65.779919
3.700000,112.000000,63.005798
3.750000,112.000000,59.860677
3.800000,112.000000,56.488633
3.850000,112.000000,53.031171
3.900000,112.000000,49.617738
3.950000,112.000000,46.358383
4.000000,112.000000,43.339026
4.050000,112.000000,40.619452
4.100000,112.000000,38.233807
4.150000,112.000000,36.193131
4.200000,112.000000,34.489278
4.250000,112.000000,33.099586
4.300000,112.000000,31.991666
4.350000,112.000000,31.127841
4.400000,112.000000,30.468884
4.450000,112.000000,29.976888
4.500000,112.000000,29.617247
4.550000,112.000000,29.359796
4.600000,112.000000,29.179271
4.650000,112.000000,29.055254
4.700000,112.000000,28.971771
4.750000,112.000000,28.916695
4.800000,112.000000,28.881082
4.850000,112.000000,28.858512
4.900000,112.000000,28.844500
4.950000,112.000000,28.836025
5.000000,112.000000,28.831190
5.050000,112.000000,28.829123
5.100000,112.000000,28.830284
5.150000,112.000000,28.837494
5.200000,112.000000,28.858123
5.250000,112.000000,28.907704
5.300000,112.000000,29.014376
5.350000,112.000000,29.221901
5.400000,112.000000,29.586874
5.450000,112.000000,30.165162
5.500000,112.000000,30.985833
5.550000,112.000000,32.018973
5.600000,112.000000,33.153262
5.650000,112.000000,34.202506
5.700000,112.000000,34.950471
5.750000,112.000000,35.222232
5.800000,112.000000,34.950471
5.850000,112.000000,34.202505
5.900000,112.000000,33.153260
5.950000,112.000000,32.018968
6.000000,112.000000,30.985824
0.000000,113.000000,25.014548
0.050000,113.000000,24.363105
0.100000,113.000000,23.749158
0.150000,113.000000,23.214458
0.200000,113.000000,22.798716
0.250000,113.000000,22.534756
0.300000,113.000000,22.444246
0.350000,113.000000,22.534756
0.400000,113.000000,22.798716
0.450000,113.000000,23.214458
0.500000,113.000000,23.749158
0.550000,113.000000,24.363105
0.600000,113.000000,25.014548
0.650000,113.000000,25.664292
0.700000,113.000000,26.279361
0.750000,113.000000,26.835310
0.800000,113.000000,27.317048
0.850000,113.000000,27.718347
0.900000,113.000000,28.040370
0.950000,113.000000,28.289673
1.000000,113.000000,28.476096
1.050000,113.000000,28.610868
1.100000,113.000000,28.705133
1.150000,113.000000,28.768961
1.200000,113.000000,28.810819
1.250000,113.000000,28.837418
1.300000,113.000000,28.853801
1.350000,113.000000,28.863586
1.400000,113.000000,28.869254
1.450000,113.000000,28.872442
1.500000,113.000000,28.874187
1.550000,113.000000,28.875125
1.600000,113.000000,28.875637
1.650000,113.000000,28.875952
1.700000,113.000000,28.876220
1.750000,113.000000,28.876564
1.800000,113.000000,28.877124
1.850000,113.000000,28.878103
1.900000,113.000000,28.879827
1.950000,113.000000,28.882821
2.000000,113.000000,28.887929
2.050000,113.000000,28.896477
2.100000,113.000000,28.910507
2.150000,113.000000,28.933081
2.200000,113.000000,28.968695
2.250000,113.000000,29.023771
2.300000,113.000000,29.107254
2.350000,113.000000,29.231271
2.400000,113.000000,29.411796
2.450000,113.000000,29.669247
2.500000,113.000000,30.028888
2.550000,113.000000,30.520884
2.600000,113.000000,31.179841
2.650000,113.000000,32.043666
2.700000,113.000000,33.151586
2.750000,113.000000,34.541278
2.800000,113.000000,36.245131
2.850000,113.000000,38.285807
2.900000,113.000000,40.671452
2.950000,113.000000,43.391026
3.000000,113.000000,46.410383
3.050000,113.000000,49.669738
3.100000,113.000000,53.083171
3.150000,113.000000,56.540633
3.200000,113.000000,59.912677
3.250000,113.000000,63.057798
3.300000,113.000000,65.831919
3.350000,113.000000,68.099155
3.400000,113.000000,69.742782
3.450000,113.000000,70.675180
3.500000,113.000000,70.845567
3.550000,113.000000,70.244581
3.600000,113.000000,68.905132
3.650000,113.000000,66.899415
3.700000,113.000000,64.332469
3.750000,113.000000,61.333065
3.800000,113.000000,58.043044
3.850000,113.000000,54.606309
3.900000,113.000000,51.158657
3.950000,113.000000,47.819419
4.000000,113.000000,44.685538
4.050000,113.000000,41.828374
4.100000,113.000000,39.293152
4.150000,113.000000,37.100661
4.200000,113.000000,35.250651
4.250000,113.000000,33.726252
4.300000,113.000000,32.498776
4.350000,113.000000,31.532367
4.400000,113.000000,30.788072
4.450000,113.000000,30.227107
4.500000,113.000000,29.813226
4.550000,113.000000,29.514218
4.600000,113.000000,29.302641
4.650000,113.000000,29.155979
4.700000,113.000000,29.056367
4.750000,113.000000,28.990067
4.800000,113.000000,28.946817
4.850000,113.000000,28.919165
4.900000,113.000000,28.901848
4.950000,113.000000,28.891277
5.000000,113.000000,28.885171
5.050000,113.000000,28.882454
5.100000,113.000000,28.883608
5.150000,113.000000,28.891878
5.200000,113.000000,28.915819
5.250000,113.000000,28.973492
5.300000,113.000000,29.097642
5.350000,113.000000,29.339203
5.400000,113.000000,29.764052
5.450000,113.000000,30.437218
5.500000,113.000000,31.392539
5.550000,113.000000,32.595191
5.600000,113.000000,33.915589
5.650000,113.000000,35.136989
5.700000,113.000000,36.007677
5.750000,113.000000,36.324026
5.800000,113.000000,36.007676
5.850000,113.000000,35.136988
5.900000,113.000000,33.915587
5.950000,113.000000,32.595185
6.000000,113.000000,31.392527
0.000000,114.000000,25.059051
0.050000,114.000000,24.406342
0.100000,114.000000,23.791203
0.150000,114.000000,23.255465
0.200000,114.000000,22.838915
0.250000,114.000000,22.574443
0.300000,114.000000,22.483758
0.350000,114.000000,22.574443
0.400000,114.000000,22.838915
0.450000,114.000000,23.255465
0.500000,114.000000,23.791203
0.550000,114.000000,24.406342
0.600000,114.000000,25.059051
0.650000,114.000000,25.710056
0.700000,114.000000,26.326319
0.750000,114.000000,26.883347
0.800000,114.000000,27.366021
0.850000,114.000000,27.768099
0.900000,114.000000,28.090747
0.950000,114.000000,28.340534
1.000000,114.000000,28.527319
1.050000,114.000000,28.662353
1.100000,114.000000,28.756801
1.150000,114.000000,28.820753
1.200000,114.000000,28.862693
1.250000,114.000000,28.889343
1.300000,114.000000,28.905758
1.350000,114.000000,28.915561
1.400000,114.000000,28.921240
1.450000,114.000000,28.924432
1.500000,114.000000,28.926178
1.550000,114.000000,28.927112
1.600000,114.000000,28.927615
1.650000,114.000000,28.927910
1.700000,114.000000,28.928140
1.750000,114.000000,28.928414
1.800000,114.000000,28.928848
1.850000,114.000000,28.929607
1.900000,114.000000,28.930950
1.950000,114.000000,28.933303
2.000000,114.000000,28.937350
2.050000,114.000000,28.944181
2.100000,114.000000,28.955490
2.150000,114.000000,28.973846
2.200000,114.000000,29.003058
2.250000,114.000000,29.048632
2.300000,114.000000,29.118326
2.350000,114.000000,29.222783
2.400000,114.000000,29.376204
2.450000,114.000000,29.596987
2.500000,114.000000,29.908234
2.550000,114.000000,30.337975
2.600000,114.000000,30.918959
2.650000,114.000000,31.687831
2.700000,114.000000,32.683539
2.750000,114.000000,33.944853
2.800000,114.000000,35.506999
2.850000,114.000000,37.397499
2.900000,114.000000,39.631481
2.950000,114.000000,42.206890
3.000000,114.000000,45.100155
3.050000,114.000000,48.262966
3.100000,114.000000,51.620814
3.150000,114.000000,55.073846
3.200000,114.000000,58.500392
3.250000,114.000000,61.763196
3.300000,114.000000,64.718039
3.350000,114.000000,67.224064
3.400000,114.000000,69.154803
3.450000,114.000000,70.408722
3.500000,114.000000,70.918060
3.550000,114.000000,70.654898
3.600000,114.000000,69.633688
3.650000,114.000000,67.909946
3.700000,114.000000,65.575245
3.750000,114.000000,62.749165
3.800000,114.000000,59.569159
3.850000,114.000000,56.179551
3.900000,114.000000,52.720861
3.950000,114.000000,49.320550
4.000000,114.000000,46.085965
4.050000,114.000000,43.099945
4.100000,114.000000,40.419124
4.150000,114.000000,38.074712
4.200000,114.000000,36.075216
4.250000,114.000000,34.410494
4.300000,114.000000,33.056468
4.350000,114.000000,31.979891
4.400000,114.000000,31.142718
4.450000,114.000000,30.505747
4.500000,114.000000,30.031382
4.550000,114.000000,29.685501
4.600000,114.000000,29.438517
4.650000,114.000000,29.265759
4.700000,114.000000,29.147368
4.750000,114.000000,29.067865
4.800000,114.000000,29.015543
4.850000,114.000000,28.981795
4.900000,114.000000,28.960475
4.950000,114.000000,28.947340
5.000000,114.000000,28.939662
5.050000,114.000000,28.936116
5.100000,114.000000,28.937199
5.150000,114.000000,28.946624
5.200000,114.000000,28.974272
5.250000,114.000000,29.041046
5.300000,114.000000,29.184880
5.350000,114.000000,29.464785
5.400000,114.000000,29.957093
5.450000,114.000000,30.737158
5.500000,114.000000,31.844190
5.550000,114.000000,33.237832
5.600000,114.000000,34.767920
5.650000,114.000000,36.183287
5.700000,114.000000,37.192247
5.750000,114.000000,37.558836
5.800000,114.000000,37.192247
5.850000,114.000000,36.183286
5.900000,114.000000,34.767916
5.950000,114.000000,33.237823
6.000000,114.000000,31.844172
0.000000,115.000000,25.103718
0.050000,115.000000,24.449772
0.100000,115.000000,23.833467
0.150000,115.000000,23.296714
0.200000,115.000000,22.879375
0.250000,115.000000,22.614401
0.300000,115.000000,22.523544
0.350000,115.000000,22.614401
0.400000,115.000000,22.879375
0.450000,115.000000,23.296714
0.500000,115.000000,23.833467
0.550000,115.000000,24.449772
0.600000,115.000000,25.103718
0.650000,115.000000,25.755957
0.700000,115.000000,26.373388
0.750000,115.000000,26.931472
0.800000,115.000000,27.415061
0.850000,115.000000,27.817901
0.900000,115.000000,28.141160
0.950000,115.000000,28.391421
1.000000,115.000000,28.578560
1.050000,115.000000,28.713850
1.100000,115.000000,28.808477
1.150000,115.000000,28.872549
1.200000,115.000000,28.914569
1.250000,115.000000,28.941270
1.300000,115.000000,28.957716
1.350000,115.000000,28.967537
1.400000,115.000000,28.973226
1.450000,115.000000,28.976424
1.500000,115.000000,28.978170
1.550000,115.000000,28.979103
1.600000,115.000000,28.979598
1.650000,115.000000,28.979878
1.700000,115.000000,28.980079
1.750000,115.000000,28.980299
1.800000,115.000000,28.980636
1.850000,115.000000,28.981223
1.900000,115.000000,28.982266
1.950000,115.000000,28.984108
2.000000,115.000000,28.987302
2.050000,115.000000,28.992741
2.100000,115.000000,29.001822
2.150000,115.000000,29.016691
2.200000,115.000000,29.040560
2.250000,115.000000,29.078126
2.300000,115.000000,29.136082
2.350000,115.000000,29.223719
2.400000,115.000000,29.353591
2.450000,115.000000,29.542176
2.500000,115.000000,29.810459
2.550000,115.000000,30.184295
2.600000,115.000000,30.694420
2.650000,115.000000,31.375913
2.700000,115.000000,32.266958
2.750000,115.000000,33.406767
2.800000,115.000000,34.832598
2.850000,115.000000,36.575914
2.900000,115.000000,38.657893
2.950000,115.000000,41.084615
3.000000,115.000000,43.842455
3.050000,115.000000,46.894288
3.100000,115.000000,50.177173
3.150000,115.000000,53.602138
3.200000,115.000000,57.056500
3.250000,115.000000,60.408929
3.300000,115.000000,63.517080
3.350000,115.000000,66.237271
3.400000,115.000000,68.435349
3.450000,115.000000,69.997589
3.500000,115.000000,70.840439
3.550000,115.000000,70.917916
3.600000,115.000000,70.225760
3.650000,115.000000,68.801827
3.700000,115.000000,66.722656
3.750000,115.000000,64.096656
3.800000,115.000000,61.054747
3.850000,115.000000,57.739593
3.900000,115.000000,54.294634
3.950000,115.000000,50.854088
4.000000,115.000000,47.534860
4.050000,115.000000,44.430937
4.100000,115.000000,41.610523
4.150000,115.000000,39.115783
4.200000,115.000000,36.964774
4.250000,115.000000,35.155006
4.300000,115.000000,33.667935
4.350000,115.000000,32.473776
4.400000,115.000000,31.536101
4.450000,115.000000,30.815822
4.500000,115.000000,30.274352
4.550000,115.000000,29.875867
4.600000,115.000000,29.588701
4.650000,115.000000,29.386008
4.700000,115.000000,29.245848
4.750000,115.000000,29.150885
4.800000,115.000000,29.087832
4.850000,115.000000,29.046803
4.900000,115.000000,29.020654
4.950000,115.000000,29.004397
5.000000,115.000000,28.994781
5.050000,115.000000,28.990186
5.100000,115.000000,28.991111
5.150000,115.000000,29.001780
5.200000,115.000000,29.033548
5.250000,115.000000,29.110503
5.300000,115.000000,29.276381
5.350000,115.000000,29.599245
5.400000,115.000000,30.167141
5.450000,115.000000,31.066990
5.500000,115.000000,32.344019
5.550000,115.000000,33.951673
5.600000,115.000000,35.716728
5.650000,115.000000,37.349446
5.700000,115.000000,38.513347
5.750000,115.000000,38.936231
5.800000,115.000000,38.513346
5.850000,115.000000,37.349443
5.900000,115.000000,35.716722
5.950000,115.000000,33.951661
6.000000,115.000000,32.343994
0.000000,116.000000,25.148546
0.050000,116.000000,24.493390
0.100000,116.000000,23.875945
0.150000,116.000000,23.338199
0.200000,116.000000,22.920087
0.250000,116.000000,22.654624
0.300000,116.000000,22.563598
0.350000,116.000000,22.654624
0.400000,116.000000,22.920087
0.450000,116.000000,23.338199
0.500000,116.000000,23.875945
0.550000,116.000000,24.493390
0.600000,116.000000,25.148546
0.650000,116.000000,25.801992
0.700000,116.000000,26.420566
0.750000,116.000000,26.979682
0.800000,116.000000,27.464165
0.850000,116.000000,27.867751
0.900000,116.000000,28.191608
0.950000,116.000000,28.442332
1.000000,116.000000,28.629817
1.050000,116.000000,28.765357
1.100000,116.000000,28.860160
1.150000,116.000000,28.924351
1.200000,116.000000,28.966448
1.250000,116.000000,28.993198
1.300000,116.000000,29.009674
1.350000,116.000000,29.019514
1.400000,116.000000,29.025213
1.450000,116.000000,29.028416
1.500000,116.000000,29.030164
1.550000,116.000000,29.031095
1.600000,116.000000,29.031585
1.650000,116.000000,29.031854
1.700000,116.000000,29.032033
1.750000,116.000000,29.032213
1.800000,116.000000,29.032475
1.850000,116.000000,29.032927
1.900000,116.000000,29.033735
1.950000,116.000000,29.035170
2.000000,116.000000,29.037683
2.050000,116.000000,29.041996
2.100000,116.000000,29.049261
2.150000,116.000000,29.061259
2.200000,116.000000,29.080688
2.250000,116.000000,29.111534
2.300000,116.000000,29.159542
2.350000,116.000000,29.232781
2.400000,116.000000,29.342286
2.450000,116.000000,29.502731
2.500000,116.000000,29.733054
2.550000,116.000000,30.056943
2.600000,116.000000,30.503016
2.650000,116.000000,31.104549
2.700000,116.000000,31.898562
2.750000,116.000000,32.924130
2.800000,116.000000,34.219795
2.850000,116.000000,35.820090
2.900000,116.000000,37.751304
2.950000,116.000000,40.026753
3.000000,116.000000,42.642012
3.050000,116.000000,45.570685
3.100000,116.000000,48.761352
3.150000,116.000000,52.136368
3.200000,116.000000,55.593021
3.250000,116.000000,59.007390
3.300000,116.000000,62.240888
3.350000,116.000000,65.149129
3.400000,116.000000,67.592400
3.450000,116.000000,69.446688
3.500000,116.000000,70.614093
3.550000,116.000000,71.031379
3.600000,116.000000,70.675651
3.650000,116.000000,69.566435
3.700000,116.000000,67.763906
3.750000,116.000000,65.363474
3.800000,116.000000,62.487426
3.850000,116.000000,59.274628
3.900000,116.000000,55.869490
3.950000,116.000000,52.411417
4.000000,116.000000,49.025777
4.050000,116.000000,45.817158
4.100000,116.000000,42.865289
4.150000,116.000000,40.223669
4.200000,116.000000,37.920606
4.250000,116.000000,35.962138
4.300000,116.000000,34.336195
4.350000,116.000000,33.017350
4.400000,116.000000,31.971564
4.450000,116.000000,31.160476
4.500000,116.000000,30.544948
4.550000,116.000000,30.087720
4.600000,116.000000,29.755174
4.650000,116.000000,29.518302
4.700000,116.000000,29.353025
4.750000,116.000000,29.240038
4.800000,116.000000,29.164348
4.850000,116.000000,29.114661
4.900000,116.000000,29.082712
4.950000,116.000000,29.062667
5.000000,116.000000,29.050674
5.050000,116.000000,29.044760
5.100000,116.000000,29.045407
5.150000,116.000000,29.057397
5.200000,116.000000,29.093716
5.250000,116.000000,29.181991
5.300000,116.000000,29.372419
5.350000,116.000000,29.743146
5.400000,116.000000,30.395269
5.450000,116.000000,31.428595
5.500000,116.000000,32.895061
5.550000,116.000000,34.741200
5.600000,116.000000,36.768091
5.650000,116.000000,38.643014
5.700000,116.000000,39.979574
5.750000,116.000000,40.465190
5.800000,116.000000,39.979572
5.850000,116.000000,38.643011
5.900000,116.000000,36.768083
5.950000,116.000000,34.741184
6.000000,116.000000,32.895027
0.000000,117.000000,25.193532
0.050000,117.000000,24.537193
0.100000,117.000000,23.918633
0.150000,117.000000,23.379915
0.200000,117.000000,22.961048
0.250000,117.000000,22.695105
0.300000,117.000000,22.603915
0.350000,117.000000,22.695105
0.400000,117.000000,22.961048
0.450000,117.000000,23.379915
0.500000,117.000000,23.918633
0.550000,117.000000,24.537193
0.600000,117.000000,25.193532
0.650000,117.000000,25.848158
0.700000,117.000000,26.467849
0.750000,117.000000,27.027975
0.800000,117.000000,27.513333
0.850000,117.000000,27.917648
0.900000,117.000000,28.242090
0.950000,117.000000,28.493267
1.000000,117.000000,28.681091
1.050000,117.000000,28.816876
1.100000,117.000000,28.911849
1.150000,117.000000,28.976156
1.200000,117.000000,29.018329
1.250000,117.000000,29.045128
1.300000,117.000000,29.061634
1.350000,117.000000,29.071491
1.400000,117.000000,29.077200
1.450000,117.000000,29.080408
1.500000,117.000000,29.082159
1.550000,117.000000,29.083089
1.600000,117.000000,29.083576
1.650000,117.000000,29.083836
1.700000,117.000000,29.083999
1.750000,117.000000,29.084147
1.800000,117.000000,29.084352
1.850000,117.000000,29.084699
1.900000,117.000000,29.085323
1.950000,117.000000,29.086438
2.000000,117.000000,29.088406
2.050000,117.000000,29.091815
2.100000,117.000000,29.097604
2.150000,117.000000,29.107249
2.200000,117.000000,29.123003
2.250000,117.000000,29.148234
2.300000,117.000000,29.187848
2.350000,117.000000,29.248817
2.400000,117.000000,29.340788
2.450000,117.000000,29.476751
2.500000,117.000000,29.673698
2.550000,117.000000,29.953184
2.600000,117.000000,30.341660
2.650000,117.000000,30.870421
2.700000,117.000000,31.575000
2.750000,117.000000,32.493834
2.800000,117.000000,33.666075
2.850000,117.000000,35.128501
2.900000,117.000000,36.911591
2.950000,117.000000,39.034966
3.000000,117.000000,41.502574
3.050000,117.000000,44.298149
3.100000,117.000000,47.381551
3.150000,117.000000,50.686684
3.200000,117.000000,54.121551
3.250000,117.000000,57.570912
3.300000,117.000000,60.901667
3.350000,117.000000,63.970764
3.400000,117.000000,66.635081
3.450000,117.000000,68.762351
3.500000,117.000000,70.241993
3.550000,117.000000,70.994628
3.600000,117.000000,70.979131
3.650000,117.000000,70.196354
3.700000,117.000000,68.689049
3.750000,117.000000,66.537996
3.800000,117.000000,63.854839
3.850000,117.000000,60.772494
3.900000,117.000000,57.434285
3.950000,117.000000,53.983043
4.000000,117.000000,50.551294
4.050000,117.000000,47.253432
4.100000,117.000000,44.180449
4.150000,117.000000,41.397391
4.200000,117.000000,38.943388
4.250000,117.000000,36.833820
4.300000,117.000000,35.064021
4.350000,117.000000,33.613843
4.400000,117.000000,32.452473
4.450000,117.000000,31.542965
4.500000,117.000000,30.846143
4.550000,117.000000,30.323650
4.600000,117.000000,29.940104
4.650000,117.000000,29.664395
4.700000,117.000000,29.470269
4.750000,117.000000,29.336363
4.800000,117.000000,29.245859
4.850000,117.000000,29.185918
4.900000,117.000000,29.147033
4.950000,117.000000,29.122413
5.000000,117.000000,29.107514
5.050000,117.000000,29.099951
5.100000,117.000000,29.100165
5.150000,117.000000,29.113536
5.200000,117.000000,29.154847
5.250000,117.000000,29.255631
5.300000,117.000000,29.473246
5.350000,117.000000,29.896998
5.400000,117.000000,30.642448
5.450000,117.000000,31.823681
5.500000,117.000000,33.500062
5.550000,117.000000,35.610471
5.600000,117.000000,37.927507
5.650000,117.000000,40.070823
5.700000,117.000000,41.598710
5.750000,117.000000,42.153842
5.800000,117.000000,41.598708
5.850000,117.000000,40.070819
5.900000,117.000000,37.927497
5.950000,117.000000,35.610448
6.000000,117.000000,33.500016
0.000000,118.000000,25.238672
0.050000,118.000000,24.581176
0.100000,118.000000,23.961524
0.150000,118.000000,23.421857
0.200000,118.000000,23.002252
0.250000,118.000000,22.735840
0.300000,118.000000,22.644489
0.350000,118.000000,22.735840
0.400000,118.000000,23.002252
0.450000,118.000000,23.421857
0.500000,118.000000,23.961524
0.550000,118.000000,24.581176
0.600000,118.000000,25.238672
0.650000,118.000000,25.894452
0.700000,118.000000,26.515236
0.750000,118.000000,27.076350
0.800000,118.000000,27.562564
0.850000,118.000000,27.967591
0.900000,118.000000,28.292606
0.950000,118.000000,28.544225
1.000000,118.000000,28.732380
1.050000,118.000000,28.868405
1.100000,118.000000,28.963546
1.150000,118.000000,29.027966
1.200000,118.000000,29.070214
1.250000,118.000000,29.097059
1.300000,118.000000,29.113594
1.350000,118.000000,29.123469
1.400000,118.000000,29.129188
1.450000,118.000000,29.132401
1.500000,118.000000,29.134154
1.550000,118.000000,29.135084
1.600000,118.000000,29.135568
1.650000,118.000000,29.135823
1.700000,118.000000,29.135974
1.750000,118.000000,29.136098
1.800000,118.000000,29.136258
1.850000,118.000000,29.136525
1.900000,118.000000,29.137005
1.950000,118.000000,29.137868
2.000000,118.000000,29.139405
2.050000,118.000000,29.142087
2.100000,118.000000,29.146684
2.150000,118.000000,29.154407
2.200000,118.000000,29.167133
2.250000,118.000000,29.187691
2.300000,118.000000,29.220253
2.350000,118.000000,29.270811
2.400000,118.000000,29.347754
2.450000,118.000000,29.462519
2.500000,118.000000,29.630258
2.550000,118.000000,29.870462
2.600000,118.000000,30.207406
2.650000,118.000000,30.670292
2.700000,118.000000,31.292908
2.750000,118.000000,32.112627
2.800000,118.000000,33.168616
2.850000,118.000000,34.499133
2.900000,118.000000,36.137962
2.950000,118.000000,38.110087
3.000000,118.000000,40.426944
3.050000,118.000000,43.081678
3.100000,118.000000,46.045019
3.150000,118.000000,49.262423
3.200000,118.000000,52.653123
3.250000,118.000000,56.111605
3.300000,118.000000,59.511791
3.350000,118.000000,62.713891
3.400000,118.000000,65.573505
3.450000,118.000000,67.952222
3.500000,118.000000,69.728640
3.550000,118.000000,70.808614
3.600000,118.000000,71.133515
3.650000,118.000000,70.685504
3.700000,118.000000,69.489156
3.750000,118.000000,67.609224
3.800000,118.000000,65.144834
3.850000,118.000000,62.220832
3.900000,118.000000,58.977334
3.950000,118.000000,55.558684
4.000000,118.000000,52.103040
4.050000,118.000000,48.733584
4.100000,118.000000,45.552080
4.150000,118.000000,42.635130
4.200000,118.000000,40.033114
4.250000,118.000000,37.771483
4.300000,118.000000,35.853864
4.350000,118.000000,34.266328
4.400000,118.000000,32.982170
4.450000,118.000000,31.966618
4.500000,118.000000,31.181048
4.550000,118.000000,30.586424
4.600000,118.000000,30.145848
4.650000,118.000000,29.826218
4.700000,118.000000,29.599112
4.750000,118.000000,29.441039
4.800000,118.000000,29.333242
4.850000,118.000000,29.261211
4.900000,118.000000,29.214068
4.950000,118.000000,29.183945
5.000000,118.000000,29.165511
5.050000,118.000000,29.155899
5.100000,118.000000,29.155478
5.150000,118.000000,29.170266
5.200000,118.000000,29.217009
5.250000,118.000000,29.331536
5.300000,118.000000,29.579079
5.350000,118.000000,30.061243
5.400000,118.000000,30.909515
5.450000,118.000000,32.253713
5.500000,118.000000,34.161386
5.550000,118.000000,36.562976
5.600000,118.000000,39.199706
5.650000,118.000000,41.638748
5.700000,118.000000,43.377447
5.750000,118.000000,44.009173
5.800000,118.000000,43.377444
5.850000,118.000000,41.638742
5.900000,118.000000,39.199692
5.950000,118.000000,36.562945
6.000000,118.000000,34.161322
0.000000,119.000000,25.283962
0.050000,119.000000,24.625335
0.100000,119.000000,24.004617
0.150000,119.000000,23.464020
0.200000,119.000000,23.043693
0.250000,119.000000,22.776822
0.300000,119.000000,22.685314
0.350000,119.000000,22.776822
0.400000,119.000000,23.043693
0.450000,119.000000,23.464020
0.500000,119.000000,24.004617
0.550000,119.000000,24.625335
0.600000,119.000000,25.283962
0.650000,119.000000,25.940872
0.700000,119.000000,26.562724
0.750000,119.000000,27.124804
0.800000,119.000000,27.611855
0.850000,119.000000,28.017580
0.900000,119.000000,28.343154
0.950000,119.000000,28.595207
1.000000,119.000000,28.783686
1.050000,119.000000,28.919944
1.100000,119.000000,29.015249
1.150000,119.000000,29.079780
1.200000,119.000000,29.122100
1.250000,119.000000,29.148992
1.300000,119.000000,29.165556
1.350000,119.000000,29.175447
1.400000,119.000000,29.181176
1.450000,119.000000,29.184394
1.500000,119.000000,29.186150
1.550000,119.000000,29.187080
1.600000,119.000000,29.187563
1.650000,119.000000,29.187813
1.700000,119.000000,29.187955
1.750000,119.000000,29.188061
1.800000,119.000000,29.188188
1.850000,119.000000,29.188393
1.900000,119.000000,29.188760
1.950000,119.000000,29.189427
2.000000,119.000000,29.190621
2.050000,119.000000,29.192725
2.100000,119.000000,29.196360
2.150000,119.000000,29.202522
2.200000,119.000000,29.212762
2.250000,119.000000,29.229450
2.300000,119.000000,29.256112
2.350000,119.000000,29.297874
2.400000,119.000000,29.361994
2.450000,119.000000,29.458485
2.500000,119.000000,29.600784
2.550000,119.000000,29.806403
2.600000,119.000000,30.097473
2.650000,119.000000,30.501039
2.700000,119.000000,31.048949
2.750000,119.000000,31.777172
2.800000,119.000000,32.724362
2.850000,119.000000,33.929568
2.900000,119.000000,35.429034
2.950000,119.000000,37.252187
3.000000,119.000000,39.417020
3.050000,119.000000,41.925285
3.100000,119.000000,44.758018
3.150000,119.000000,47.872039
3.200000,119.000000,51.198090
3.250000,119.000000,54.641193
3.300000,119.000000,58.083629
3.350000,119.000000,61.390636
3.400000,119.000000,64.418606
3.450000,119.000000,67.025131
3.500000,119.000000,69.079989
3.550000,119.000000,70.475881
3.600000,119.000000,71.137705
3.650000,119.000000,71.029248
3.700000,119.000000,70.156470
3.750000,119.000000,68.566963
3.800000,119.000000,66.345648
3.850000,119.000000,63.607262
3.900000,119.000000,60.486557
3.950000,119.000000,57.127361
4.000000,119.000000,53.671755
4.050000,119.000000,50.250456
4.100000,119.000000,46.975273
4.150000,119.000000,43.934168
4.200000,119.000000,41.189025
4.250000,119.000000,38.775976
4.300000,119.000000,36.707777
4.350000,119.000000,34.977651
4.400000,119.000000,33.563918
4.450000,119.000000,32.434799
4.500000,119.000000,31.552891
4.550000,119.000000,30.878971
4.600000,119.000000,30.374945
4.650000,119.000000,30.005889
4.700000,119.000000,29.741258
4.750000,119.000000,29.555393
4.800000,119.000000,29.427501
4.850000,119.000000,29.341278
4.900000,119.000000,29.284344
4.950000,119.000000,29.247631
5.000000,119.000000,29.224916
5.050000,119.000000,29.212770
5.100000,119.000000,29.211455
5.150000,119.000000,29.227665
5.200000,119.000000,29.280275
5.250000,119.000000,29.409804
5.300000,119.000000,29.690100
5.350000,119.000000,30.236234
5.400000,119.000000,31.197137
5.450000,119.000000,32.719858
5.500000,119.000000,34.880908
5.550000,119.000000,37.601489
5.600000,119.000000,40.588445
5.650000,119.000000,43.351457
5.700000,119.000000,45.321101
5.750000,119.000000,46.036737
5.800000,119.000000,45.321097
5.850000,119.000000,43.351447
5.900000,119.000000,40.588425
5.950000,119.000000,37.601446
6.000000,119.000000,34.880822
0.000000,120.000000,25.329401
0.050000,120.000000,24.669666
0.100000,120.000000,24.047905
0.150000,120.000000,23.506399
0.200000,120.000000,23.085365
0.250000,120.000000,22.818046
0.300000,120.000000,22.726384
0.350000,120.000000,22.818046
0.400000,120.000000,23.085365
0.450000,120.000000,23.506399
0.500000,120.000000,24.047905
0.550000,120.000000,24.669666
0.600000,120.000000,25.329401
0.650000,120.000000,25.987414
0.700000,120.000000,26.610312
0.750000,120.000000,27.173336
0.800000,120.000000,27.661206
0.850000,120.000000,28.067613
0.900000,120.000000,28.393734
0.950000,120.000000,28.646210
1.000000,120.000000,28.835006
1.050000,120.000000,28.971494
1.100000,120.000000,29.066958
1.150000,120.000000,29.131598
1.200000,120.000000,29.173990
1.250000,120.000000,29.200927
1.300000,120.000000,29.217518
1.350000,120.000000,29.227426
1.400000,120.000000,29.233164
1.450000,120.000000,29.236388
1.500000,120.000000,29.238146
1.550000,120.000000,29.239077
1.600000,120.000000,29.239559
1.650000,120.000000,29.239806
1.700000,120.000000,29.239941
1.750000,120.000000,29.240034
1.800000,120.000000,29.240135
1.850000,120.000000,29.240292
1.900000,120.000000,29.240573
1.950000,120.000000,29.241085
2.000000,120.000000,29.242011
2.050000,120.000000,29.243654
2.100000,120.000000,29.246519
2.150000,120.000000,29.251416
2.200000,120.000000,29.259625
2.250000,120.000000,29.273118
2.300000,120.000000,29.294866
2.350000,120.000000,29.329229
2.400000,120.000000,29.382456
2.450000,120.000000,29.463267
2.500000,120.000000,29.583509
2.550000,120.000000,29.758824
2.600000,120.000000,30.009257
2.650000,120.000000,30.359676
2.700000,120.000000,30.839863
2.750000,120.000000,31.484103
2.800000,120.000000,32.330096
2.850000,120.000000,33.417059
2.900000,120.000000,34.782921
2.950000,120.000000,36.460648
3.000000,120.000000,38.473856
3.050000,120.000000,40.832027
3.100000,120.000000,43.525817
3.150000,120.000000,46.523043
3.200000,120.000000,49.766019
3.250000,120.000000,53.170879
3.300000,120.000000,56.629366
3.350000,120.000000,60.013345
3.400000,120.000000,63.181955
3.450000,120.000000,65.990936
3.500000,120.000000,68.303339
3.550000,120.000000,70.000521
3.600000,120.000000,70.992213
3.650000,120.000000,71.224470
3.700000,120.000000,70.684534
3.750000,120.000000,69.401993
3.800000,120.000000,67.446095
3.850000,120.000000,64.919557
3.900000,120.000000,61.949633
3.950000,120.000000,58.677525
4.000000,120.000000,55.247363
4.050000,120.000000,51.795930
4.100000,120.000000,48.444128
4.150000,120.000000,45.290842
4.200000,120.000000,42.409536
4.250000,120.000000,39.847488
4.300000,120.000000,37.627335
4.350000,120.000000,35.750358
4.400000,120.000000,34.200839
4.450000,120.000000,32.950862
4.500000,120.000000,31.964984
4.550000,120.000000,31.204366
4.600000,120.000000,30.630114
4.650000,120.000000,30.205712
4.700000,120.000000,29.898589
4.750000,120.000000,29.680911
4.800000,120.000000,29.529775
4.850000,120.000000,29.426967
4.900000,120.000000,29.358474
4.950000,120.000000,29.313903
5.000000,120.000000,29.286024
5.050000,120.000000,29.270762
5.100000,120.000000,29.268229
5.150000,120.000000,29.285823
5.200000,120.000000,29.344715
5.250000,120.000000,29.490514
5.300000,120.000000,29.806441
5.350000,120.000000,30.422220
5.400000,120.000000,31.505776
5.450000,120.000000,33.222918
5.500000,120.000000,35.659920
5.550000,120.000000,38.727913
5.600000,120.000000,42.096303
5.650000,120.000000,45.212153
5.700000,120.000000,47.433321
5.750000,120.000000,48.240345
5.800000,120.000000,47.433316
5.850000,120.000000,45.212139
5.900000,120.000000,42.096275
5.950000,120.000000,38.727855
6.000000,120.000000,35.659804
0.000000,121.000000,25.374983
0.050000,121.000000,24.714165
0.100000,121.000000,24.091384
0.150000,121.000000,23.548990
0.200000,121.000000,23.127265
0.250000,121.000000,22.859507
0.300000,121.000000,22.767695
0.350000,121.000000,22.859507
0.400000,121.000000,23.127265
0.450000,121.000000,23.548990
0.500000,121.000000,24.091384
0.550000,121.000000,24.714165
0.600000,121.000000,25.374983
0.650000,121.000000,26.034077
0.700000,121.000000,26.657996
0.750000,121.000000,27.221945
0.800000,121.000000,27.710615
0.850000,121.000000,28.117689
0.900000,121.000000,28.444345
0.950000,121.000000,28.697236
1.000000,121.000000,28.886341
1.050000,121.000000,29.023053
1.100000,121.000000,29.118674
1.150000,121.000000,29.183420
1.200000,121.000000,29.225881
1.250000,121.000000,29.252863
1.300000,121.000000,29.269481
1.350000,121.000000,29.279405
1.400000,121.000000,29.285153
1.450000,121.000000,29.288382
1.500000,121.000000,29.290142
1.550000,121.000000,29.291075
1.600000,121.000000,29.291556
1.650000,121.000000,29.291801
1.700000,121.000000,29.291930
1.750000,121.000000,29.292013
1.800000,121.000000,29.292095
1.850000,121.000000,29.292216
1.900000,121.000000,29.292430
1.950000,121.000000,29.292822
2.000000,121.000000,29.293537
2.050000,121.000000,29.294816
2.100000,121.000000,29.297065
2.150000,121.000000,29.300942
2.200000,121.000000,29.307497
2.250000,121.000000,29.318367
2.300000,121.000000,29.336038
2.350000,121.000000,29.364205
2.400000,121.000000,29.408218
2.450000,121.000000,29.475633
2.500000,121.000000,29.576838
2.550000,121.000000,29.725723
2.600000,121.000000,29.940333
2.650000,121.000000,30.243377
2.700000,121.000000,30.662492
2.750000,121.000000,31.230071
2.800000,121.000000,31.982497
2.850000,121.000000,32.958609
2.900000,121.000000,34.197306
2.950000,121.000000,35.734243
3.000000,121.000000,37.597723
3.050000,121.000000,39.804044
3.100000,121.000000,42.352697
3.150000,121.000000,45.221969
3.200000,121.000000,48.365610
3.250000,121.000000,51.711209
3.300000,121.000000,55.160847
3.350000,121.000000,58.594406
3.400000,121.000000,61.875586
3.450000,121.000000,64.860364
3.500000,121.000000,67.407210
3.550000,121.000000,69.388101
3.600000,121.000000,70.699153
3.650000,121.000000,71.269639
3.700000,121.000000,71.068308
3.750000,121.000000,70.106221
3.800000,121.000000,68.435744
3.850000,121.000000,66.145830
3.900000,121.000000,63.354170
3.950000,121.000000,60.197188
4.000000,121.000000,56.819063
4.050000,121.000000,53.360984
4.100000,121.000000,49.951750
4.150000,121.000000,46.700517
4.200000,121.000000,43.692179
4.250000,121.000000,40.985470
4.300000,121.000000,38.613554
4.350000,121.000000,36.586620
4.400000,121.000000,34.895849
4.450000,121.000000,33.518098
4.500000,121.000000,32.420687
4.550000,121.000000,31.565809
4.600000,121.000000,30.914241
4.650000,121.000000,30.428178
4.700000,121.000000,30.073172
4.750000,121.000000,29.819250
4.800000,121.000000,29.641349
4.850000,121.000000,29.519245
4.900000,121.000000,29.437167
4.950000,121.000000,29.383266
5.000000,121.000000,29.349188
5.050000,121.000000,29.330116
5.100000,121.000000,29.325959
5.150000,121.000000,29.344846
5.200000,121.000000,29.410403
5.250000,121.000000,29.573730
5.300000,121.000000,29.928177
5.350000,121.000000,30.619324
5.400000,121.000000,31.835649
5.450000,121.000000,33.763268
5.500000,121.000000,36.499021
5.550000,121.000000,39.943133
5.600000,121.000000,43.724476
5.650000,121.000000,47.222321
5.700000,121.000000,49.715801
5.750000,121.000000,50.621764
5.800000,121.000000,49.715794
5.850000,121.000000,47.222303
5.900000,121.000000,43.724438
5.950000,121.000000,39.943054
6.000000,121.000000,36.498863
0.000000,122.000000,25.420707
0.050000,122.000000,24.758830
0.100000,122.000000,24.135051
0.150000,122.000000,23.591788
0.200000,122.000000,23.169387
0.250000,122.000000,22.901200
0.300000,122.000000,22.809240
0.350000,122.000000,22.901200
0.400000,122.000000,23.169387
0.450000,122.000000,23.591788
0.500000,122.000000,24.135051
0.550000,122.000000,24.758830
0.600000,122.000000,25.420707
0.650000,122.000000,26.080856
0.700000,122.000000,26.705776
0.750000,122.000000,27.270628
0.800000,122.000000,27.760081
0.850000,122.000000,28.167807
0.900000,122.000000,28.494987
0.950000,122.000000,28.748283
1.000000,122.000000,28.937691
1.050000,122.000000,29.074622
1.100000,122.000000,29.170397
1.150000,122.000000,29.235246
1.200000,122.000000,29.277775
1.250000,122.000000,29.304800
1.300000,122.000000,29.321445
1.350000,122.000000,29.331385
1.400000,122.000000,29.337142
1.450000,122.000000,29.340376
1.500000,122.000000,29.342139
1.550000,122.000000,29.343072
1.600000,122.000000,29.343553
1.650000,122.000000,29.343797
1.700000,122.000000,29.343922
1.750000,122.000000,29.343998
1.800000,122.000000,29.344065
1.850000,122.000000,29.344158
1.900000,122.000000,29.344321
1.950000,122.000000,29.344621
2.000000,122.000000,29.345170
2.050000,122.000000,29.346162
2.100000,122.000000,29.347921
2.150000,122.000000,29.350979
2.200000,122.000000,29.356195
2.250000,122.000000,29.364917
2.300000,122.000000,29.379221
2.350000,122.000000,29.402220
2.400000,122.000000,29.438474
2.450000,122.000000,29.494495
2.500000,122.000000,29.579344
2.550000,122.000000,29.705286
2.600000,122.000000,29.888465
2.650000,122.000000,30.149486
2.700000,122.000000,30.513810
2.750000,122.000000,31.011793
2.800000,122.000000,31.678201
2.850000,122.000000,32.551036
2.900000,122.000000,33.669525
2.950000,122.000000,35.071212
3.000000,122.000000,36.788183
3.050000,122.000000,38.842615
3.100000,122.000000,41.241971
3.150000,122.000000,43.974357
3.200000,122.000000,47.004637
3.250000,122.000000,50.271975
3.300000,122.000000,53.689431
3.350000,122.000000,57.146069
3.400000,122.000000,60.511803
3.450000,122.000000,63.644832
3.500000,122.000000,66.401195
3.550000,122.000000,68.645563
3.600000,122.000000,70.262200
3.650000,122.000000,71.164827
3.700000,122.000000,71.304256
3.750000,122.000000,70.672823
3.800000,122.000000,69.305093
3.850000,122.000000,67.274720
3.900000,122.000000,64.687880
3.950000,122.000000,61.674079
4.000000,122.000000,58.375449
4.050000,122.000000,54.935755
4.100000,122.000000,51.490282
4.150000,122.000000,48.157560
4.200000,122.000000,45.033553
4.250000,122.000000,42.188569
4.300000,122.000000,39.666810
4.350000,122.000000,37.488149
4.400000,122.000000,35.651582
4.450000,122.000000,34.139673
4.500000,122.000000,32.923361
4.550000,122.000000,31.966593
4.600000,122.000000,31.230365
4.650000,122.000000,30.675957
4.700000,122.000000,30.267259
4.750000,122.000000,29.972242
4.800000,122.000000,29.763665
4.850000,122.000000,29.619214
4.900000,122.000000,29.521240
4.950000,122.000000,29.456309
5.000000,122.000000,29.414820
5.050000,122.000000,29.391113
5.100000,122.000000,29.384834
5.150000,122.000000,29.404856
5.200000,122.000000,29.477415
5.250000,122.000000,29.659494
5.300000,122.000000,30.055323
5.350000,122.000000,30.827529
5.400000,122.000000,32.186698
5.450000,122.000000,34.340795
5.500000,122.000000,37.398019
5.550000,122.000000,41.246863
5.600000,122.000000,45.472577
5.650000,122.000000,49.381481
5.700000,122.000000,52.167989
5.750000,122.000000,53.180419
5.800000,122.000000,52.167979
5.850000,122.000000,49.381456
5.900000,122.000000,45.472524
5.950000,122.000000,41.246756
6.000000,122.000000,37.397807
0.000000,123.000000,25.466568
0.050000,123.000000,24.803656
0.100000,123.000000,24.178900
0.150000,123.000000,23.634787
0.200000,123.000000,23.211726
0.250000,123.000000,22.943119
0.300000,123.000000,22.851016
0.350000,123.000000,22.943119
0.400000,123.000000,23.211726
0.450000,123.000000,23.634787
0.500000,123.000000,24.178900
0.550000,123.000000,24.803656
0.600000,123.000000,25.466568
0.650000,123.000000,26.127750
0.700000,123.000000,26.753648
0.750000,123.000000,27.319384
0.800000,123.000000,27.809603
0.850000,123.000000,28.217967
0.900000,123.000000,28.545659
0.950000,123.000000,28.799351
1.000000,123.000000,28.989056
1.050000,123.000000,29.126201
1.100000,123.000000,29.222125
1.150000,123.000000,29.287076
1.200000,123.000000,29.329672
1.250000,123.000000,29.356739
1.300000,123.000000,29.373410
1.350000,123.000000,29.383365
1.400000,123.000000,29.389131
1.450000,123.000000,29.392370
1.500000,123.000000,29.394136
1.550000,123.000000,29.395070
1.600000,123.000000,29.395551
1.650000,123.000000,29.395794
1.700000,123.000000,29.395917
1.750000,123.000000,29.395986
1.800000,123.000000,29.396043
1.850000,123.000000,29.396115
1.900000,123.000000,29.396239
1.950000,123.000000,29.396467
2.000000,123.000000,29.396888
2.050000,123.000000,29.397655
2.100000,123.000000,29.399025
2.150000,123.000000,29.401428
2.200000,123.000000,29.405561
2.250000,123.000000,29.412534
2.300000,123.000000,29.424068
2.350000,123.000000,29.442776
2.400000,123.000000,29.472524
2.450000,123.000000,29.518896
2.500000,123.000000,29.589755
2.550000,123.000000,29.695871
2.600000,123.000000,29.851604
2.650000,123.000000,30.075530
2.700000,123.000000,30.390946
2.750000,123.000000,30.826078
2.800000,123.000000,31.413852
2.850000,123.000000,32.191042
2.900000,123.000000,33.196641
2.950000,123.000000,34.469348
3.000000,123.000000,36.044167
3.050000,123.000000,37.948215
3.100000,123.000000,40.196024
3.150000,123.000000,42.784755
3.200000,123.000000,45.689902
3.250000,123.000000,48.862120
3.300000,123.000000,52.225853
3.350000,123.000000,55.680289
3.400000,123.000000,59.102998
3.450000,123.000000,62.356265
3.500000,123.000000,65.295801
3.550000,123.000000,67.781110
3.600000,123.000000,69.686526
3.650000,123.000000,70.911713
3.700000,123.000000,71.390409
3.750000,123.000000,71.096364
3.800000,123.000000,70.045726
3.850000,123.000000,68.295571
3.900000,123.000000,65.938765
3.950000,123.000000,63.095807
4.000000,123.000000,59.904638
4.050000,123.000000,56.509628
4.100000,123.000000,53.050940
4.150000,123.000000,49.655349
4.200000,123.000000,46.429289
4.250000,123.000000,43.454564
4.300000,123.000000,40.786763
4.350000,123.000000,38.456122
4.400000,123.000000,36.470320
4.450000,123.000000,34.818565
4.500000,123.000000,33.476320
4.550000,123.000000,32.410069
4.600000,123.000000,31.581654
4.650000,123.000000,30.951891
4.700000,123.000000,30.483292
4.750000,123.000000,30.141904
4.800000,123.000000,29.898334
4.850000,123.000000,29.728117
4.900000,123.000000,29.611625
4.950000,123.000000,29.533713
5.000000,123.000000,29.483405
5.050000,123.000000,29.454088
5.100000,123.000000,29.445078
5.150000,123.000000,29.465995
5.200000,123.000000,29.545830
5.250000,123.000000,29.747823
5.300000,123.000000,30.187819
5.350000,123.000000,31.046658
5.400000,123.000000,32.558558
5.450000,123.000000,34.954836
5.500000,123.000000,38.355842
5.550000,123.000000,42.637513
5.600000,123.000000,47.338449
5.650000,123.000000,51.686951
5.700000,123.000000,54.786834
5.750000,123.000000,55.913122
5.800000,123.000000,54.786820
5.850000,123.000000,51.686917
5.900000,123.000000,47.338377
5.950000,123.000000,42.637369
6.000000,123.000000,38.355558
0.000000,124.000000,25.512564
0.050000,124.000000,24.848639
0.100000,124.000000,24.222929
0.150000,124.000000,23.677985
0.200000,124.000000,23.254277
0.250000,124.000000,22.985260
0.300000,124.000000,22.893016
0.350000,124.000000,22.985260
0.400000,124.000000,23.254277
0.450000,124.000000,23.677985
0.500000,124.000000,24.222929
0.550000,124.000000,24.848639
0.600000,124.000000,25.512564
0.650000,124.000000,26.174757
0.700000,124.000000,26.801611
0.750000,124.000000,27.368211
0.800000,124.000000,27.859179
0.850000,124.000000,28.268167
0.900000,124.000000,28.596359
0.950000,124.000000,28.850439
1.000000,124.000000,29.040434
1.050000,124.000000,29.177788
1.100000,124.000000,29.273859
1.150000,124.000000,29.338910
1.200000,124.000000,29.381570
1.250000,124.000000,29.408679
1.300000,124.000000,29.425375
1.350000,124.000000,29.435346
1.400000,124.000000,29.441120
1.450000,124.000000,29.444364
1.500000,124.000000,29.446133
1.550000,124.000000,29.447068
1.600000,124.000000,29.447550
1.650000,124.000000,29.447791
1.700000,124.000000,29.447912
1.750000,124.000000,29.447978
1.800000,124.000000,29.448026
1.850000,124.000000,29.448083
1.900000,124.000000,29.448177
1.950000,124.000000,29.448350
2.000000,124.000000,29.448672
2.050000,124.000000,29.449261
2.100000,124.000000,29.450325
2.150000,124.000000,29.452206
2.200000,124.000000,29.455470
2.250000,124.000000,29.461023
2.300000,124.000000,29.470288
2.350000,124.000000,29.485447
2.400000,124.000000,29.509762
2.450000,124.000000,29.548000
2.500000,124.000000,29.606945
2.550000,124.000000,29.696007
2.600000,124.000000,29.827883
2.650000,124.000000,30.019221
2.700000,124.000000,30.291197
2.750000,124.000000,30.669863
2.800000,124.000000,31.186143
2.850000,124.000000,31.875270
2.900000,124.000000,32.775515
2.950000,124.000000,33.926075
3.000000,124.000000,35.364054
3.050000,124.000000,37.120595
3.100000,124.000000,39.216363
3.150000,124.000000,41.656737
3.200000,124.000000,44.427217
3.250000,124.000000,47.489676
3.300000,124.000000,50.780122
3.350000,124.000000,54.208570
3.400000,124.000000,57.661478
3.450000,124.000000,61.006912
3.500000,124.000000,64.102275
3.550000,124.000000,66.804057
3.600000,124.000000,68.978713
3.650000,124.000000,70.513552
3.700000,124.000000,71.326401
3.750000,124.000000,71.372890
3.800000,124.000000,70.650462
3.850000,124.000000,69.198612
3.900000,124.000000,67.095304
3.950000,124.000000,64.450039
4.000000,124.000000,61.394421
4.050000,124.000000,58.071352
4.100000,124.000000,54.624083
4.150000,124.000000,51.186284
4.200000,124.000000,47.874029
4.250000,124.000000,44.780312
4.300000,124.000000,41.972286
4.350000,124.000000,39.491098
4.400000,124.000000,37.353909
4.450000,124.000000,35.557495
4.500000,124.000000,34.082771
4.550000,124.000000,32.899601
4.600000,124.000000,31.971378
4.650000,124.000000,31.258979
4.700000,124.000000,30.723893
4.750000,124.000000,30.330439
4.800000,124.000000,30.047138
4.850000,124.000000,29.847353
4.900000,124.000000,29.709387
4.950000,124.000000,29.616264
5.000000,124.000000,29.555507
5.050000,124.000000,29.519437
5.100000,124.000000,29.506957
5.150000,124.000000,29.528433
5.200000,124.000000,29.615734
5.250000,124.000000,29.838715
5.300000,124.000000,30.325533
5.350000,124.000000,31.276363
5.400000,124.000000,32.950521
5.450000,124.000000,35.604134
5.500000,124.000000,39.370452
5.550000,124.000000,44.112066
5.600000,124.000000,49.318001
5.650000,124.000000,54.133648
5.700000,124.000000,57.566542
5.750000,124.000000,58.813824
5.800000,124.000000,57.566523
5.850000,124.000000,54.133601
5.900000,124.000000,49.317904
5.950000,124.000000,44.111871
6.000000,124.000000,39.370072
0.000000,125.000000,25.558692
0.050000,125.000000,24.893777
0.100000,125.000000,24.267133
0.150000,125.000000,23.721376
0.200000,125.000000,23.297036
0.250000,125.000000,23.027618
0.300000,125.000000,22.935236
0.350000,125.000000,23.027618
0.400000,125.000000,23.297036
0.450000,125.000000,23.721376
0.500000,125.000000,24.267133
0.550000,125.000000,24.893777
0.600000,125.000000,25.558692
0.650000,125.000000,26.221873
0.700000,125.000000,26.849662
0.750000,125.000000,27.417108
0.800000,125.000000,27.908809
0.850000,125.000000,28.318406
0.900000,125.000000,28.647089
0.950000,125.000000,28.901547
1.000000,125.000000,29.091826
1.050000,125.000000,29.229385
1.100000,125.000000,29.325600
1.150000,125.000000,29.390747
1.200000,125.000000,29.433471
1.250000,125.000000,29.460620
1.300000,125.000000,29.477341
1.350000,125.000000,29.487327
1.400000,125.000000,29.493110
1.450000,125.000000,29.496359
1.500000,125.000000,29.498130
1.550000,125.000000,29.499067
1.600000,125.000000,29.499548
1.650000,125.000000,29.499790
1.700000,125.000000,29.499909
1.750000,125.000000,29.499972
1.800000,125.000000,29.500014
1.850000,125.000000,29.500059
1.900000,125.000000,29.500130
1.950000,125.000000,29.500261
2.000000,125.000000,29.500506
2.050000,125.000000,29.500958
2.100000,125.000000,29.501781
2.150000,125.000000,29.503248
2.200000,125.000000,29.505815
2.250000,125.000000,29.510221
2.300000,125.000000,29.517635
2.350000,125.000000,29.529871
2.400000,125.000000,29.549670
2.450000,125.000000,29.581079
2.500000,125.000000,29.629924
2.550000,125.000000,29.704380
2.600000,125.000000,29.815615
2.650000,125.000000,29.978460
2.700000,125.000000,30.212039
2.750000,125.000000,30.540233
2.800000,125.000000,30.991857
2.850000,125.000000,31.600357
2.900000,125.000000,32.402877
2.950000,125.000000,33.438523
3.000000,125.000000,34.745750
3.050000,125.000000,36.358848
3.100000,125.000000,38.303678
3.150000,125.000000,40.592938
3.200000,125.000000,43.221399
3.250000,125.000000,46.161712
3.300000,125.000000,49.361419
3.350000,125.000000,52.741829
3.400000,125.000000,56.199293
3.450000,125.000000,59.609158
3.500000,125.000000,62.832422
3.550000,125.000000,65.724679
3.600000,125.000000,68.146629
3.650000,125.000000,69.975116
3.700000,125.000000,71.113476
3.750000,125.000000,71.500000
3.800000,125.000000,71.113476
3.850000,125.000000,69.975116
3.900000,125.000000,68.146629
3.950000,125.000000,65.724679
4.000000,125.000000,62.832422
4.050000,125.000000,59.609158
4.100000,125.000000,56.199293
4.150000,125.000000,52.741829
4.200000,125.000000,49.361419
4.250000,125.000000,46.161712
4.300000,125.000000,43.221399
4.350000,125.000000,40.592938
4.400000,125.000000,38.303678
4.450000,125.000000,36.358848
4.500000,125.000000,34.745750
4.550000,125.000000,33.438523
4.600000,125.000000,32.402877
4.650000,125.000000,31.600357
4.700000,125.000000,30.991857
4.750000,125.000000,30.540234
4.800000,125.000000,30.212044
4.850000,125.000000,29.978485
4.900000,125.000000,29.815730
4.950000,125.000000,29.704864
5.000000,125.000000,29.631782
5.050000,125.000000,29.587620
5.100000,125.000000,29.570786
5.150000,125.000000,29.592367
5.200000,125.000000,29.687221
5.250000,125.000000,29.932140
5.300000,125.000000,30.468251
5.350000,125.000000,31.516113
5.400000,125.000000,33.361524
5.450000,125.000000,36.286790
5.500000,125.000000,40.438773
5.550000,125.000000,45.665973
5.600000,125.000000,51.405066
5.650000,125.000000,56.713908
5.700000,125.000000,60.498385
5.750000,125.000000,61.873407
5.800000,125.000000,60.498359
5.850000,125.000000,56.713844
5.900000,125.000000,51.404934
5.950000,125.000000,45.665711
6.000000,125.000000,40.438267
0.000000,126.000000,25.604950
0.050000,126.000000,24.939065
0.100000,126.000000,24.311509
0.150000,126.000000,23.764956
0.200000,126.000000,23.339998
0.250000,126.000000,23.070187
0.300000,126.000000,22.977670
0.350000,126.000000,23.070187
0.400000,126.000000,23.339998
0.450000,126.000000,23.764956
0.500000,126.000000,24.311509
0.550000,126.000000,24.939065
0.600000,126.000000,25.604950
0.650000,126.000000,26.269097
0.700000,126.000000,26.897800
0.750000,126.000000,27.466073
0.800000,126.000000,27.958490
0.850000,126.000000,28.368685
0.900000,126.000000,28.697846
0.950000,126.000000,28.952676
1.000000,126.000000,29.143231
1.050000,126.000000,29.280991
1.100000,126.000000,29.377345
1.150000,126.000000,29.442588
1.200000,126.000000,29.485374
1.250000,126.000000,29.512563
1.300000,126.000000,29.529308
1.350000,126.000000,29.539309
1.400000,126.000000,29.545100
1.450000,126.000000,29.548354
1.500000,126.000000,29.550127
1.550000,126.000000,29.551065
1.600000,126.000000,29.551547
1.650000,126.000000,29.551788
1.700000,126.000000,29.551907
1.750000,126.000000,29.551968
1.800000,126.000000,29.552005
1.850000,126.000000,29.552041
1.900000,126.000000,29.552096
1.950000,126.000000,29.552194
2.000000,126.000000,29.552380
2.050000,126.000000,29.552725
2.100000,126.000000,29.553359
2.150000,126.000000,29.554499
2.200000,126.000000,29.556511
2.250000,126.000000,29.559993
2.300000,126.000000,29.565904
2.350000,126.000000,29.575743
2.400000,126.000000,29.591803
2.450000,126.000000,29.617503
2.500000,126.000000,29.657822
2.550000,126.000000,29.719826
2.600000,126.000000,29.813283
2.650000,126.000000,29.951330
2.700000,126.000000,30.151133
2.750000,126.000000,30.434438
2.800000,126.000000,30.827893
2.850000,126.000000,31.362979
2.900000,126.000000,32.075378
2.950000,126.000000,33.003601
3.000000,126.000000,34.186771
3.050000,126.000000,35.661495
3.100000,126.000000,37.457909
3.150000,126.000000,39.595098
3.200000,126.000000,42.076286
3.250000,126.000000,44.884312
3.300000,126.000000,47.978029
3.350000,126.000000,51.290284
3.400000,126.000000,54.728083
3.450000,126.000000,58.175352
3.500000,126.000000,61.498421
3.550000,126.000000,64.554039
3.600000,126.000000,67.199304
3.650000,126.000000,69.302612
3.700000,126.000000,70.754462
3.750000,126.000000,71.476890
3.800000,126.000000,71.430401
3.850000,126.000000,70.617552
3.900000,126.000000,69.082713
3.950000,126.000000,66.908057
4.000000,126.000000,64.206275
4.050000,126.000000,61.110912
4.100000,126.000000,57.765478
4.150000,126.000000,54.312570
4.200000,126.000000,50.884122
4.250000,126.000000,47.593676
4.300000,126.000000,44.531217
4.350000,126.000000,41.760737
4.400000,126.000000,39.320363
4.450000,126.000000,37.224595
4.500000,126.000000,35.468054
4.550000,126.000000,34.030075
4.600000,126.000000,32.879515
4.650000,126.000000,31.979270
4.700000,126.000000,31.290144
4.750000,126.000000,30.773864
4.800000,126.000000,30.395202
4.850000,126.000000,30.123249
4.900000,126.000000,29.932010
4.950000,126.000000,29.800538
5.000000,126.000000,29.712984
5.050000,126.000000,29.659179
5.100000,126.000000,29.636936
5.150000,126.000000,29.658031
5.200000,126.000000,29.760396
5.250000,126.000000,30.028050
5.300000,126.000000,30.615675
5.350000,126.000000,31.765183
5.400000,126.000000,33.790121
5.450000,126.000000,37.000232
5.500000,126.000000,41.556648
5.550000,126.000000,47.293077
5.600000,126.000000,53.591296
5.650000,126.000000,59.417360
5.700000,126.000000,63.570547
5.750000,126.000000,65.079532
5.800000,126.000000,63.570513
5.850000,126.000000,59.417274
5.900000,126.000000,53.591118
5.950000,126.000000,47.292727
6.000000,126.000000,41.555976
0.000000,127.000000,25.651333
0.050000,127.000000,24.984501
0.100000,127.000000,24.356052
0.150000,127.000000,23.808722
0.200000,127.000000,23.383158
0.250000,127.000000,23.112964
0.300000,127.000000,23.020315
0.350000,127.000000,23.112964
0.400000,127.000000,23.383158
0.450000,127.000000,23.808722
0.500000,127.000000,24.356052
0.550000,127.000000,24.984501
0.600000,127.000000,25.651333
0.650000,127.000000,26.316425
0.700000,127.000000,26.946024
0.750000,127.000000,27.515105
0.800000,127.000000,28.008223
0.850000,127.000000,28.419001
0.900000,127.000000,28.748631
0.950000,127.000000,29.003823
1.000000,127.000000,29.194649
1.050000,127.000000,29.332605
1.100000,127.000000,29.429097
1.150000,127.000000,29.494432
1.200000,127.000000,29.537279
1.250000,127.000000,29.564506
1.300000,127.000000,29.581276
1.350000,127.000000,29.591291
1.400000,127.000000,29.597090
1.450000,127.000000,29.600348
1.500000,127.000000,29.602124
1.550000,127.000000,29.603064
1.600000,127.000000,29.603546
1.650000,127.000000,29.603787
1.700000,127.000000,29.603905
1.750000,127.000000,29.603964
1.800000,127.000000,29.603998
1.850000,127.000000,29.604028
1.900000,127.000000,29.604069
1.950000,127.000000,29.604144
2.000000,127.000000,29.604284
2.050000,127.000000,29.604547
2.100000,127.000000,29.605033
2.150000,127.000000,29.605916
2.200000,127.000000,29.607486
2.250000,127.000000,29.610228
2.300000,127.000000,29.614923
2.350000,127.000000,29.622805
2.400000,127.000000,29.635782
2.450000,127.000000,29.656730
2.500000,127.000000,29.689883
2.550000,127.000000,29.741317
2.600000,127.000000,29.819530
2.650000,127.000000,29.936096
2.700000,127.000000,30.106329
2.750000,127.000000,30.349904
2.800000,127.000000,30.691292
2.850000,127.000000,31.159891
2.900000,127.000000,31.789654
2.950000,127.000000,32.618069
3.000000,127.000000,33.684320
3.050000,127.000000,35.026565
3.100000,127.000000,36.678320
3.150000,127.000000,38.664122
3.200000,127.000000,40.994763
3.250000,127.000000,43.662564
3.300000,127.000000,46.637289
3.350000,127.000000,49.863349
3.400000,127.000000,53.258940
3.450000,127.000000,56.717628
3.500000,127.000000,60.112638
3.550000,127.000000,63.303807
3.600000,127.000000,66.146765
3.650000,127.000000,68.503571
3.700000,127.000000,70.253726
3.750000,127.000000,71.304364
3.800000,127.000000,71.598409
3.850000,127.000000,71.119713
3.900000,127.000000,69.894526
3.950000,127.000000,67.989110
4.000000,127.000000,65.503801
4.050000,127.000000,62.564265
4.100000,127.000000,59.310998
4.150000,127.000000,55.888289
4.200000,127.000000,52.433853
4.250000,127.000000,49.070120
4.300000,127.000000,45.897902
4.350000,127.000000,42.992755
4.400000,127.000000,40.404024
4.450000,127.000000,38.156215
4.500000,127.000000,36.252167
4.550000,127.000000,34.677348
4.600000,127.000000,33.404641
4.650000,127.000000,32.399042
4.700000,127.000000,31.621852
4.750000,127.000000,31.034079
4.800000,127.000000,30.598952
4.850000,127.000000,30.283560
4.900000,127.000000,30.059742
4.950000,127.000000,29.904452
5.000000,127.000000,29.799982
5.050000,127.000000,29.734739
5.100000,127.000000,29.705839
5.150000,127.000000,29.725702
5.200000,127.000000,29.835384
5.250000,127.000000,30.126374
5.300000,127.000000,30.767427
5.350000,127.000000,32.022655
5.400000,127.000000,34.234478
5.450000,127.000000,37.741200
5.500000,127.000000,42.718796
5.550000,127.000000,48.985567
5.600000,127.000000,55.866103
5.650000,127.000000,62.230844
5.700000,127.000000,66.768038
5.750000,127.000000,68.416544
5.800000,127.000000,66.767991
5.850000,127.000000,62.230727
5.900000,127.000000,55.865864
5.950000,127.000000,48.985100
6.000000,127.000000,42.717908
0.000000,128.000000,25.697840
0.050000,128.000000,25.030082
0.100000,128.000000,24.400759
0.150000,128.000000,23.852668
0.200000,128.000000,23.426513
0.250000,128.000000,23.155943
0.300000,128.000000,23.063166
0.350000,128.000000,23.155943
0.400000,128.000000,23.426513
0.450000,128.000000,23.852668
0.500000,128.000000,24.400759
0.550000,128.000000,25.030082
0.600000,128.000000,25.697840
0.650000,128.000000,26.363857
0.700000,128.000000,26.994330
0.750000,128.000000,27.564202
0.800000,128.000000,28.058005
0.850000,128.000000,28.469354
0.900000,128.000000,28.799442
0.950000,128.000000,29.054989
1.000000,128.000000,29.246080
1.050000,128.000000,29.384228
1.100000,128.000000,29.480854
1.150000,128.000000,29.546280
1.200000,128.000000,29.589187
1.250000,128.000000,29.616452
1.300000,128.000000,29.633245
1.350000,128.000000,29.643273
1.400000,128.000000,29.649081
1.450000,128.000000,29.652343
1.500000,128.000000,29.654122
1.550000,128.000000,29.655062
1.600000,128.000000,29.655545
1.650000,128.000000,29.655786
1.700000,128.000000,29.655904
1.750000,128.000000,29.655962
1.800000,128.000000,29.655993
1.850000,128.000000,29.656018
1.900000,128.000000,29.656050
1.950000,128.000000,29.656106
2.000000,128.000000,29.656212
2.050000,128.000000,29.656411
2.100000,128.000000,29.656783
2.150000,128.000000,29.657463
2.200000,128.000000,29.658685
2.250000,128.000000,29.660836
2.300000,128.000000,29.664550
2.350000,128.000000,29.670841
2.400000,128.000000,29.681287
2.450000,128.000000,29.698296
2.500000,128.000000,29.725452
2.550000,128.000000,29.767952
2.600000,128.000000,29.833155
2.650000,128.000000,29.931195
2.700000,128.000000,30.075662
2.750000,128.000000,30.284242
2.800000,128.000000,30.579259
2.850000,128.000000,30.987956
2.900000,128.000000,31.542365
2.950000,128.000000,32.278593
3.000000,128.000000,33.235361
3.050000,128.000000,34.451673
3.100000,128.000000,35.963582
3.150000,128.000000,37.800149
3.200000,128.000000,39.978810
3.250000,128.000000,42.500569
3.300000,128.000000,45.345553
3.350000,128.000000,48.469560
3.400000,128.000000,51.802282
3.450000,128.000000,55.247755
3.500000,128.000000,58.687449
3.550000,128.000000,61.986079
3.600000,128.000000,64.999880
3.650000,128.000000,67.586720
3.700000,128.000000,69.617093
3.750000,128.000000,70.984823
3.800000,128.000000,71.616256
3.850000,128.000000,71.476827
3.900000,128.000000,70.574200
3.950000,128.000000,68.957563
4.000000,128.000000,66.713195
4.050000,128.000000,63.956832
4.100000,128.000000,60.823803
4.150000,128.000000,57.458069
4.200000,128.000000,54.001431
4.250000,128.000000,50.583975
4.300000,128.000000,47.316637
4.350000,128.000000,44.286357
4.400000,128.000000,41.553971
4.450000,128.000000,39.154615
4.500000,128.000000,37.100183
4.550000,128.000000,35.383212
4.600000,128.000000,33.981525
4.650000,128.000000,32.863036
4.700000,128.000000,31.990201
4.750000,128.000000,31.323794
4.800000,128.000000,30.825816
4.850000,128.000000,30.461519
4.900000,128.000000,30.200616
4.950000,128.000000,30.017917
5.000000,128.000000,29.893766
5.050000,128.000000,29.815024
5.100000,128.000000,29.778005
5.150000,128.000000,29.795703
5.200000,128.000000,29.912331
5.250000,128.000000,30.227028
5.300000,128.000000,30.923047
5.350000,128.000000,32.287413
5.400000,128.000000,34.692371
5.450000,128.000000,38.505733
5.500000,128.000000,43.918812
5.550000,128.000000,50.733962
5.600000,128.000000,58.216633
5.650000,128.000000,65.138390
5.700000,128.000000,70.072666
5.750000,128.000000,71.865441
5.800000,128.000000,70.072603
5.850000,128.000000,65.138233
5.900000,128.000000,58.216313
5.950000,128.000000,50.733341
6.000000,128.000000,43.917642
0.000000,129.000000,25.744468
0.050000,129.000000,25.075803
0.100000,129.000000,24.445626
0.150000,129.000000,23.896791
0.200000,129.000000,23.470058
0.250000,129.000000,23.199120
0.300000,129.000000,23.106218
0.350000,129.000000,23.199120
0.400000,129.000000,23.470058
0.450000,129.000000,23.896791
0.500000,129.000000,24.445626
0.550000,129.000000,25.075803
0.600000,129.000000,25.744468
0.650000,129.000000,26.411388
0.700000,129.000000,27.042717
0.750000,129.000000,27.613363
0.800000,129.000000,28.107836
0.850000,129.000000,28.519744
0.900000,129.000000,28.850279
0.950000,129.000000,29.106173
1.000000,129.000000,29.297524
1.050000,129.000000,29.435859
1.100000,129.000000,29.532616
1.150000,129.000000,29.598131
1.200000,129.000000,29.641096
1.250000,129.000000,29.668398
1.300000,129.000000,29.685214
1.350000,129.000000,29.695256
1.400000,129.000000,29.701071
1.450000,129.000000,29.704338
1.500000,129.000000,29.706119
1.550000,129.000000,29.707061
1.600000,129.000000,29.707544
1.650000,129.000000,29.707786
1.700000,129.000000,29.707903
1.750000,129.000000,29.707960
1.800000,129.000000,29.707990
1.850000,129.000000,29.708011
1.900000,129.000000,29.708036
1.950000,129.000000,29.708078
2.000000,129.000000,29.708157
2.050000,129.000000,29.708308
2.100000,129.000000,29.708591
2.150000,129.000000,29.709114
2.200000,129.000000,29.710060
2.250000,129.000000,29.711741
2.300000,129.000000,29.714669
2.350000,129.000000,29.719670
2.400000,129.000000,29.728047
2.450000,129.000000,29.741806
2.500000,129.000000,29.763964
2.550000,129.000000,29.798947
2.600000,129.000000,29.853091
2.650000,129.000000,29.935229
2.700000,129.000000,30.057345
2.750000,129.000000,30.235249
2.800000,129.000000,30.489172
2.850000,129.000000,30.844178
2.900000,129.000000,31.330241
2.950000,129.000000,31.981809
3.000000,129.000000,32.836687
3.050000,129.000000,33.934098
3.100000,129.000000,35.311849
3.150000,129.000000,37.002620
3.200000,129.000000,39.029554
3.250000,129.000000,41.401470
3.300000,129.000000,44.108179
3.350000,129.000000,47.116517
3.400000,129.000000,50.367750
3.450000,129.000000,53.776984
3.500000,129.000000,57.235063
3.550000,129.000000,60.613188
3.600000,129.000000,63.770170
3.650000,129.000000,66.561830
3.700000,129.000000,68.851744
3.750000,129.000000,70.522221
3.800000,129.000000,71.484308
3.850000,129.000000,71.685639
3.900000,129.000000,71.115153
3.950000,129.000000,69.804101
4.000000,129.000000,67.823210
4.050000,129.000000,65.276364
4.100000,129.000000,62.291586
4.150000,129.000000,59.010406
4.200000,129.000000,55.576847
4.250000,129.000000,52.127209
4.300000,129.000000,48.781610
4.350000,129.000000,45.637969
4.400000,129.000000,42.768697
4.450000,129.000000,40.220044
4.500000,129.000000,38.013723
4.550000,129.000000,36.150243
4.600000,129.000000,34.613306
4.650000,129.000000,33.374609
4.700000,129.000000,32.398497
4.750000,129.000000,31.646073
4.800000,129.000000,31.078499
4.850000,129.000000,30.659412
4.900000,129.000000,30.356496
4.950000,129.000000,30.142406
5.000000,129.000000,29.995460
5.050000,129.000000,29.900866
5.100000,129.000000,29.854024
5.150000,129.000000,29.868419
5.200000,129.000000,29.991412
5.250000,129.000000,30.329917
5.300000,129.000000,31.082000
5.350000,129.000000,32.558153
5.400000,129.000000,35.161192
5.450000,129.000000,39.289192
5.500000,129.000000,45.149183
5.550000,129.000000,52.527140
5.600000,129.000000,60.627809
5.650000,129.000000,68.121261
5.700000,129.000000,73.463085
5.750000,129.000000,75.403931
5.800000,129.000000,73.462999
5.850000,129.000000,68.121050
5.900000,129.000000,60.627381
5.950000,129.000000,52.526319
6.000000,129.000000,45.147647
0.000000,130.000000,25.791214
0.050000,130.000000,25.121662
0.100000,130.000000,24.490650
0.150000,130.000000,23.941087
0.200000,130.000000,23.513789
0.250000,130.000000,23.242492
0.300000,130.000000,23.149466
0.350000,130.000000,23.242492
0.400000,130.000000,23.513789
0.450000,130.000000,23.941087
0.500000,130.000000,24.490650
0.550000,130.000000,25.121662
0.600000,130.000000,25.791214
0.650000,130.000000,26.459018
0.700000,130.000000,27.091184
0.750000,130.000000,27.662586
0.800000,130.000000,28.157715
0.850000,130.000000,28.570168
0.900000,130.000000,28.901142
0.950000,130.000000,29.157375
1.000000,130.000000,29.348980
1.050000,130.000000,29.487498
1.100000,130.000000,29.584384
1.150000,130.000000,29.649985
1.200000,130.000000,29.693007
1.250000,130.000000,29.720345
1.300000,130.000000,29.737183
1.350000,130.000000,29.747239
1.400000,130.000000,29.753062
1.450000,130.000000,29.756333
1.500000,130.000000,29.758117
1.550000,130.000000,29.759060
1.600000,130.000000,29.759544
1.650000,130.000000,29.759785
1.700000,130.000000,29.759903
1.750000,130.000000,29.759959
1.800000,130.000000,29.759987
1.850000,130.000000,29.760006
1.900000,130.000000,29.760025
1.950000,130.000000,29.760057
2.000000,130.000000,29.760116
2.050000,130.000000,29.760230
2.100000,130.000000,29.760445
2.150000,130.000000,29.760845
2.200000,130.000000,29.761576
2.250000,130.000000,29.762884
2.300000,130.000000,29.765183
2.350000,130.000000,29.769144
2.400000,130.000000,29.775836
2.450000,130.000000,29.786923
2.500000,130.000000,29.804934
2.550000,130.000000,29.833619
2.600000,130.000000,29.878406
2.650000,130.000000,29.946952
2.700000,130.000000,30.049772
2.750000,130.000000,30.200911
2.800000,130.000000,30.418589
2.850000,130.000000,30.725712
2.900000,130.000000,31.150114
2.950000,130.000000,31.724366
3.000000,130.000000,32.484984
3.050000,130.000000,33.470862
3.100000,130.000000,34.720839
3.150000,130.000000,36.270358
3.200000,130.000000,38.147335
3.250000,130.000000,40.367488
3.300000,130.000000,42.929536
3.350000,130.000000,45.810842
3.400000,130.000000,48.964128
3.450000,130.000000,52.315930
3.500000,130.000000,55.767363
3.550000,130.000000,59.197525
3.600000,130.000000,62.469633
3.650000,130.000000,65.439557
3.700000,130.000000,67.966095
3.750000,130.000000,69.921993
3.800000,130.000000,71.204534
3.850000,130.000000,71.744470
3.900000,130.000000,71.512213
3.950000,130.000000,70.520521
4.000000,130.000000,68.823339
4.050000,130.000000,66.510936
4.100000,130.000000,63.701955
4.150000,130.000000,60.533345
4.200000,130.000000,57.149366
4.250000,130.000000,53.690879
4.300000,130.000000,50.286019
4.350000,130.000000,47.043043
4.400000,130.000000,44.045817
4.450000,130.000000,41.352027
4.500000,130.000000,38.993856
4.550000,130.000000,36.980648
4.600000,130.000000,35.302921
4.650000,130.000000,33.937059
4.700000,130.000000,32.850096
4.750000,130.000000,32.004104
4.800000,130.000000,31.359871
4.850000,130.000000,30.879715
4.900000,130.000000,30.529433
4.950000,130.000000,30.279560
5.000000,130.000000,30.106335
5.050000,130.000000,29.993218
5.100000,130.000000,29.934578
5.150000,130.000000,29.944297
5.200000,130.000000,30.072839
5.250000,130.000000,30.434943
5.300000,130.000000,31.243684
5.350000,130.000000,32.833391
5.400000,130.000000,35.637970
5.450000,130.000000,40.086278
5.500000,130.000000,46.401330
5.550000,130.000000,54.352406
5.600000,130.000000,63.082413
5.650000,130.000000,71.158063
5.700000,130.000000,76.914923
5.750000,130.000000,79.006560
5.800000,130.000000,76.914808
5.850000,130.000000,71.157781
5.900000,130.000000,63.081846
5.950000,130.000000,54.351323
6.000000,130.000000,46.399321
0.000000,131.000000,25.838075
0.050000,131.000000,25.167657
0.100000,131.000000,24.535827
0.150000,131.000000,23.985553
0.200000,131.000000,23.557701
0.250000,131.000000,23.286053
0.300000,131.000000,23.192907
0.350000,131.000000,23.286053
0.400000,131.000000,23.557701
0.450000,131.000000,23.985553
0.500000,131.000000,24.535827
0.550000,131.000000,25.167657
0.600000,131.000000,25.838075
0.650000,131.000000,26.506744
0.700000,131.000000,27.139728
0.750000,131.000000,27.711870
0.800000,131.000000,28.207640
0.850000,131.000000,28.620628
0.900000,131.000000,28.952030
0.950000,131.000000,29.208595
1.000000,131.000000,29.400448
1.050000,131.000000,29.539146
1.100000,131.000000,29.636156
1.150000,131.000000,29.701843
1.200000,131.000000,29.744921
1.250000,131.000000,29.772294
1.300000,131.000000,29.789154
1.350000,131.000000,29.799222
1.400000,131.000000,29.805053
1.450000,131.000000,29.808329
1.500000,131.000000,29.810114
1.550000,131.000000,29.811058
1.600000,131.000000,29.811543
1.650000,131.000000,29.811785
1.700000,131.000000,29.811902
1.750000,131.000000,29.811958
1.800000,131.000000,29.811985
1.850000,131.000000,29.812002
1.900000,131.000000,29.812017
1.950000,131.000000,29.812041
2.000000,131.000000,29.812085
2.050000,131.000000,29.812171
2.100000,131.000000,29.812333
2.150000,131.000000,29.812638
2.200000,131.000000,29.813200
2.250000,131.000000,29.814216
2.300000,131.000000,29.816014
2.350000,131.000000,29.819139
2.400000,131.000000,29.824465
2.450000,131.000000,29.833365
2.500000,131.000000,29.847949
2.550000,131.000000,29.871379
2.600000,131.000000,29.908284
2.650000,131.000000,29.965265
2.700000,131.000000,30.051498
2.750000,131.000000,30.179393
2.800000,131.000000,30.365258
2.850000,131.000000,30.629889
2.900000,131.000000,30.998945
2.950000,131.000000,31.502971
3.000000,131.000000,32.176891
3.050000,131.000000,33.058799
3.100000,131.000000,34.187918
3.150000,131.000000,35.601651
3.200000,131.000000,37.331777
3.250000,131.000000,39.399976
3.300000,131.000000,41.813025
3.350000,131.000000,44.558168
3.400000,131.000000,47.599273
3.450000,131.000000,50.874456
3.500000,131.000000,54.295755
3.550000,131.000000,57.751361
3.600000,131.000000,61.110557
3.650000,131.000000,64.231262
3.700000,131.000000,66.969648
3.750000,131.000000,69.190963
3.800000,131.000000,70.780470
3.850000,131.000000,71.653248
3.900000,131.000000,71.761705
3.950000,131.000000,71.099881
4.000000,131.000000,69.703989
4.050000,131.000000,67.649131
4.100000,131.000000,65.042606
4.150000,131.000000,62.014636
4.200000,131.000000,58.707629
4.250000,131.000000,55.265193
4.300000,131.000000,51.822090
4.350000,131.000000,48.496039
4.400000,131.000000,45.382018
4.450000,131.000000,42.549285
4.500000,131.000000,40.041020
4.550000,131.000000,37.876187
4.600000,131.000000,36.053034
4.650000,131.000000,34.553568
4.700000,131.000000,33.348363
4.750000,131.000000,32.401174
4.800000,131.000000,31.672958
4.850000,131.000000,31.125080
4.900000,131.000000,30.721662
4.950000,131.000000,30.431193
5.000000,131.000000,30.227816
5.050000,131.000000,30.093161
5.100000,131.000000,30.020454
5.150000,131.000000,30.023865
5.200000,131.000000,30.156872
5.250000,131.000000,30.542015
5.300000,131.000000,31.407441
5.350000,131.000000,33.111484
5.400000,131.000000,36.119397
5.450000,131.000000,40.891087
5.500000,131.000000,47.665689
5.550000,131.000000,56.195595
5.600000,131.000000,65.561243
5.650000,131.000000,74.224930
5.700000,131.000000,80.400994
5.750000,131.000000,82.644932
5.800000,131.000000,80.400839
5.850000,131.000000,74.224555
5.900000,131.000000,65.560491
5.950000,131.000000,56.194173
6.000000,131.000000,47.663070
0.000000,132.000000,25.885049
0.050000,132.000000,25.213783
0.100000,132.000000,24.581154
0.150000,132.000000,24.030184
0.200000,132.000000,23.601791
0.250000,132.000000,23.329800
0.300000,132.000000,23.236535
0.350000,132.000000,23.329800
0.400000,132.000000,23.601791
0.450000,132.000000,24.030184
0.500000,132.000000,24.581154
0.550000,132.000000,25.213783
0.600000,132.000000,25.885049
0.650000,132.000000,26.554564
0.700000,132.000000,27.188349
0.750000,132.000000,27.761214
0.800000,132.000000,28.257611
0.850000,132.000000,28.671121
0.900000,132.000000,29.002943
0.950000,132.000000,29.259832
1.000000,132.000000,29.451927
1.050000,132.000000,29.590801
1.100000,132.000000,29.687934
1.150000,132.000000,29.753703
1.200000,132.000000,29.796836
1.250000,132.000000,29.824244
1.300000,132.000000,29.841125
1.350000,132.000000,29.851206
1.400000,132.000000,29.857044
1.450000,132.000000,29.860324
1.500000,132.000000,29.862112
1.550000,132.000000,29.863057
1.600000,132.000000,29.863542
1.650000,132.000000,29.863784
1.700000,132.000000,29.863902
1.750000,132.000000,29.863957
1.800000,132.000000,29.863984
1.850000,132.000000,29.863999
1.900000,132.000000,29.864012
1.950000,132.000000,29.864030
2.000000,132.000000,29.864063
2.050000,132.000000,29.864126
2.100000,132.000000,29.864249
2.150000,132.000000,29.864481
2.200000,132.000000,29.864911
2.250000,132.000000,29.865696
2.300000,132.000000,29.867097
2.350000,132.000000,29.869554
2.400000,132.000000,29.873776
2.450000,132.000000,29.880894
2.500000,132.000000,29.892658
2.550000,132.000000,29.911723
2.600000,132.000000,29.942015
2.650000,132.000000,29.989199
2.700000,132.000000,30.061240
2.750000,132.000000,30.169039
2.800000,132.000000,30.327112
2.850000,132.000000,30.554218
2.900000,132.000000,30.873848
2.950000,132.000000,31.314424
3.000000,132.000000,31.909048
3.050000,132.000000,32.694618
3.100000,132.000000,33.710170
3.150000,132.000000,34.994328
3.200000,132.000000,36.581864
3.250000,132.000000,38.499483
3.300000,132.000000,40.761114
3.350000,132.000000,43.363130
3.400000,132.000000,46.280080
3.450000,132.000000,49.461584
3.500000,132.000000,52.831040
3.550000,132.000000,56.286684
3.600000,132.000000,59.705334
3.650000,132.000000,62.948832
3.700000,132.000000,65.872834
3.750000,132.000000,68.337224
3.800000,132.000000,70.217156
3.850000,132.000000,71.413504
3.900000,132.000000,71.861515
3.950000,132.000000,71.536614
4.000000,132.000000,70.456640
4.050000,132.000000,68.680222
4.100000,132.000000,66.301505
4.150000,132.000000,63.441891
4.200000,132.000000,60.239791
4.250000,132.000000,56.839605
4.300000,132.000000,53.381123
4.350000,132.000000,49.990423
4.400000,132.000000,46.773019
4.450000,132.000000,43.809678
4.500000,132.000000,41.154944
4.550000,132.000000,38.838087
4.600000,132.000000,36.865962
4.650000,132.000000,35.227133
4.700000,132.000000,33.896616
4.750000,132.000000,32.840629
4.800000,132.000000,32.020916
4.850000,132.000000,31.398336
4.900000,132.000000,30.935607
4.950000,132.000000,30.599305
5.000000,132.000000,30.361496
5.050000,132.000000,30.201920
5.100000,132.000000,30.112557
5.150000,132.000000,30.107734
5.200000,132.000000,30.243825
5.250000,132.000000,30.651059
5.300000,132.000000,31.572570
5.350000,132.000000,33.390648
5.400000,132.000000,36.601865
5.450000,132.000000,41.697174
5.500000,132.000000,48.931809
5.550000,132.000000,58.041232
5.600000,132.000000,68.043311
5.650000,132.000000,77.295782
5.700000,132.000000,83.891583
5.750000,132.000000,86.288015
5.800000,132.000000,83.891377
5.850000,132.000000,77.295283
5.900000,132.000000,68.042320
5.950000,132.000000,58.039370
6.000000,132.000000,48.928408
0.000000,133.000000,25.932134
0.050000,133.000000,25.260038
0.100000,133.000000,24.626628
0.150000,133.000000,24.074977
0.200000,133.000000,23.646055
0.250000,133.000000,23.373728
0.300000,133.000000,23.280348
0.350000,133.000000,23.373728
0.400000,133.000000,23.646055
0.450000,133.000000,24.074977
0.500000,133.000000,24.626628
0.550000,133.000000,25.260038
0.600000,133.000000,25.932134
0.650000,133.000000,26.602475
0.700000,133.000000,27.237043
0.750000,133.000000,27.810616
0.800000,133.000000,28.307627
0.850000,133.000000,28.721647
0.900000,133.000000,29.053879
0.950000,133.000000,29.311085
1.000000,133.000000,29.503418
1.050000,133.000000,29.642463
1.100000,133.000000,29.739716
1.150000,133.000000,29.805567
1.200000,133.000000,29.848753
1.250000,133.000000,29.876195
1.300000,133.000000,29.893097
1.350000,133.000000,29.903190
1.400000,133.000000,29.909036
1.450000,133.000000,29.912320
1.500000,133.000000,29.914109
1.550000,133.000000,29.915056
1.600000,133.000000,29.915542
1.650000,133.000000,29.915784
1.700000,133.000000,29.915901
1.750000,133.000000,29.915957
1.800000,133.000000,29.915983
1.850000,133.000000,29.915997
1.900000,133.000000,29.916007
1.950000,133.000000,29.916021
2.000000,133.000000,29.916046
2.050000,133.000000,29.916093
2.100000,133.000000,29.916185
2.150000,133.000000,29.916361
2.200000,133.000000,29.916689
2.250000,133.000000,29.917293
2.300000,133.000000,29.918382
2.350000,133.000000,29.920305
2.400000,133.000000,29.923640
2.450000,133.000000,29.929311
2.500000,133.000000,29.938764
2.550000,133.000000,29.954218
2.600000,133.000000,29.978987
2.650000,133.000000,30.017907
2.700000,133.000000,30.077857
2.750000,133.000000,30.168363
2.800000,133.000000,30.302269
2.850000,133.000000,30.496395
2.900000,133.000000,30.772104
2.950000,133.000000,31.155650
3.000000,133.000000,31.678143
3.050000,133.000000,32.374965
3.100000,133.000000,33.284473
3.150000,133.000000,34.445843
3.200000,133.000000,35.896021
3.250000,133.000000,37.665820
3.300000,133.000000,39.775388
3.350000,133.000000,42.229391
3.400000,133.000000,45.012449
3.450000,133.000000,48.085432
3.500000,133.000000,51.383294
3.550000,133.000000,54.815043
3.600000,133.000000,58.266285
3.650000,133.000000,61.604494
3.700000,133.000000,64.686839
3.750000,133.000000,67.369996
3.800000,133.000000,69.521049
3.850000,133.000000,71.028354
3.900000,133.000000,71.811131
3.950000,133.000000,71.826628
4.000000,133.000000,71.073993
4.050000,133.000000,69.594351
4.100000,133.000000,67.467081
4.150000,133.000000,64.802764
4.200000,133.000000,61.733667
4.250000,133.000000,58.402912
4.300000,133.000000,54.953551
4.350000,133.000000,51.518684
4.400000,133.000000,48.213551
4.450000,133.000000,45.130149
4.500000,133.000000,42.334574
4.550000,133.000000,39.866966
4.600000,133.000000,37.743591
4.650000,133.000000,35.960501
4.700000,133.000000,34.498075
4.750000,133.000000,33.325836
4.800000,133.000000,32.407010
4.850000,133.000000,31.702468
4.900000,133.000000,31.173874
4.950000,133.000000,30.786081
5.000000,133.000000,30.509141
5.050000,133.000000,30.320872
5.100000,133.000000,30.211914
5.150000,133.000000,30.196617
5.200000,133.000000,30.334081
5.250000,133.000000,30.762030
5.300000,133.000000,31.738350
5.350000,133.000000,33.668991
5.400000,133.000000,37.081523
5.450000,133.000000,42.497635
5.500000,133.000000,50.188491
5.550000,133.000000,59.872725
5.600000,133.000000,70.506113
5.650000,133.000000,80.342648
5.700000,133.000000,87.354829
5.750000,133.000000,89.902530
5.800000,133.000000,87.354554
5.850000,133.000000,80.341989
5.900000,133.000000,70.504811
5.950000,133.000000,59.870297
6.000000,133.000000,50.184089
0.000000,134.000000,25.979326
0.050000,134.000000,25.306420
0.100000,134.000000,24.672245
0.150000,134.000000,24.119929
0.200000,134.000000,23.690489
0.250000,134.000000,23.417833
0.300000,134.000000,23.324341
0.350000,134.000000,23.417833
0.400000,134.000000,23.690489
0.450000,134.000000,24.119929
0.500000,134.000000,24.672245
0.550000,134.000000,25.306420
0.600000,134.000000,25.979326
0.650000,134.000000,26.650477
0.700000,134.000000,27.285811
0.750000,134.000000,27.860076
0.800000,134.000000,28.357686
0.850000,134.000000,28.772206
0.900000,134.000000,29.104838
0.950000,134.000000,29.362355
1.000000,134.000000,29.554920
1.050000,134.000000,29.694133
1.100000,134.000000,29.791504
1.150000,134.000000,29.857434
1.200000,134.000000,29.900672
1.250000,134.000000,29.928147
1.300000,134.000000,29.945069
1.350000,134.000000,29.955175
1.400000,134.000000,29.961027
1.450000,134.000000,29.964315
1.500000,134.000000,29.966107
1.550000,134.000000,29.967055
1.600000,134.000000,29.967541
1.650000,134.000000,29.967784
1.700000,134.000000,29.967901
1.750000,134.000000,29.967956
1.800000,134.000000,29.967982
1.850000,134.000000,29.967995
1.900000,134.000000,29.968004
1.950000,134.000000,29.968015
2.000000,134.000000,29.968033
2.050000,134.000000,29.968069
2.100000,134.000000,29.968137
2.150000,134.000000,29.968270
2.200000,134.000000,29.968520
2.250000,134.000000,29.968983
2.300000,134.000000,29.969825
2.350000,134.000000,29.971326
2.400000,134.000000,29.973950
2.450000,134.000000,29.978450
2.500000,134.000000,29.986017
2.550000,134.000000,29.998496
2.600000,134.000000,30.018672
2.650000,134.000000,30.050652
2.700000,134.000000,30.100347
2.750000,134.000000,30.176037
2.800000,134.000000,30.289025
2.850000,134.000000,30.454302
2.900000,134.000000,30.691174
2.950000,134.000000,31.023720
3.000000,134.000000,31.480948
3.050000,134.000000,32.096476
3.100000,134.000000,32.907564
3.150000,134.000000,33.953350
3.200000,134.000000,35.272195
3.250000,134.000000,36.898138
3.300000,134.000000,38.856606
3.350000,134.000000,41.159669
3.400000,134.000000,43.801289
3.450000,134.000000,46.753158
3.500000,134.000000,49.961777
3.550000,134.000000,53.347417
3.600000,134.000000,56.805490
3.650000,134.000000,60.210628
3.700000,134.000000,63.423426
3.750000,134.000000,66.299474
3.800000,134.000000,68.699906
3.850000,134.000000,70.502435
3.900000,134.000000,71.611651
3.950000,134.000000,71.967379
4.000000,134.000000,71.550093
4.050000,134.000000,70.382688
4.100000,134.000000,68.528400
4.150000,134.000000,66.085129
4.200000,134.000000,63.176888
4.250000,134.000000,59.943390
4.300000,134.000000,56.529021
4.350000,134.000000,53.072368
4.400000,134.000000,49.697352
4.450000,134.000000,46.506685
4.500000,134.000000,43.578012
4.550000,134.000000,40.962753
4.600000,134.000000,38.687304
4.650000,134.000000,36.756090
4.700000,134.000000,35.155795
4.750000,134.000000,33.860132
4.800000,134.000000,32.834572
4.850000,134.000000,32.040598
4.900000,134.000000,31.439243
4.950000,134.000000,30.993892
5.000000,134.000000,30.672697
5.050000,134.000000,30.451558
5.100000,134.000000,30.319695
5.150000,134.000000,30.291336
5.200000,134.000000,30.428103
5.250000,134.000000,30.874930
5.300000,134.000000,31.904052
5.350000,134.000000,33.944545
5.400000,134.000000,37.554330
5.450000,134.000000,43.285209
5.500000,134.000000,51.423943
5.550000,134.000000,61.672601
5.600000,134.000000,72.925947
5.650000,134.000000,83.336069
5.700000,134.000000,90.757164
5.750000,134.000000,93.453417
5.800000,134.000000,90.756800
5.850000,134.000000,83.335199
5.900000,134.000000,72.924241
5.950000,134.000000,61.669444
6.000000,134.000000,51.418267
0.000000,135.000000,26.026624
0.050000,135.000000,25.352925
0.100000,135.000000,24.718003
0.150000,135.000000,24.165035
0.200000,135.000000,23.735089
0.250000,135.000000,23.462112
0.300000,135.000000,23.368509
0.350000,135.000000,23.462112
0.400000,135.000000,23.735089
0.450000,135.000000,24.165035
0.500000,135.000000,24.718003
0.550000,135.000000,25.352925
0.600000,135.000000,26.026624
0.650000,135.000000,26.698566
0.700000,135.000000,27.334649
0.750000,135.000000,27.909591
0.800000,135.000000,28.407788
0.850000,135.000000,28.822797
0.900000,135.000000,29.155821
0.950000,135.000000,29.413641
1.000000,135.000000,29.606433
1.050000,135.000000,29.745810
1.100000,135.000000,29.843296
1.150000,135.000000,29.909304
1.200000,135.000000,29.952592
1.250000,135.000000,29.980100
1.300000,135.000000,29.997042
1.350000,135.000000,30.007160
1.400000,135.000000,30.013019
1.450000,135.000000,30.016311
1.500000,135.000000,30.018105
1.550000,135.000000,30.019054
1.600000,135.000000,30.019541
1.650000,135.000000,30.019783
1.700000,135.000000,30.019901
1.750000,135.000000,30.019956
1.800000,135.000000,30.019982
1.850000,135.000000,30.019994
1.900000,135.000000,30.020002
1.950000,135.000000,30.020010
2.000000,135.000000,30.020024
2.050000,135.000000,30.020050
2.100000,135.000000,30.020102
2.150000,135.000000,30.020201
2.200000,135.000000,30.020390
2.250000,135.000000,30.020744
2.300000,135.000000,30.021393
2.350000,135.000000,30.022559
2.400000,135.000000,30.024617
2.450000,135.000000,30.028175
2.500000,135.000000,30.034210
2.550000,135.000000,30.044248
2.600000,135.000000,30.060619
2.650000,135.000000,30.086796
2.700000,135.000000,30.127830
2.750000,135.000000,30.190884
2.800000,135.000000,30.285848
2.850000,135.000000,30.426008
2.900000,135.000000,30.628701
2.950000,135.000000,30.915867
3.000000,135.000000,31.314352
3.050000,135.000000,31.855822
3.100000,135.000000,32.576101
3.150000,135.000000,33.513776
3.200000,135.000000,34.707935
3.250000,135.000000,36.195006
3.300000,135.000000,38.004774
3.350000,135.000000,40.155783
3.400000,135.000000,42.650523
3.450000,135.000000,45.470937
3.500000,135.000000,48.574860
3.550000,135.000000,51.894088
3.600000,135.000000,55.334634
3.650000,135.000000,58.779593
3.700000,135.000000,62.094747
3.750000,135.000000,65.136656
3.800000,135.000000,67.762656
3.850000,135.000000,69.841827
3.900000,135.000000,71.265760
3.950000,135.000000,71.957916
4.000000,135.000000,71.880439
4.050000,135.000000,71.037589
4.100000,135.000000,69.475349
4.150000,135.000000,67.277271
4.200000,135.000000,64.557080
4.250000,135.000000,61.448929
4.300000,135.000000,58.096500
4.350000,135.000000,54.642138
4.400000,135.000000,51.217173
4.450000,135.000000,47.934288
4.500000,135.000000,44.882455
4.550000,135.000000,42.124615
4.600000,135.000000,39.697893
4.650000,135.000000,37.615914
4.700000,135.000000,35.872598
4.750000,135.000000,34.446769
4.800000,135.000000,33.306968
4.850000,135.000000,32.415965
4.900000,135.000000,31.734659
4.950000,135.000000,31.225295
5.000000,135.000000,30.854297
5.050000,135.000000,30.595691
5.100000,135.000000,30.437217
5.150000,135.000000,30.392836
5.200000,135.000000,30.526448
5.250000,135.000000,30.989820
5.300000,135.000000,32.068970
5.350000,135.000000,34.215308
5.400000,135.000000,38.016125
5.450000,135.000000,44.052398
5.500000,135.000000,52.625970
5.550000,135.000000,63.422775
5.600000,135.000000,75.278276
5.650000,135.000000,86.245544
5.700000,135.000000,94.063840
5.750000,135.000000,96.904384
5.800000,135.000000,94.063360
5.850000,135.000000,86.244402
5.900000,135.000000,75.276050
5.950000,135.000000,63.418687
6.000000,135.000000,52.618678
0.000000,136.000000,26.074026
0.050000,136.000000,25.399551
0.100000,136.000000,24.763897
0.150000,136.000000,24.210293
0.200000,136.000000,23.779852
0.250000,136.000000,23.506560
0.300000,136.000000,23.412850
0.350000,136.000000,23.506560
0.400000,136.000000,23.779852
0.450000,136.000000,24.210293
0.500000,136.000000,24.763897
0.550000,136.000000,25.399551
0.600000,136.000000,26.074026
0.650000,136.000000,26.746742
0.700000,136.000000,27.383557
0.750000,136.000000,27.959161
0.800000,136.000000,28.457931
0.850000,136.000000,28.873418
0.900000,136.000000,29.206826
0.950000,136.000000,29.464943
1.000000,136.000000,29.657957
1.050000,136.000000,29.797494
1.100000,136.000000,29.895092
1.150000,136.000000,29.961176
1.200000,136.000000,30.004515
1.250000,136.000000,30.032054
1.300000,136.000000,30.049016
1.350000,136.000000,30.059145
1.400000,136.000000,30.065011
1.450000,136.000000,30.068306
1.500000,136.000000,30.070103
1.550000,136.000000,30.071053
1.600000,136.000000,30.071540
1.650000,136.000000,30.071783
1.700000,136.000000,30.071901
1.750000,136.000000,30.071956
1.800000,136.000000,30.071982
1.850000,136.000000,30.071994
1.900000,136.000000,30.072001
1.950000,136.000000,30.072007
2.000000,136.000000,30.072017
2.050000,136.000000,30.072037
2.100000,136.000000,30.072075
2.150000,136.000000,30.072149
2.200000,136.000000,30.072292
2.250000,136.000000,30.072562
2.300000,136.000000,30.073060
2.350000,136.000000,30.073963
2.400000,136.000000,30.075569
2.450000,136.000000,30.078372
2.500000,136.000000,30.083167
2.550000,136.000000,30.091211
2.600000,136.000000,30.104444
2.650000,136.000000,30.125788
2.700000,136.000000,30.159541
2.750000,136.000000,30.211865
2.800000,136.000000,30.291368
2.850000,136.000000,30.409759
2.900000,136.000000,30.582517
2.950000,136.000000,30.829501
3.000000,136.000000,31.175382
3.050000,136.000000,31.649747
3.100000,136.000000,32.286718
3.150000,136.000000,33.123891
3.200000,136.000000,34.200468
3.250000,136.000000,35.554494
3.300000,136.000000,37.219216
3.350000,136.000000,39.218712
3.400000,136.000000,41.563124
3.450000,136.000000,44.243945
3.500000,136.000000,47.229965
3.550000,136.000000,50.464550
3.600000,136.000000,53.864861
3.650000,136.000000,57.323551
3.700000,136.000000,60.713159
3.750000,136.000000,63.893165
3.800000,136.000000,66.719245
3.850000,136.000000,69.053946
3.900000,136.000000,70.777688
3.950000,136.000000,71.798898
4.000000,136.000000,72.062060
4.050000,136.000000,71.552722
4.100000,136.000000,70.298803
4.150000,136.000000,68.368064
4.200000,136.000000,65.862039
4.250000,136.000000,62.907196
4.300000,136.000000,59.644392
4.350000,136.000000,56.217846
4.400000,136.000000,52.764814
4.450000,136.000000,49.406966
4.500000,136.000000,46.244155
4.550000,136.000000,43.350890
4.600000,136.000000,40.775481
4.650000,136.000000,38.541499
4.700000,136.000000,36.651000
4.750000,136.000000,35.088855
4.800000,136.000000,33.827550
4.850000,136.000000,32.831886
4.900000,136.000000,32.063209
4.950000,136.000000,31.483023
5.000000,136.000000,31.056260
5.050000,136.000000,30.755161
5.100000,136.000000,30.565957
5.150000,136.000000,30.502196
5.200000,136.000000,30.629780
5.250000,136.000000,31.106839
5.300000,136.000000,32.232445
5.350000,136.000000,34.479284
5.400000,136.000000,38.462709
5.450000,136.000000,44.791592
5.500000,136.000000,53.782179
5.550000,136.000000,65.104858
5.600000,136.000000,77.538143
5.650000,136.000000,89.040047
5.700000,136.000000,97.239505
5.750000,136.000000,100.218503
5.800000,136.000000,97.238874
5.850000,136.000000,89.038552
5.900000,136.000000,77.535249
5.950000,136.000000,65.099583
6.000000,136.000000,53.772842
0.000000,137.000000,26.121529
0.050000,137.000000,25.446295
0.100000,137.000000,24.809926
0.150000,137.000000,24.255700
0.200000,137.000000,23.824774
0.250000,137.000000,23.551175
0.300000,137.000000,23.457359
0.350000,137.000000,23.551175
0.400000,137.000000,23.824774
0.450000,137.000000,24.255700
0.500000,137.000000,24.809926
0.550000,137.000000,25.446295
0.600000,137.000000,26.121529
0.650000,137.000000,26.795001
0.700000,137.000000,27.432532
0.750000,137.000000,28.008784
0.800000,137.000000,28.508115
0.850000,137.000000,28.924070
0.900000,137.000000,29.257853
0.950000,137.000000,29.516260
1.000000,137.000000,29.709491
1.050000,137.000000,29.849186
1.100000,137.000000,29.946893
1.150000,137.000000,30.013051
1.200000,137.000000,30.056439
1.250000,137.000000,30.084009
1.300000,137.000000,30.100990
1.350000,137.000000,30.111130
1.400000,137.000000,30.117003
1.450000,137.000000,30.120302
1.500000,137.000000,30.122100
1.550000,137.000000,30.123051
1.600000,137.000000,30.123540
1.650000,137.000000,30.123783
1.700000,137.000000,30.123900
1.750000,137.000000,30.123956
1.800000,137.000000,30.123981
1.850000,137.000000,30.123993
1.900000,137.000000,30.123999
1.950000,137.000000,30.124005
2.000000,137.000000,30.124012
2.050000,137.000000,30.124027
2.100000,137.000000,30.124055
2.150000,137.000000,30.124110
2.200000,137.000000,30.124218
2.250000,137.000000,30.124422
2.300000,137.000000,30.124803
2.350000,137.000000,30.125500
2.400000,137.000000,30.126750
2.450000,137.000000,30.128949
2.500000,137.000000,30.132744
2.550000,137.000000,30.139166
2.600000,137.000000,30.149822
2.650000,137.000000,30.167159
2.700000,137.000000,30.194816
2.750000,137.000000,30.238067
2.800000,137.000000,30.304367
2.850000,137.000000,30.403979
2.900000,137.000000,30.550641
2.950000,137.000000,30.762218
3.000000,137.000000,31.061226
3.050000,137.000000,31.475107
3.100000,137.000000,32.036072
3.150000,137.000000,32.780367
3.200000,137.000000,33.746776
3.250000,137.000000,34.974252
3.300000,137.000000,36.498651
3.350000,137.000000,38.348661
3.400000,137.000000,40.541152
3.450000,137.000000,43.076374
3.500000,137.000000,45.933538
3.550000,137.000000,49.067419
3.600000,137.000000,52.406657
3.650000,137.000000,55.854309
3.700000,137.000000,59.291044
3.750000,137.000000,62.581065
3.800000,137.000000,65.580469
3.850000,137.000000,68.147415
3.900000,137.000000,70.153132
3.950000,137.000000,71.492581
4.000000,137.000000,72.093567
4.050000,137.000000,71.923180
4.100000,137.000000,70.990782
4.150000,137.000000,69.347155
4.200000,137.000000,67.079919
4.250000,137.000000,64.305798
4.300000,137.000000,61.160677
4.350000,137.000000,57.788633
4.400000,137.000000,54.331171
4.450000,137.000000,50.917738
4.500000,137.000000,47.658383
4.550000,137.000000,44.639026
4.600000,137.000000,41.919452
4.650000,137.000000,39.533807
4.700000,137.000000,37.493131
4.750000,137.000000,35.789280
4.800000,137.000000,34.399597
4.850000,137.000000,33.291723
4.900000,137.000000,32.428103
4.950000,137.000000,31.769978
5.000000,137.000000,31.281091
5.050000,137.000000,30.932045
5.100000,137.000000,30.707564
5.150000,137.000000,30.620646
5.200000,137.000000,30.738886
5.250000,137.000000,31.226226
5.300000,137.000000,32.393892
5.350000,137.000000,34.734533
5.400000,137.000000,38.889920
5.450000,137.000000,45.495212
5.500000,137.000000,54.880198
5.550000,137.000000,66.700481
5.600000,137.000000,79.680609
5.650000,137.000000,91.688569
5.700000,137.000000,100.248824
5.750000,137.000000,103.358867
5.800000,137.000000,100.247998
5.850000,137.000000,91.686620
5.900000,137.000000,79.676860
5.950000,137.000000,66.693699
6.000000,137.000000,54.868288
0.000000,138.000000,26.169130
0.050000,138.000000,25.493154
0.100000,138.000000,24.856086
0.150000,138.000000,24.301251
0.200000,138.000000,23.869852
0.250000,138.000000,23.595952
0.300000,138.000000,23.502033
0.350000,138.000000,23.595952
0.400000,138.000000,23.869852
0.450000,138.000000,24.301251
0.500000,138.000000,24.856086
0.550000,138.000000,25.493154
0.600000,138.000000,26.169130
0.650000,138.000000,26.843343
0.700000,138.000000,27.481575
0.750000,138.000000,28.058460
0.800000,138.000000,28.558340
0.850000,138.000000,28.974751
0.900000,138.000000,29.308901
0.950000,138.000000,29.567592
1.000000,138.000000,29.761036
1.050000,138.000000,29.900884
1.100000,138.000000,29.998698
1.150000,138.000000,30.064930
1.200000,138.000000,30.108365
1.250000,138.000000,30.135965
1.300000,138.000000,30.152965
1.350000,138.000000,30.163116
1.400000,138.000000,30.168995
1.450000,138.000000,30.172298
1.500000,138.000000,30.174098
1.550000,138.000000,30.175050
1.600000,138.000000,30.175539
1.650000,138.000000,30.175783
1.700000,138.000000,30.175900
1.750000,138.000000,30.175956
1.800000,138.000000,30.175981
1.850000,138.000000,30.175993
1.900000,138.000000,30.175999
1.950000,138.000000,30.176003
2.000000,138.000000,30.176009
2.050000,138.000000,30.176019
2.100000,138.000000,30.176040
2.150000,138.000000,30.176081
2.200000,138.000000,30.176162
2.250000,138.000000,30.176316
2.300000,138.000000,30.176607
2.350000,138.000000,30.177142
2.400000,138.000000,30.178111
2.450000,138.000000,30.179830
2.500000,138.000000,30.182822
2.550000,138.000000,30.187930
2.600000,138.000000,30.196478
2.650000,138.000000,30.210507
2.700000,138.000000,30.233081
2.750000,138.000000,30.268695
2.800000,138.000000,30.323771
2.850000,138.000000,30.407254
2.900000,138.000000,30.531271
2.950000,138.000000,30.711796
3.000000,138.000000,30.969247
3.050000,138.000000,31.328888
3.100000,138.000000,31.820884
3.150000,138.000000,32.479841
3.200000,138.000000,33.343666
3.250000,138.000000,34.451586
3.300000,138.000000,35.841278
3.350000,138.000000,37.545131
3.400000,138.000000,39.585807
3.450000,138.000000,41.971452
3.500000,138.000000,44.691026
3.550000,138.000000,47.710383
3.600000,138.000000,50.969738
3.650000,138.000000,54.383171
3.700000,138.000000,57.840633
3.750000,138.000000,61.212677
3.800000,138.000000,64.357798
3.850000,138.000000,67.131919
3.900000,138.000000,69.399155
3.950000,138.000000,71.042782
4.000000,138.000000,71.975180
4.050000,138.000000,72.145567
4.100000,138.000000,71.544581
4.150000,138.000000,70.205132
4.200000,138.000000,68.199415
4.250000,138.000000,65.632469
4.300000,138.000000,62.633065
4.350000,138.000000,59.343044
4.400000,138.000000,55.906309
4.450000,138.000000,52.458657
4.500000,138.000000,49.119419
4.550000,138.000000,45.985538
4.600000,138.000000,43.128374
4.650000,138.000000,40.593152
4.700000,138.000000,38.400661
4.750000,138.000000,36.550653
4.800000,138.000000,35.026263
4.850000,138.000000,33.798836
4.900000,138.000000,32.832639
4.950000,138.000000,32.089209
5.000000,138.000000,31.531475
5.050000,138.000000,31.128606
5.100000,138.000000,30.863863
5.150000,138.000000,30.749573
5.200000,138.000000,30.854688
5.250000,138.000000,31.348334
5.300000,138.000000,32.552831
5.350000,138.000000,34.979225
5.400000,138.000000,39.293729
5.450000,138.000000,46.155862
5.500000,138.000000,55.907919
5.550000,138.000000,68.191641
5.600000,138.000000,81.681222
5.650000,138.000000,94.160698
5.700000,138.000000,103.057140
5.750000,138.000000,106.289272
5.800000,138.000000,103.056063
5.850000,138.000000,94.158166
5.900000,138.000000,81.676383
5.950000,138.000000,68.182952
6.000000,138.000000,55.892780
0.000000,139.000000,26.216828
0.050000,139.000000,25.540126
0.100000,139.000000,24.902375
0.150000,139.000000,24.346943
0.200000,139.000000,23.915081
0.250000,139.000000,23.640887
0.300000,139.000000,23.546868
0.350000,139.000000,23.640887
0.400000,139.000000,23.915081
0.450000,139.000000,24.346943
0.500000,139.000000,24.902375
0.550000,139.000000,25.540126
0.600000,139.000000,26.216828
0.650000,139.000000,26.891765
0.700000,139.000000,27.530682
0.750000,139.000000,28.108186
0.800000,139.000000,28.608603
0.850000,139.000000,29.025461
0.900000,139.000000,29.359970
0.950000,139.000000,29.618939
1.000000,139.000000,29.812590
1.050000,139.000000,29.952588
1.100000,139.000000,30.050508
1.150000,139.000000,30.116810
1.200000,139.000000,30.160292
1.250000,139.000000,30.187922
1.300000,139.000000,30.204940
1.350000,139.000000,30.215102
1.400000,139.000000,30.220988
1.450000,139.000000,30.224294
1.500000,139.000000,30.226096
1.550000,139.000000,30.227049
1.600000,139.000000,30.227539
1.650000,139.000000,30.227782
1.700000,139.000000,30.227900
1.750000,139.000000,30.227956
1.800000,139.000000,30.227981
1.850000,139.000000,30.227992
1.900000,139.000000,30.227998
1.950000,139.000000,30.228002
2.000000,139.000000,30.228006
2.050000,139.000000,30.228014
2.100000,139.000000,30.228029
2.150000,139.000000,30.228060
2.200000,139.000000,30.228120
2.250000,139.000000,30.228236
2.300000,139.000000,30.228456
2.350000,139.000000,30.228867
2.400000,139.000000,30.229615
2.450000,139.000000,30.230954
2.500000,139.000000,30.233304
2.550000,139.000000,30.237350
2.600000,139.000000,30.244182
2.650000,139.000000,30.255490
2.700000,139.000000,30.273846
2.750000,139.000000,30.303058
2.800000,139.000000,30.348632
2.850000,139.000000,30.418326
2.900000,139.000000,30.522783
2.950000,139.000000,30.676204
3.000000,139.000000,30.896987
3.050000,139.000000,31.208234
3.100000,139.000000,31.637975
3.150000,139.000000,32.218959
3.200000,139.000000,32.987831
3.250000,139.000000,33.983539
3.300000,139.000000,35.244853
3.350000,139.000000,36.806999
3.400000,139.000000,38.697499
3.450000,139.000000,40.931481
3.500000,139.000000,43.506890
3.550000,139.000000,46.400155
3.600000,139.000000,49.562966
3.650000,139.000000,52.920814
3.700000,139.000000,56.373846
3.750000,139.000000,59.800392
3.800000,139.000000,63.063196
3.850000,139.000000,66.018039
3.900000,139.000000,68.524064
3.950000,139.000000,70.454803
4.000000,139.000000,71.708722
4.050000,139.000000,72.218060
4.100000,139.000000,71.954898
4.150000,139.000000,70.933688
4.200000,139.000000,69.209946
4.250000,139.000000,66.875245
4.300000,139.000000,64.049165
4.350000,139.000000,60.869159
4.400000,139.000000,57.479551
4.450000,139.000000,54.020861
4.500000,139.000000,50.620550
4.550000,139.000000,47.385965
4.600000,139.000000,44.399945
4.650000,139.000000,41.719124
4.700000,139.000000,39.374712
4.750000,139.000000,37.375218
4.800000,139.000000,35.710507
4.850000,139.000000,34.356529
4.900000,139.000000,33.280172
4.950000,139.000000,32.443895
5.000000,139.000000,31.810267
5.050000,139.000000,31.347293
5.100000,139.000000,31.036864
5.150000,139.000000,30.890533
5.200000,139.000000,30.978263
5.250000,139.000000,31.473655
5.300000,139.000000,32.708918
5.350000,139.000000,35.211685
5.400000,139.000000,39.670326
5.450000,139.000000,46.766473
5.500000,139.000000,56.853730
5.550000,139.000000,69.561053
5.600000,139.000000,83.516486
5.650000,139.000000,96.427209
5.700000,139.000000,105.631143
5.750000,139.000000,108.974919
5.800000,139.000000,105.629742
5.850000,139.000000,96.423932
5.900000,139.000000,83.510263
5.950000,139.000000,69.549961
6.000000,139.000000,56.834556
0.000000,140.000000,26.264621
0.050000,140.000000,25.587209
0.100000,140.000000,24.948789
0.150000,140.000000,24.392775
0.200000,140.000000,23.960460
0.250000,140.000000,23.685978
0.300000,140.000000,23.591860
0.350000,140.000000,23.685978
0.400000,140.000000,23.960460
0.450000,140.000000,24.392775
0.500000,140.000000,24.948789
0.550000,140.000000,25.587209
0.600000,140.000000,26.264621
0.650000,140.000000,26.940265
0.700000,140.000000,27.579853
0.750000,140.000000,28.157963
0.800000,140.000000,28.658904
0.850000,140.000000,29.076200
0.900000,140.000000,29.411059
0.950000,140.000000,29.670300
1.000000,140.000000,29.864155
1.050000,140.000000,30.004299
1.100000,140.000000,30.102322
1.150000,140.000000,30.168694
1.200000,140.000000,30.212221
1.250000,140.000000,30.239880
1.300000,140.000000,30.256916
1.350000,140.000000,30.267089
1.400000,140.000000,30.272981
1.450000,140.000000,30.276290
1.500000,140.000000,30.278094
1.550000,140.000000,30.279048
1.600000,140.000000,30.279538
1.650000,140.000000,30.279782
1.700000,140.000000,30.279900
1.750000,140.000000,30.279956
1.800000,140.000000,30.279981
1.850000,140.000000,30.279992
1.900000,140.000000,30.279998
1.950000,140.000000,30.280001
2.000000,140.000000,30.280004
2.050000,140.000000,30.280010
2.100000,140.000000,30.280021
2.150000,140.000000,30.280044
2.200000,140.000000,30.280088
2.250000,140.000000,30.280176
2.300000,140.000000,30.280342
2.350000,140.000000,30.280655
2.400000,140.000000,30.281231
2.450000,140.000000,30.282270
2.500000,140.000000,30.284109
2.550000,140.000000,30.287303
2.600000,140.000000,30.292741
2.650000,140.000000,30.301822
2.700000,140.000000,30.316691
2.750000,140.000000,30.340560
2.800000,140.000000,30.378126
2.850000,140.000000,30.436082
2.900000,140.000000,30.523719
2.950000,140.000000,30.653591
3.000000,140.000000,30.842176
3.050000,140.000000,31.110459
3.100000,140.000000,31.484295
3.150000,140.000000,31.994420
3.200000,140.000000,32.675913
3.250000,140.000000,33.566958
3.300000,140.000000,34.706767
3.350000,140.000000,36.132598
3.400000,140.000000,37.875914
3.450000,140.000000,39.957893
3.500000,140.000000,42.384615
3.550000,140.000000,45.142455
3.600000,140.000000,48.194288
3.650000,140.000000,51.477173
3.700000,140.000000,54.902138
3.750000,140.000000,58.356500
3.800000,140.000000,61.708929
3.850000,140.000000,64.817080
3.900000,140.000000,67.537271
3.950000,140.000000,69.735349
4.000000,140.000000,71.297589
4.050000,140.000000,72.140439
4.100000,140.000000,72.217916
4.150000,140.000000,71.525760
4.200000,140.000000,70.101827
4.250000,140.000000,68.022656
4.300000,140.000000,65.396656
4.350000,140.000000,62.354747
4.400000,140.000000,59.039593
4.450000,140.000000,55.594634
4.500000,140.000000,52.154088
4.550000,140.000000,48.834860
4.600000,140.000000,45.730937
4.650000,140.000000,42.910523
4.700000,140.000000,40.415783
4.750000,140.000000,38.264776
4.800000,140.000000,36.455019
4.850000,140.000000,34.967998
4.900000,140.000000,33.774066
4.950000,140.000000,32.837314
5.000000,140.000000,32.120476
5.050000,140.000000,31.590739
5.100000,140.000000,31.228766
5.150000,140.000000,31.045264
5.200000,140.000000,31.110852
5.250000,140.000000,31.602839
5.300000,140.000000,32.861975
5.350000,140.000000,35.430453
5.400000,140.000000,40.016213
5.450000,140.000000,47.320463
5.500000,140.000000,57.706761
5.550000,140.000000,70.792498
5.600000,140.000000,85.164343
5.650000,140.000000,98.460648
5.700000,140.000000,107.939535
5.750000,140.000000,111.383112
5.800000,140.000000,107.937720
5.850000,140.000000,98.456421
5.900000,140.000000,85.156369
5.950000,140.000000,70.778390
6.000000,140.000000,57.682563
0.000000,141.000000,26.312506
0.050000,141.000000,25.634400
0.100000,141.000000,24.995326
0.150000,141.000000,24.438742
0.200000,141.000000,24.005984
0.250000,141.000000,23.731221
0.300000,141.000000,23.637006
0.350000,141.000000,23.731221
0.400000,141.000000,24.005984
0.450000,141.000000,24.438742
0.500000,141.000000,24.995326
0.550000,141.000000,25.634400
0.600000,141.000000,26.312506
0.650000,141.000000,26.988843
0.700000,141.000000,27.629086
0.750000,141.000000,28.207788
0.800000,141.000000,28.709243
0.850000,141.000000,29.126966
0.900000,141.000000,29.462169
0.950000,141.000000,29.721676
1.000000,141.000000,29.915729
1.050000,141.000000,30.056017
1.100000,141.000000,30.154140
1.150000,141.000000,30.220580
1.200000,141.000000,30.264151
1.250000,141.000000,30.291839
1.300000,141.000000,30.308892
1.350000,141.000000,30.319076
1.400000,141.000000,30.324973
1.450000,141.000000,30.328287
1.500000,141.000000,30.330092
1.550000,141.000000,30.331047
1.600000,141.000000,30.331538
1.650000,141.000000,30.331782
1.700000,141.000000,30.331900
1.750000,141.000000,30.331955
1.800000,141.000000,30.331981
1.850000,141.000000,30.331992
1.900000,141.000000,30.331997
1.950000,141.000000,30.332000
2.000000,141.000000,30.332003
2.050000,141.000000,30.332007
2.100000,141.000000,30.332015
2.150000,141.000000,30.332032
2.200000,141.000000,30.332065
2.250000,141.000000,30.332130
2.300000,141.000000,30.332256
2.350000,141.000000,30.332493
2.400000,141.000000,30.332935
2.450000,141.000000,30.333738
2.500000,141.000000,30.335172
2.550000,141.000000,30.337683
2.600000,141.000000,30.341996
2.650000,141.000000,30.349261
2.700000,141.000000,30.361259
2.750000,141.000000,30.380688
2.800000,141.000000,30.411534
2.850000,141.000000,30.459542
2.900000,141.000000,30.532781
2.950000,141.000000,30.642286
3.000000,141.000000,30.802731
3.050000,141.000000,31.033054
3.100000,141.000000,31.356943
3.150000,141.000000,31.803016
3.200000,141.000000,32.404549
3.250000,141.000000,33.198562
3.300000,141.000000,34.224130
3.350000,141.000000,35.519795
3.400000,141.000000,37.120090
3.450000,141.000000,39.051304
3.500000,141.000000,41.326753
3.550000,141.000000,43.942012
3.600000,141.000000,46.870685
3.650000,141.000000,50.061352
3.700000,141.000000,53.436368
3.750000,141.000000,56.893021
3.800000,141.000000,60.307390
3.850000,141.000000,63.540888
3.900000,141.000000,66.449129
3.950000,141.000000,68.892400
4.000000,141.000000,70.746688
4.050000,141.000000,71.914093
4.100000,141.000000,72.331379
4.150000,141.000000,71.975651
4.200000,141.000000,70.866435
4.250000,141.000000,69.063906
4.300000,141.000000,66.663474
4.350000,141.000000,63.787426
4.400000,141.000000,60.574628
4.450000,141.000000,57.169490
4.500000,141.000000,53.711417
4.550000,141.000000,50.325777
4.600000,141.000000,47.117158
4.650000,141.000000,44.165289
4.700000,141.000000,41.523669
4.750000,141.000000,39.220608
4.800000,141.000000,37.262151
4.850000,141.000000,35.636260
4.900000,141.000000,34.317647
4.950000,141.000000,33.272807
5.000000,141.000000,32.465248
5.050000,141.000000,31.861749
5.100000,141.000000,31.441955
5.150000,141.000000,31.215691
5.200000,141.000000,31.253877
5.250000,141.000000,31.736713
5.300000,141.000000,33.012025
5.350000,141.000000,35.634331
5.400000,141.000000,40.328290
5.450000,141.000000,47.811881
5.500000,141.000000,58.457114
5.550000,141.000000,71.871171
5.600000,141.000000,86.604625
5.650000,141.000000,100.235903
5.700000,141.000000,109.953684
5.750000,141.000000,113.483930
5.800000,141.000000,109.951341
5.850000,141.000000,100.230472
5.900000,141.000000,86.594445
5.950000,141.000000,71.853291
6.000000,141.000000,58.426687
0.000000,142.000000,26.360482
0.050000,142.000000,25.681697
0.100000,142.000000,25.041982
0.150000,142.000000,24.484841
0.200000,142.000000,24.051650
0.250000,142.000000,23.776612
0.300000,142.000000,23.682303
0.350000,142.000000,23.776612
0.400000,142.000000,24.051650
0.450000,142.000000,24.484841
0.500000,142.000000,25.041982
0.550000,142.000000,25.681697
0.600000,142.000000,26.360482
0.650000,142.000000,27.037496
0.700000,142.000000,27.678379
0.750000,142.000000,28.257661
0.800000,142.000000,28.759618
0.850000,142.000000,29.177760
0.900000,142.000000,29.513298
0.950000,142.000000,29.773065
1.000000,142.000000,29.967312
1.050000,142.000000,30.107741
1.100000,142.000000,30.205962
1.150000,142.000000,30.272468
1.200000,142.000000,30.316083
1.250000,142.000000,30.343799
1.300000,142.000000,30.360869
1.350000,142.000000,30.371063
1.400000,142.000000,30.376966
1.450000,142.000000,30.380283
1.500000,142.000000,30.382090
1.550000,142.000000,30.383046
1.600000,142.000000,30.383537
1.650000,142.000000,30.383782
1.700000,142.000000,30.383900
1.750000,142.000000,30.383955
1.800000,142.000000,30.383981
1.850000,142.000000,30.383992
1.900000,142.000000,30.383997
1.950000,142.000000,30.384000
2.000000,142.000000,30.384002
2.050000,142.000000,30.384005
2.100000,142.000000,30.384011
2.150000,142.000000,30.384023
2.200000,142.000000,30.384048
2.250000,142.000000,30.384096
2.300000,142.000000,30.384190
2.350000,142.000000,30.384370
2.400000,142.000000,30.384707
2.450000,142.000000,30.385326
2.500000,142.000000,30.386440
2.550000,142.000000,30.388407
2.600000,142.000000,30.391815
2.650000,142.000000,30.397604
2.700000,142.000000,30.407249
2.750000,142.000000,30.423003
2.800000,142.000000,30.448234
2.850000,142.000000,30.487848
2.900000,142.000000,30.548817
2.950000,142.000000,30.640788
3.000000,142.000000,30.776751
3.050000,142.000000,30.973698
3.100000,142.000000,31.253184
3.150000,142.000000,31.641660
3.200000,142.000000,32.170421
3.250000,142.000000,32.875000
3.300000,142.000000,33.793834
3.350000,142.000000,34.966075
3.400000,142.000000,36.428501
3.450000,142.000000,38.211591
3.500000,142.000000,40.334966
3.550000,142.000000,42.802574
3.600000,142.000000,45.598149
3.650000,142.000000,48.681551
3.700000,142.000000,51.986684
3.750000,142.000000,55.421551
3.800000,142.000000,58.870912
3.850000,142.000000,62.201667
3.900000,142.000000,65.270764
3.950000,142.000000,67.935081
4.000000,142.000000,70.062351
4.050000,142.000000,71.541993
4.100000,142.000000,72.294628
4.150000,142.000000,72.279131
4.200000,142.000000,71.496354
4.250000,142.000000,69.989049
4.300000,142.000000,67.837996
4.350000,142.000000,65.154839
4.400000,142.000000,62.072494
4.450000,142.000000,58.734285
4.500000,142.000000,55.283043
4.550000,142.000000,51.851294
4.600000,142.000000,48.553432
4.650000,142.000000,45.480449
4.700000,142.000000,42.697391
4.750000,142.000000,40.243390
4.800000,142.000000,38.133833
4.850000,142.000000,36.364087
4.900000,142.000000,34.914146
4.950000,142.000000,33.753741
5.000000,142.000000,32.847836
5.050000,142.000000,32.163291
5.100000,142.000000,31.679004
5.150000,142.000000,31.403931
5.200000,142.000000,31.408950
5.250000,142.000000,31.876300
5.300000,142.000000,33.159318
5.350000,142.000000,35.822435
5.400000,142.000000,40.603943
5.450000,142.000000,48.235548
5.500000,142.000000,59.096086
5.550000,142.000000,72.783994
5.600000,142.000000,87.819490
5.650000,142.000000,101.730738
5.700000,142.000000,111.648221
5.750000,142.000000,115.250862
5.800000,142.000000,111.645209
5.850000,142.000000,101.723787
5.900000,142.000000,87.806541
5.950000,142.000000,72.761415
6.000000,142.000000,59.057962
0.000000,143.000000,26.408546
0.050000,143.000000,25.729097
0.100000,143.000000,25.088757
0.150000,143.000000,24.531071
0.200000,143.000000,24.097455
0.250000,143.000000,23.822148
0.300000,143.000000,23.727747
0.350000,143.000000,23.822148
0.400000,143.000000,24.097455
0.450000,143.000000,24.531071
0.500000,143.000000,25.088757
0.550000,143.000000,25.729097
0.600000,143.000000,26.408546
0.650000,143.000000,27.086222
0.700000,143.000000,27.727733
0.750000,143.000000,28.307581
0.800000,143.000000,28.810029
0.850000,143.000000,29.228580
0.900000,143.000000,29.564446
0.950000,143.000000,29.824467
1.000000,143.000000,30.018904
1.050000,143.000000,30.159470
1.100000,143.000000,30.257788
1.150000,143.000000,30.324359
1.200000,143.000000,30.368017
1.250000,143.000000,30.395759
1.300000,143.000000,30.412846
1.350000,143.000000,30.423050
1.400000,143.000000,30.428959
1.450000,143.000000,30.432279
1.500000,143.000000,30.434089
1.550000,143.000000,30.435046
1.600000,143.000000,30.435537
1.650000,143.000000,30.435781
1.700000,143.000000,30.435900
1.750000,143.000000,30.435955
1.800000,143.000000,30.435981
1.850000,143.000000,30.435992
1.900000,143.000000,30.435997
1.950000,143.000000,30.435999
2.000000,143.000000,30.436001
2.050000,143.000000,30.436003
2.100000,143.000000,30.436008
2.150000,143.000000,30.436017
2.200000,143.000000,30.436035
2.250000,143.000000,30.436071
2.300000,143.000000,30.436141
2.350000,143.000000,30.436277
2.400000,143.000000,30.436533
2.450000,143.000000,30.437008
2.500000,143.000000,30.437870
2.550000,143.000000,30.439405
2.600000,143.000000,30.442088
2.650000,143.000000,30.446684
2.700000,143.000000,30.454407
2.750000,143.000000,30.467133
2.800000,143.000000,30.487691
2.850000,143.000000,30.520253
2.900000,143.000000,30.570811
2.950000,143.000000,30.647754
3.000000,143.000000,30.762519
3.050000,143.000000,30.930258
3.100000,143.000000,31.170462
3.150000,143.000000,31.507406
3.200000,143.000000,31.970292
3.250000,143.000000,32.592908
3.300000,143.000000,33.412627
3.350000,143.000000,34.468616
3.400000,143.000000,35.799133
3.450000,143.000000,37.437962
3.500000,143.000000,39.410087
3.550000,143.000000,41.726944
3.600000,143.000000,44.381678
3.650000,143.000000,47.345019
3.700000,143.000000,50.562423
3.750000,143.000000,53.953123
3.800000,143.000000,57.411605
3.850000,143.000000,60.811791
3.900000,143.000000,64.013891
3.950000,143.000000,66.873505
4.000000,143.000000,69.252222
4.050000,143.000000,71.028640
4.100000,143.000000,72.108614
4.150000,143.000000,72.433515
4.200000,143.000000,71.985504
4.250000,143.000000,70.789156
4.300000,143.000000,68.909224
4.350000,143.000000,66.444834
4.400000,143.000000,63.520832
4.450000,143.000000,60.277334
4.500000,143.000000,56.858684
4.550000,143.000000,53.403040
4.600000,143.000000,50.033584
4.650000,143.000000,46.852080
4.700000,143.000000,43.935130
4.750000,143.000000,41.333117
4.800000,143.000000,39.071497
4.850000,143.000000,37.153931
4.900000,143.000000,35.566636
4.950000,143.000000,34.283459
5.000000,143.000000,33.271566
5.050000,143.000000,32.498470
5.100000,143.000000,31.942663
5.150000,143.000000,31.612296
5.200000,143.000000,31.577886
5.250000,143.000000,32.022839
5.300000,143.000000,33.304360
5.350000,143.000000,35.994241
5.400000,143.000000,40.841120
5.450000,143.000000,48.587188
5.500000,143.000000,59.616363
5.550000,143.000000,73.519909
5.600000,143.000000,88.793809
5.650000,143.000000,102.926275
5.700000,143.000000,113.001601
5.750000,143.000000,116.661381
5.800000,143.000000,112.997743
5.850000,143.000000,102.917410
5.900000,143.000000,88.777396
5.950000,143.000000,73.491500
6.000000,143.000000,59.568767
0.000000,144.000000,26.456696
0.050000,144.000000,25.776598
0.100000,144.000000,25.135646
0.150000,144.000000,24.577427
0.200000,144.000000,24.143397
0.250000,144.000000,23.867827
0.300000,144.000000,23.773335
0.350000,144.000000,23.867827
0.400000,144.000000,24.143397
0.450000,144.000000,24.577427
0.500000,144.000000,25.135646
0.550000,144.000000,25.776598
0.600000,144.000000,26.456696
0.650000,144.000000,27.135020
0.700000,144.000000,27.777144
0.750000,144.000000,28.357547
0.800000,144.000000,28.860475
0.850000,144.000000,29.279426
0.900000,144.000000,29.615613
0.950000,144.000000,29.875882
1.000000,144.000000,30.070505
1.050000,144.000000,30.211206
1.100000,144.000000,30.309617
1.150000,144.000000,30.376252
1.200000,144.000000,30.419952
1.250000,144.000000,30.447721
1.300000,144.000000,30.464824
1.350000,144.000000,30.475038
1.400000,144.000000,30.480953
1.450000,144.000000,30.484276
1.500000,144.000000,30.486087
1.550000,144.000000,30.487045
1.600000,144.000000,30.487536
1.650000,144.000000,30.487781
1.700000,144.000000,30.487900
1.750000,144.000000,30.487955
1.800000,144.000000,30.487981
1.850000,144.000000,30.487992
1.900000,144.000000,30.487997
1.950000,144.000000,30.487999
2.000000,144.000000,30.488001
2.050000,144.000000,30.488002
2.100000,144.000000,30.488006
2.150000,144.000000,30.488012
2.200000,144.000000,30.488025
2.250000,144.000000,30.488052
2.300000,144.000000,30.488104
2.350000,144.000000,30.488206
2.400000,144.000000,30.488401
2.450000,144.000000,30.488763
2.500000,144.000000,30.489428
2.550000,144.000000,30.490622
2.600000,144.000000,30.492725
2.650000,144.000000,30.496360
2.700000,144.000000,30.502522
2.750000,144.000000,30.512762
2.800000,144.000000,30.529450
2.850000,144.000000,30.556112
2.900000,144.000000,30.597874
2.950000,144.000000,30.661994
3.000000,144.000000,30.758485
3.050000,144.000000,30.900784
3.100000,144.000000,31.106403
3.150000,144.000000,31.397473
3.200000,144.000000,31.801039
3.250000,144.000000,32.348949
3.300000,144.000000,33.077172
3.350000,144.000000,34.024362
3.400000,144.000000,35.229568
3.450000,144.000000,36.729034
3.500000,144.000000,38.552187
3.550000,144.000000,40.717020
3.600000,144.000000,43.225285
3.650000,144.000000,46.058018
3.700000,144.000000,49.172039
3.750000,144.000000,52.498090
3.800000,144.000000,55.941193
3.850000,144.000000,59.383629
3.900000,144.000000,62.690636
3.950000,144.000000,65.718606
4.000000,144.000000,68.325131
4.050000,144.000000,70.379989
4.100000,144.000000,71.775881
4.150000,144.000000,72.437705
4.200000,144.000000,72.329248
4.250000,144.000000,71.456470
4.300000,144.000000,69.866963
4.350000,144.000000,67.645648
4.400000,144.000000,64.907262
4.450000,144.000000,61.786557
4.500000,144.000000,58.427361
4.550000,144.000000,54.971755
4.600000,144.000000,51.550456
4.650000,144.000000,48.275274
4.700000,144.000000,45.234168
4.750000,144.000000,42.489028
4.800000,144.000000,40.075990
4.850000,144.000000,38.007845
4.900000,144.000000,36.277962
4.950000,144.000000,34.865221
5.000000,144.000000,33.739804
5.050000,144.000000,32.870511
5.100000,144.000000,32.235851
5.150000,144.000000,31.843291
5.200000,144.000000,31.762707
5.250000,144.000000,32.177798
5.300000,144.000000,33.447941
5.350000,144.000000,36.149628
5.400000,144.000000,41.038402
5.450000,144.000000,48.863534
5.500000,144.000000,60.012201
5.550000,144.000000,74.070133
5.600000,144.000000,89.515506
5.650000,144.000000,103.807414
5.700000,144.000000,113.996568
5.750000,144.000000,117.697437
5.800000,144.000000,113.991644
5.850000,144.000000,103.796150
5.900000,144.000000,89.494779
5.950000,144.000000,74.034517
6.000000,144.000000,59.952993
0.000000,145.000000,26.504932
0.050000,145.000000,25.824198
0.100000,145.000000,25.182647
0.150000,145.000000,24.623907
0.200000,145.000000,24.189472
0.250000,145.000000,23.913644
0.300000,145.000000,23.819065
0.350000,145.000000,23.913644
0.400000,145.000000,24.189472
0.450000,145.000000,24.623907
0.500000,145.000000,25.182647
0.550000,145.000000,25.824198
0.600000,145.000000,26.504932
0.650000,145.000000,27.183889
0.700000,145.000000,27.826612
0.750000,145.000000,28.407557
0.800000,145.000000,28.910955
0.850000,145.000000,29.330297
0.900000,145.000000,29.666799
0.950000,145.000000,29.927311
1.000000,145.000000,30.122116
1.050000,145.000000,30.262947
1.100000,145.000000,30.361451
1.150000,145.000000,30.428148
1.200000,145.000000,30.471889
1.250000,145.000000,30.499683
1.300000,145.000000,30.516802
1.350000,145.000000,30.527026
1.400000,145.000000,30.532946
1.450000,145.000000,30.536272
1.500000,145.000000,30.538085
1.550000,145.000000,30.539044
1.600000,145.000000,30.539536
1.650000,145.000000,30.539781
1.700000,145.000000,30.539900
1.750000,145.000000,30.539955
1.800000,145.000000,30.539981
1.850000,145.000000,30.539992
1.900000,145.000000,30.539997
1.950000,145.000000,30.539999
2.000000,145.000000,30.540000
2.050000,145.000000,30.540002
2.100000,145.000000,30.540004
2.150000,145.000000,30.540009
2.200000,145.000000,30.540018
2.250000,145.000000,30.540038
2.300000,145.000000,30.540077
2.350000,145.000000,30.540153
2.400000,145.000000,30.540300
2.450000,145.000000,30.540576
2.500000,145.000000,30.541086
2.550000,145.000000,30.542011
2.600000,145.000000,30.543654
2.650000,145.000000,30.546519
2.700000,145.000000,30.551416
2.750000,145.000000,30.559625
2.800000,145.000000,30.573118
2.850000,145.000000,30.594866
2.900000,145.000000,30.629229
2.950000,145.000000,30.682456
3.000000,145.000000,30.763267
3.050000,145.000000,30.883509
3.100000,145.000000,31.058824
3.150000,145.000000,31.309257
3.200000,145.000000,31.659676
3.250000,145.000000,32.139863
3.300000,145.000000,32.784103
3.350000,145.000000,33.630096
3.400000,145.000000,34.717059
3.450000,145.000000,36.082921
3.500000,145.000000,37.760648
3.550000,145.000000,39.773856
3.600000,145.000000,42.132027
3.650000,145.000000,44.825817
3.700000,145.000000,47.823043
3.750000,145.000000,51.066019
3.800000,145.000000,54.470879
3.850000,145.000000,57.929366
3.900000,145.000000,61.313345
3.950000,145.000000,64.481955
4.000000,145.000000,67.290936
4.050000,145.000000,69.603339
4.100000,145.000000,71.300521
4.150000,145.000000,72.292213
4.200000,145.000000,72.524470
4.250000,145.000000,71.984534
4.300000,145.000000,70.701993
4.350000,145.000000,68.746095
4.400000,145.000000,66.219557
4.450000,145.000000,63.249633
4.500000,145.000000,59.977525
4.550000,145.000000,56.547363
4.600000,145.000000,53.095930
4.650000,145.000000,49.744128
4.700000,145.000000,46.590843
4.750000,145.000000,43.709539
4.800000,145.000000,41.147502
4.850000,145.000000,38.927404
4.900000,145.000000,37.050671
4.950000,145.000000,35.502152
5.000000,145.000000,34.255901
5.050000,145.000000,33.282725
5.100000,145.000000,32.561635
5.150000,145.000000,32.099609
5.200000,145.000000,31.965649
5.250000,145.000000,32.342887
5.300000,145.000000,33.591156
5.350000,145.000000,36.288913
5.400000,145.000000,41.195059
5.450000,145.000000,49.062429
5.500000,145.000000,60.279565
5.550000,145.000000,74.428360
5.600000,145.000000,89.975835
5.650000,145.000000,104.363172
5.700000,145.000000,114.620546
5.750000,145.000000,118.345863
5.800000,145.000000,114.614286
5.850000,145.000000,104.348911
5.900000,145.000000,89.949756
5.950000,145.000000,74.383871
6.000000,145.000000,60.206176
0.000000,146.000000,26.553249
0.050000,146.000000,25.871895
0.100000,146.000000,25.229758
0.150000,146.000000,24.670508
0.200000,146.000000,24.235677
0.250000,146.000000,23.959597
0.300000,146.000000,23.864932
0.350000,146.000000,23.959597
0.400000,146.000000,24.235677
0.450000,146.000000,24.670508
0.500000,146.000000,25.229758
0.550000,146.000000,25.871895
0.600000,146.000000,26.553249
0.650000,146.000000,27.232826
0.700000,146.000000,27.876136
0.750000,146.000000,28.457611
0.800000,146.000000,28.961469
0.850000,146.000000,29.381193
0.900000,146.000000,29.718002
0.950000,146.000000,29.978752
1.000000,146.000000,30.173734
1.050000,146.000000,30.314695
1.100000,146.000000,30.413288
1.150000,146.000000,30.480046
1.200000,146.000000,30.523826
1.250000,146.000000,30.551646
1.300000,146.000000,30.568781
1.350000,146.000000,30.579014
1.400000,146.000000,30.584940
1.450000,146.000000,30.588269
1.500000,146.000000,30.590083
1.550000,146.000000,30.591043
1.600000,146.000000,30.591535
1.650000,146.000000,30.591781
1.700000,146.000000,30.591899
1.750000,146.000000,30.591955
1.800000,146.000000,30.591981
1.850000,146.000000,30.591992
1.900000,146.000000,30.591997
1.950000,146.000000,30.591999
2.000000,146.000000,30.592000
2.050000,146.000000,30.592001
2.100000,146.000000,30.592003
2.150000,146.000000,30.592006
2.200000,146.000000,30.592013
2.250000,146.000000,30.592028
2.300000,146.000000,30.592056
2.350000,146.000000,30.592113
2.400000,146.000000,30.592224
2.450000,146.000000,30.592433
2.500000,146.000000,30.592824
2.550000,146.000000,30.593537
2.600000,146.000000,30.594816
2.650000,146.000000,30.597065
2.700000,146.000000,30.600942
2.750000,146.000000,30.607497
2.800000,146.000000,30.618367
2.850000,146.000000,30.636038
2.900000,146.000000,30.664205
2.950000,146.000000,30.708218
3.000000,146.000000,30.775633
3.050000,146.000000,30.876838
3.100000,146.000000,31.025723
3.150000,146.000000,31.240333
3.200000,146.000000,31.543377
3.250000,146.000000,31.962492
3.300000,146.000000,32.530071
3.350000,146.000000,33.282497
3.400000,146.000000,34.258609
3.450000,146.000000,35.497306
3.500000,146.000000,37.034243
3.550000,146.000000,38.897723
3.600000,146.000000,41.104044
3.650000,146.000000,43.652697
3.700000,146.000000,46.521969
3.750000,146.000000,49.665610
3.800000,146.000000,53.011209
3.850000,146.000000,56.460847
3.900000,146.000000,59.894406
3.950000,146.000000,63.175586
4.000000,146.000000,66.160364
4.050000,146.000000,68.707210
4.100000,146.000000,70.688101
4.150000,146.000000,71.999153
4.200000,146.000000,72.569639
4.250000,146.000000,72.368308
4.300000,146.000000,71.406221
4.350000,146.000000,69.735744
4.400000,146.000000,67.445830
4.450000,146.000000,64.654170
4.500000,146.000000,61.497188
4.550000,146.000000,58.119063
4.600000,146.000000,54.660984
4.650000,146.000000,51.251750
4.700000,146.000000,48.000517
4.750000,146.000000,44.992181
4.800000,146.000000,42.285484
4.850000,146.000000,39.913623
4.900000,146.000000,37.886934
4.950000,146.000000,36.197164
5.000000,146.000000,34.823148
5.050000,146.000000,33.738468
5.100000,146.000000,32.923208
5.150000,146.000000,32.384121
5.200000,146.000000,32.189158
5.250000,146.000000,32.520067
5.300000,146.000000,33.735420
5.350000,146.000000,36.412879
5.400000,146.000000,41.311099
5.450000,146.000000,49.182893
5.500000,146.000000,60.416239
5.550000,146.000000,74.590921
5.600000,146.000000,90.169584
5.650000,146.000000,104.586936
5.700000,146.000000,114.865927
5.750000,146.000000,118.598669
5.800000,146.000000,114.857998
5.850000,146.000000,104.568950
5.900000,146.000000,90.136892
5.950000,146.000000,74.535549
6.000000,146.000000,60.325600
0.000000,147.000000,26.601648
0.050000,147.000000,25.919686
0.100000,147.000000,25.276977
0.150000,147.000000,24.717228
0.200000,147.000000,24.282009
0.250000,147.000000,24.005684
0.300000,147.000000,23.910933
0.350000,147.000000,24.005684
0.400000,147.000000,24.282009
0.450000,147.000000,24.717228
0.500000,147.000000,25.276977
0.550000,147.000000,25.919686
0.600000,147.000000,26.601648
0.650000,147.000000,27.281831
0.700000,147.000000,27.925715
0.750000,147.000000,28.507708
0.800000,147.000000,29.012015
0.850000,147.000000,29.432114
0.900000,147.000000,29.769222
0.950000,147.000000,30.030205
1.000000,147.000000,30.225361
1.050000,147.000000,30.366447
1.100000,147.000000,30.465128
1.150000,147.000000,30.531946
1.200000,147.000000,30.575766
1.250000,147.000000,30.603610
1.300000,147.000000,30.620761
1.350000,147.000000,30.631002
1.400000,147.000000,30.636933
1.450000,147.000000,30.640265
1.500000,147.000000,30.642082
1.550000,147.000000,30.643042
1.600000,147.000000,30.643535
1.650000,147.000000,30.643781
1.700000,147.000000,30.643899
1.750000,147.000000,30.643955
1.800000,147.000000,30.643981
1.850000,147.000000,30.643992
1.900000,147.000000,30.643997
1.950000,147.000000,30.643999
2.000000,147.000000,30.644000
2.050000,147.000000,30.644001
2.100000,147.000000,30.644002
2.150000,147.000000,30.644004
2.200000,147.000000,30.644010
2.250000,147.000000,30.644020
2.300000,147.000000,30.644041
2.350000,147.000000,30.644084
2.400000,147.000000,30.644166
2.450000,147.000000,30.644325
2.500000,147.000000,30.644622
2.550000,147.000000,30.645171
2.600000,147.000000,30.646163
2.650000,147.000000,30.647921
2.700000,147.000000,30.650979
2.750000,147.000000,30.656195
2.800000,147.000000,30.664917
2.850000,147.000000,30.679221
2.900000,147.000000,30.702220
2.950000,147.000000,30.738474
3.000000,147.000000,30.794495
3.050000,147.000000,30.879344
3.100000,147.000000,31.005286
3.150000,147.000000,31.188465
3.200000,147.000000,31.449486
3.250000,147.000000,31.813810
3.300000,147.000000,32.311793
3.350000,147.000000,32.978201
3.400000,147.000000,33.851036
3.450000,147.000000,34.969525
3.500000,147.000000,36.371212
3.550000,147.000000,38.088183
3.600000,147.000000,40.142615
3.650000,147.000000,42.541971
3.700000,147.000000,45.274357
3.750000,147.000000,48.304637
3.800000,147.000000,51.571975
3.850000,147.000000,54.989431
3.900000,147.000000,58.446069
3.950000,147.000000,61.811803
4.000000,147.000000,64.944832
4.050000,147.000000,67.701195
4.100000,147.000000,69.945563
4.150000,147.000000,71.562200
4.200000,147.000000,72.464827
4.250000,147.000000,72.604256
4.300000,147.000000,71.972823
4.350000,147.000000,70.605093
4.400000,147.000000,68.574720
4.450000,147.000000,65.987880
4.500000,147.000000,62.974079
4.550000,147.000000,59.675449
4.600000,147.000000,56.235755
4.650000,147.000000,52.790282
4.700000,147.000000,49.457561
4.750000,147.000000,46.333555
4.800000,147.000000,43.488583
4.850000,147.000000,40.966879
4.900000,147.000000,38.788463
4.950000,147.000000,36.952895
5.000000,147.000000,35.444712
5.050000,147.000000,34.241102
5.100000,147.000000,33.323862
5.150000,147.000000,32.699861
5.200000,147.000000,32.435893
5.250000,147.000000,32.711557
5.300000,147.000000,33.882487
5.350000,147.000000,36.522803
5.400000,147.000000,41.387302
5.450000,147.000000,49.225177
5.500000,147.000000,60.421899
5.550000,147.000000,74.556878
5.600000,147.000000,90.095208
5.650000,147.000000,104.476623
5.700000,147.000000,114.730243
5.750000,147.000000,118.453230
5.800000,147.000000,114.720238
5.850000,147.000000,104.454021
5.900000,147.000000,90.054375
5.950000,147.000000,74.488209
6.000000,147.000000,60.310358
0.000000,148.000000,26.650126
0.050000,148.000000,25.967570
0.100000,148.000000,25.324301
0.150000,148.000000,24.764064
0.200000,148.000000,24.328466
0.250000,148.000000,24.051900
0.300000,148.000000,23.957067
0.350000,148.000000,24.051900
0.400000,148.000000,24.328466
0.450000,148.000000,24.764064
0.500000,148.000000,25.324301
0.550000,148.000000,25.967570
0.600000,148.000000,26.650126
0.650000,148.000000,27.330902
0.700000,148.000000,27.975346
0.750000,148.000000,28.557847
0.800000,148.000000,29.062593
0.850000,148.000000,29.483058
0.900000,148.000000,29.820460
0.950000,148.000000,30.081670
1.000000,148.000000,30.276997
1.050000,148.000000,30.418206
1.100000,148.000000,30.516973
1.150000,148.000000,30.583848
1.200000,148.000000,30.627706
1.250000,148.000000,30.655575
1.300000,148.000000,30.672740
1.350000,148.000000,30.682991
1.400000,148.000000,30.688927
1.450000,148.000000,30.692262
1.500000,148.000000,30.694080
1.550000,148.000000,30.695041
1.600000,148.000000,30.695535
1.650000,148.000000,30.695780
1.700000,148.000000,30.695899
1.750000,148.000000,30.695955
1.800000,148.000000,30.695981
1.850000,148.000000,30.695992
1.900000,148.000000,30.695997
1.950000,148.000000,30.695999
2.000000,148.000000,30.696000
2.050000,148.000000,30.696000
2.100000,148.000000,30.696001
2.150000,148.000000,30.696003
2.200000,148.000000,30.696007
2.250000,148.000000,30.696014
2.300000,148.000000,30.696030
2.350000,148.000000,30.696061
2.400000,148.000000,30.696123
2.450000,148.000000,30.696242
2.500000,148.000000,30.696469
2.550000,148.000000,30.696889
2.600000,148.000000,30.697655
2.650000,148.000000,30.699025
2.700000,148.000000,30.701428
2.750000,148.000000,30.705561
2.800000,148.000000,30.712534
2.850000,148.000000,30.724068
2.900000,148.000000,30.742776
2.950000,148.000000,30.772524
3.000000,148.000000,30.818896
3.050000,148.000000,30.889755
3.100000,148.000000,30.995871
3.150000,148.000000,31.151604
3.200000,148.000000,31.375530
3.250000,148.000000,31.690946
3.300000,148.000000,32.126078
3.350000,148.000000,32.713852
3.400000,148.000000,33.491042
3.450000,148.000000,34.496641
3.500000,148.000000,35.769348
3.550000,148.000000,37.344167
3.600000,148.000000,39.248215
3.650000,148.000000,41.496024
3.700000,148.000000,44.084755
3.750000,148.000000,46.989902
3.800000,148.000000,50.162120
3.850000,148.000000,53.525853
3.900000,148.000000,56.980289
3.950000,148.000000,60.402998
4.000000,148.000000,63.656265
4.050000,148.000000,66.595801
4.100000,148.000000,69.081110
4.150000,148.000000,70.986526
4.200000,148.000000,72.211713
4.250000,148.000000,72.690409
4.300000,148.000000,72.396364
4.350000,148.000000,71.345726
4.400000,148.000000,69.595571
4.450000,148.000000,67.238765
4.500000,148.000000,64.395807
4.550000,148.000000,61.204638
4.600000,148.000000,57.809628
4.650000,148.000000,54.350940
4.700000,148.000000,50.955349
4.750000,148.000000,47.729292
4.800000,148.000000,44.754578
4.850000,148.000000,42.086831
4.900000,148.000000,39.756434
4.950000,148.000000,37.771624
5.000000,148.000000,36.123570
5.050000,148.000000,34.793941
5.100000,148.000000,33.766949
5.150000,148.000000,33.050000
5.200000,148.000000,32.708709
5.250000,148.000000,32.919832
5.300000,148.000000,34.034453
5.350000,148.000000,36.620460
5.400000,148.000000,41.425233
5.450000,148.000000,49.190780
5.500000,148.000000,60.298138
5.550000,148.000000,74.328067
5.600000,148.000000,89.754871
5.650000,148.000000,104.034731
5.700000,148.000000,114.216234
5.750000,148.000000,117.912346
5.800000,148.000000,114.203657
5.850000,148.000000,104.006435
5.900000,148.000000,89.704057
5.950000,148.000000,74.243217
6.000000,148.000000,60.161369
0.000000,149.000000,26.698682
0.050000,149.000000,26.015544
0.100000,149.000000,25.371728
0.150000,149.000000,24.811014
0.200000,149.000000,24.375045
0.250000,149.000000,24.098243
0.300000,149.000000,24.003329
0.350000,149.000000,24.098243
0.400000,149.000000,24.375045
0.450000,149.000000,24.811014
0.500000,149.000000,25.371728
0.550000,149.000000,26.015544
0.600000,149.000000,26.698682
0.650000,149.000000,27.380037
0.700000,149.000000,28.025030
0.750000,149.000000,28.608026
0.800000,149.000000,29.113202
0.850000,149.000000,29.534025
0.900000,149.000000,29.871715
0.950000,149.000000,30.133147
1.000000,149.000000,30.328640
1.050000,149.000000,30.469969
1.100000,149.000000,30.568820
1.150000,149.000000,30.635753
1.200000,149.000000,30.679648
1.250000,149.000000,30.707541
1.300000,149.000000,30.724720
1.350000,149.000000,30.734980
1.400000,149.000000,30.740921
1.450000,149.000000,30.744259
1.500000,149.000000,30.746078
1.550000,149.000000,30.747040
1.600000,149.000000,30.747534
1.650000,149.000000,30.747780
1.700000,149.000000,30.747899
1.750000,149.000000,30.747955
1.800000,149.000000,30.747981
1.850000,149.000000,30.747992
1.900000,149.000000,30.747997
1.950000,149.000000,30.747999
2.000000,149.000000,30.748000
2.050000,149.000000,30.748000
2.100000,149.000000,30.748001
2.150000,149.000000,30.748002
2.200000,149.000000,30.748005
2.250000,149.000000,30.748010
2.300000,149.000000,30.748022
2.350000,149.000000,30.748045
2.400000,149.000000,30.748091
2.450000,149.000000,30.748180
2.500000,149.000000,30.748351
2.550000,149.000000,30.748672
2.600000,149.000000,30.749262
2.650000,149.000000,30.750325
2.700000,149.000000,30.752206
2.750000,149.000000,30.755470
2.800000,149.000000,30.761023
2.850000,149.000000,30.770288
2.900000,149.000000,30.785447
2.950000,149.000000,30.809762
3.000000,149.000000,30.848000
3.050000,149.000000,30.906945
3.100000,149.000000,30.996007
3.150000,149.000000,31.127883
3.200000,149.000000,31.319221
3.250000,149.000000,31.591197
3.300000,149.000000,31.969863
3.350000,149.000000,32.486143
3.400000,149.000000,33.175270
3.450000,149.000000,34.075515
3.500000,149.000000,35.226075
3.550000,149.000000,36.664054
3.600000,149.000000,38.420595
3.650000,149.000000,40.516363
3.700000,149.000000,42.956737
3.750000,149.000000,45.727217
3.800000,149.000000,48.789676
3.850000,149.000000,52.080122
3.900000,149.000000,55.508570
3.950000,149.000000,58.961478
4.000000,149.000000,62.306912
4.050000,149.000000,65.402275
4.100000,149.000000,68.104057
4.150000,149.000000,70.278713
4.200000,149.000000,71.813552
4.250000,149.000000,72.626401
4.300000,149.000000,72.672890
4.350000,149.000000,71.950462
4.400000,149.000000,70.498612
4.450000,149.000000,68.395304
4.500000,149.000000,65.750039
4.550000,149.000000,62.694421
4.600000,149.000000,59.371352
4.650000,149.000000,55.924083
4.700000,149.000000,52.486284
4.750000,149.000000,49.174032
4.800000,149.000000,46.080326
4.850000,149.000000,43.272353
4.900000,149.000000,40.791405
4.950000,149.000000,38.655198
5.000000,149.000000,36.862444
5.050000,149.000000,35.400193
5.100000,149.000000,34.255840
5.150000,149.000000,33.437826
5.200000,149.000000,33.010648
5.250000,149.000000,33.147620
5.300000,149.000000,34.193759
5.350000,149.000000,36.708135
5.400000,149.000000,41.427251
5.450000,149.000000,49.082455
5.500000,149.000000,60.048466
5.550000,149.000000,73.909073
5.600000,149.000000,89.154418
5.650000,149.000000,103.268302
5.700000,149.000000,113.331791
5.750000,149.000000,116.984187
5.800000,149.000000,113.316040
5.850000,149.000000,103.233009
5.900000,149.000000,89.091414
5.950000,149.000000,73.804610
6.000000,149.000000,59.881366
0.000000,150.000000,26.747313
0.050000,150.000000,26.063607
0.100000,150.000000,25.419255
0.150000,150.000000,24.858074
0.200000,150.000000,24.421742
0.250000,150.000000,24.144710
0.300000,150.000000,24.049718
0.350000,150.000000,24.144710
0.400000,150.000000,24.421742
0.450000,150.000000,24.858074
0.500000,150.000000,25.419255
0.550000,150.000000,26.063607
0.600000,150.000000,26.747313
0.650000,150.000000,27.429235
0.700000,150.000000,28.074765
0.750000,150.000000,28.658246
0.800000,150.000000,29.163842
0.850000,150.000000,29.585015
0.900000,150.000000,29.922986
0.950000,150.000000,30.184635
1.000000,150.000000,30.380291
1.050000,150.000000,30.521738
1.100000,150.000000,30.620671
1.150000,150.000000,30.687659
1.200000,150.000000,30.731591
1.250000,150.000000,30.759507
1.300000,150.000000,30.776701
1.350000,150.000000,30.786969
1.400000,150.000000,30.792915
1.450000,150.000000,30.796256
1.500000,150.000000,30.798077
1.550000,150.000000,30.799040
1.600000,150.000000,30.799534
1.650000,150.000000,30.799780
1.700000,150.000000,30.799899
1.750000,150.000000,30.799955
1.800000,150.000000,30.799981
1.850000,150.000000,30.799992
1.900000,150.000000,30.799997
1.950000,150.000000,30.799999
2.000000,150.000000,30.800000
2.050000,150.000000,30.800000
2.100000,150.000000,30.800001
2.150000,150.000000,30.800002
2.200000,150.000000,30.800003
2.250000,150.000000,30.800007
2.300000,150.000000,30.800016
2.350000,150.000000,30.800033
2.400000,150.000000,30.800067
2.450000,150.000000,30.800134
2.500000,150.000000,30.800263
2.550000,150.000000,30.800506
2.600000,150.000000,30.800958
2.650000,150.000000,30.801781
2.700000,150.000000,30.803248
2.750000,150.000000,30.805815
2.800000,150.000000,30.810221
2.850000,150.000000,30.817635
2.900000,150.000000,30.829871
2.950000,150.000000,30.849670
3.000000,150.000000,30.881079
3.050000,150.000000,30.929924
3.100000,150.000000,31.004380
3.150000,150.000000,31.115615
3.200000,150.000000,31.278460
3.250000,150.000000,31.512039
3.300000,150.000000,31.840233
3.350000,150.000000,32.291857
3.400000,150.000000,32.900357
3.450000,150.000000,33.702877
3.500000,150.000000,34.738523
3.550000,150.000000,36.045750
3.600000,150.000000,37.658848
3.650000,150.000000,39.603678
3.700000,150.000000,41.892938
3.750000,150.000000,44.521399
3.800000,150.000000,47.461712
3.850000,150.000000,50.661419
3.900000,150.000000,54.041829
3.950000,150.000000,57.499293
4.000000,150.000000,60.909158
4.050000,150.000000,64.132422
4.100000,150.000000,67.024679
4.150000,150.000000,69.446629
4.200000,150.000000,71.275116
4.250000,150.000000,72.413476
4.300000,150.000000,72.800000
4.350000,150.000000,72.413476
4.400000,150.000000,71.275116
4.450000,150.000000,69.446629
4.500000,150.000000,67.024679
4.550000,150.000000,64.132422
4.600000,150.000000,60.909158
4.650000,150.000000,57.499293
4.700000,150.000000,54.041830
4.750000,150.000000,50.661421
4.800000,150.000000,47.461726
4.850000,150.000000,44.521466
4.900000,150.000000,41.893241
4.950000,150.000000,39.604947
5.000000,150.000000,37.663718
5.050000,150.000000,36.062897
5.100000,150.000000,34.793876
5.150000,150.000000,33.866704
5.200000,150.000000,33.344913
5.250000,150.000000,33.397888
5.300000,150.000000,34.363188
5.350000,150.000000,36.788617
5.400000,150.000000,41.396496
5.450000,150.000000,48.904176
5.500000,150.000000,59.678248
5.550000,150.000000,73.307154
5.600000,150.000000,88.303259
5.650000,150.000000,102.188768
5.700000,150.000000,112.089788
5.750000,150.000000,115.682116
5.800000,150.000000,112.070137
5.850000,150.000000,102.144912
5.900000,150.000000,88.225428
5.950000,150.000000,73.179011
6.000000,150.000000,59.474827
0.000000,151.000000,26.796018
0.050000,151.000000,26.111756
0.100000,151.000000,25.466880
0.150000,151.000000,24.905243
0.200000,151.000000,24.468557
0.250000,151.000000,24.191300
0.300000,151.000000,24.096230
0.350000,151.000000,24.191300
0.400000,151.000000,24.468557
0.450000,151.000000,24.905243
0.500000,151.000000,25.466880
0.550000,151.000000,26.111756
0.600000,151.000000,26.796018
0.650000,151.000000,27.478494
0.700000,151.000000,28.124549
0.750000,151.000000,28.708505
0.800000,151.000000,29.214512
0.850000,151.000000,29.636027
0.900000,151.000000,29.974273
0.950000,151.000000,30.236135
1.000000,151.000000,30.431950
1.050000,151.000000,30.573512
1.100000,151.000000,30.672525
1.150000,151.000000,30.739568
1.200000,151.000000,30.783535
1.250000,151.000000,30.811474
1.300000,151.000000,30.828682
1.350000,151.000000,30.838958
1.400000,151.000000,30.844910
1.450000,151.000000,30.848253
1.500000,151.000000,30.850075
1.550000,151.000000,30.851039
1.600000,151.000000,30.851533
1.650000,151.000000,30.851780
1.700000,151.000000,30.851899
1.750000,151.000000,30.851955
1.800000,151.000000,30.851980
1.850000,151.000000,30.851992
1.900000,151.000000,30.851997
1.950000,151.000000,30.851999
2.000000,151.000000,30.852000
2.050000,151.000000,30.852000
2.100000,151.000000,30.852000
2.150000,151.000000,30.852001
2.200000,151.000000,30.852002
2.250000,151.000000,30.852005
2.300000,151.000000,30.852011
2.350000,151.000000,30.852024
2.400000,151.000000,30.852049
2.450000,151.000000,30.852099
2.500000,151.000000,30.852196
2.550000,151.000000,30.852380
2.600000,151.000000,30.852726
2.650000,151.000000,30.853359
2.700000,151.000000,30.854499
2.750000,151.000000,30.856511
2.800000,151.000000,30.859993
2.850000,151.000000,30.865904
2.900000,151.000000,30.875743
2.950000,151.000000,30.891803
3.000000,151.000000,30.917503
3.050000,151.000000,30.957822
3.100000,151.000000,31.019826
3.150000,151.000000,31.113283
3.200000,151.000000,31.251330
3.250000,151.000000,31.451133
3.300000,151.000000,31.734438
3.350000,151.000000,32.127893
3.400000,151.000000,32.662979
3.450000,151.000000,33.375378
3.500000,151.000000,34.303601
3.550000,151.000000,35.486771
3.600000,151.000000,36.961495
3.650000,151.000000,38.757909
3.700000,151.000000,40.895098
3.750000,151.000000,43.376286
3.800000,151.000000,46.184312
3.850000,151.000000,49.278029
3.900000,151.000000,52.590284
3.950000,151.000000,56.028083
4.000000,151.000000,59.475352
4.050000,151.000000,62.798421
4.100000,151.000000,65.854039
4.150000,151.000000,68.499304
4.200000,151.000000,70.602612
4.250000,151.000000,72.054462
4.300000,151.000000,72.776890
4.350000,151.000000,72.730401
4.400000,151.000000,71.917552
4.450000,151.000000,70.382713
4.500000,151.000000,68.208057
4.550000,151.000000,65.506275
4.600000,151.000000,62.410912
4.650000,151.000000,59.065478
4.700000,151.000000,55.612570
4.750000,151.000000,52.184124
4.800000,151.000000,48.893689
4.850000,151.000000,45.831282
4.900000,151.000000,43.061034
4.950000,151.000000,40.621606
5.000000,151.000000,38.529367
5.050000,151.000000,36.784855
5.100000,151.000000,35.384310
5.150000,151.000000,34.340033
5.200000,151.000000,33.714845
5.250000,151.000000,33.673831
5.300000,151.000000,34.545850
5.350000,151.000000,36.865181
5.400000,151.000000,41.336859
5.450000,151.000000,48.661092
5.500000,151.000000,59.194625
5.550000,151.000000,72.532099
5.600000,151.000000,87.214176
5.650000,151.000000,100.811715
5.700000,151.000000,110.507805
5.750000,151.000000,114.024394
5.800000,151.000000,110.483381
5.850000,151.000000,100.757423
5.900000,151.000000,87.118382
5.950000,151.000000,72.375479
6.000000,151.000000,58.947880
0.000000,152.000000,26.844795
0.050000,152.000000,26.159990
0.100000,152.000000,25.514601
0.150000,152.000000,24.952519
0.200000,152.000000,24.515485
0.250000,152.000000,24.238008
0.300000,152.000000,24.142862
0.350000,152.000000,24.238008
0.400000,152.000000,24.515485
0.450000,152.000000,24.952519
0.500000,152.000000,25.514601
0.550000,152.000000,26.159990
0.600000,152.000000,26.844795
0.650000,152.000000,27.527814
0.700000,152.000000,28.174382
0.750000,152.000000,28.758802
0.800000,152.000000,29.265211
0.850000,152.000000,29.687061
0.900000,152.000000,30.025575
0.950000,152.000000,30.287646
1.000000,152.000000,30.483616
1.050000,152.000000,30.625290
1.100000,152.000000,30.724383
1.150000,152.000000,30.791479
1.200000,152.000000,30.835481
1.250000,152.000000,30.863442
1.300000,152.000000,30.880664
1.350000,152.000000,30.890948
1.400000,152.000000,30.896904
1.450000,152.000000,30.900250
1.500000,152.000000,30.902074
1.550000,152.000000,30.903038
1.600000,152.000000,30.903533
1.650000,152.000000,30.903780
1.700000,152.000000,30.903899
1.750000,152.000000,30.903955
1.800000,152.000000,30.903980
1.850000,152.000000,30.903992
1.900000,152.000000,30.903997
1.950000,152.000000,30.903999
2.000000,152.000000,30.904000
2.050000,152.000000,30.904000
2.100000,152.000000,30.904000
2.150000,152.000000,30.904001
2.200000,152.000000,30.904002
2.250000,152.000000,30.904004
2.300000,152.000000,30.904008
2.350000,152.000000,30.904017
2.400000,152.000000,30.904036
2.450000,152.000000,30.904073
2.500000,152.000000,30.904145
2.550000,152.000000,30.904284
2.600000,152.000000,30.904547
2.650000,152.000000,30.905033
2.700000,152.000000,30.905916
2.750000,152.000000,30.907486
2.800000,152.000000,30.910228
2.850000,152.000000,30.914923
2.900000,152.000000,30.922805
2.950000,152.000000,30.935782
3.000000,152.000000,30.956730
3.050000,152.000000,30.989883
3.100000,152.000000,31.041317
3.150000,152.000000,31.119530
3.200000,152.000000,31.236096
3.250000,152.000000,31.406329
3.300000,152.000000,31.649904
3.350000,152.000000,31.991292
3.400000,152.000000,32.459891
3.450000,152.000000,33.089654
3.500000,152.000000,33.918069
3.550000,152.000000,34.984320
3.600000,152.000000,36.326565
3.650000,152.000000,37.978320
3.700000,152.000000,39.964122
3.750000,152.000000,42.294763
3.800000,152.000000,44.962564
3.850000,152.000000,47.937289
3.900000,152.000000,51.163349
3.950000,152.000000,54.558940
4.000000,152.000000,58.017628
4.050000,152.000000,61.412638
4.100000,152.000000,64.603807
4.150000,152.000000,67.446765
4.200000,152.000000,69.803571
4.250000,152.000000,71.553726
4.300000,152.000000,72.604364
4.350000,152.000000,72.898409
4.400000,152.000000,72.419713
4.450000,152.000000,71.194526
4.500000,152.000000,69.289110
4.550000,152.000000,66.803801
4.600000,152.000000,63.864265
4.650000,152.000000,60.610998
4.700000,152.000000,57.188290
4.750000,152.000000,53.733855
4.800000,152.000000,50.370133
4.850000,152.000000,47.197965
4.900000,152.000000,44.293044
4.950000,152.000000,41.705236
5.000000,152.000000,39.460870
5.050000,152.000000,37.568555
5.100000,152.000000,36.030247
5.150000,152.000000,34.861204
5.200000,152.000000,34.123887
5.250000,152.000000,33.978843
5.300000,152.000000,34.745168
5.350000,152.000000,36.941569
5.400000,152.000000,41.252947
5.450000,152.000000,48.359447
5.500000,152.000000,58.606384
5.550000,152.000000,71.596043
5.600000,152.000000,85.903065
5.650000,152.000000,99.156555
5.700000,152.000000,108.607752
5.750000,152.000000,112.033788
5.800000,152.000000,108.577510
5.850000,152.000000,99.089592
5.900000,152.000000,85.785596
5.950000,152.000000,71.405313
6.000000,152.000000,58.308168
0.000000,153.000000,26.893644
0.050000,153.000000,26.208307
0.100000,153.000000,25.562417
0.150000,153.000000,24.999898
0.200000,153.000000,24.562525
0.250000,153.000000,24.284832
0.300000,153.000000,24.189613
0.350000,153.000000,24.284832
0.400000,153.000000,24.562525
0.450000,153.000000,24.999898
0.500000,153.000000,25.562417
0.550000,153.000000,26.208307
0.600000,153.000000,26.893644
0.650000,153.000000,27.577192
0.700000,153.000000,28.224263
0.750000,153.000000,28.809136
0.800000,153.000000,29.315939
0.850000,153.000000,29.738116
0.900000,153.000000,30.076893
0.950000,153.000000,30.339167
1.000000,153.000000,30.535290
1.050000,153.000000,30.677074
1.100000,153.000000,30.776243
1.150000,153.000000,30.843391
1.200000,153.000000,30.887428
1.250000,153.000000,30.915411
1.300000,153.000000,30.932646
1.350000,153.000000,30.942938
1.400000,153.000000,30.948898
1.450000,153.000000,30.952247
1.500000,153.000000,30.954072
1.550000,153.000000,30.955037
1.600000,153.000000,30.955533
1.650000,153.000000,30.955780
1.700000,153.000000,30.955899
1.750000,153.000000,30.955955
1.800000,153.000000,30.955980
1.850000,153.000000,30.955992
1.900000,153.000000,30.955997
1.950000,153.000000,30.955999
2.000000,153.000000,30.956000
2.050000,153.000000,30.956000
2.100000,153.000000,30.956000
2.150000,153.000000,30.956001
2.200000,153.000000,30.956001
2.250000,153.000000,30.956003
2.300000,153.000000,30.956006
2.350000,153.000000,30.956012
2.400000,153.000000,30.956026
2.450000,153.000000,30.956053
2.500000,153.000000,30.956107
2.550000,153.000000,30.956212
2.600000,153.000000,30.956411
2.650000,153.000000,30.956783
2.700000,153.000000,30.957463
2.750000,153.000000,30.958685
2.800000,153.000000,30.960836
2.850000,153.000000,30.964550
2.900000,153.000000,30.970841
2.950000,153.000000,30.981287
3.000000,153.000000,30.998296
3.050000,153.000000,31.025452
3.100000,153.000000,31.067952
3.150000,153.000000,31.133155
3.200000,153.000000,31.231195
3.250000,153.000000,31.375662
3.300000,153.000000,31.584242
3.350000,153.000000,31.879259
3.400000,153.000000,32.287956
3.450000,153.000000,32.842365
3.500000,153.000000,33.578593
3.550000,153.000000,34.535361
3.600000,153.000000,35.751673
3.650000,153.000000,37.263582
3.700000,153.000000,39.100149
3.750000,153.000000,41.278810
3.800000,153.000000,43.800569
3.850000,153.000000,46.645553
3.900000,153.000000,49.769560
3.950000,153.000000,53.102282
4.000000,153.000000,56.547755
4.050000,153.000000,59.987449
4.100000,153.000000,63.286079
4.150000,153.000000,66.299880
4.200000,153.000000,68.886720
4.250000,153.000000,70.917093
4.300000,153.000000,72.284823
4.350000,153.000000,72.916256
4.400000,153.000000,72.776827
4.450000,153.000000,71.874200
4.500000,153.000000,70.257563
4.550000,153.000000,68.013195
4.600000,153.000000,65.256832
4.650000,153.000000,62.123803
4.700000,153.000000,58.758070
4.750000,153.000000,55.301433
4.800000,153.000000,51.883987
4.850000,153.000000,48.616698
4.900000,153.000000,45.586638
4.950000,153.000000,42.855147
5.000000,153.000000,40.459134
5.050000,153.000000,38.416094
5.100000,153.000000,36.734574
5.150000,153.000000,35.433540
5.200000,153.000000,34.575540
5.250000,153.000000,34.316488
5.300000,153.000000,34.964845
5.350000,153.000000,37.021954
5.400000,153.000000,41.150024
5.450000,153.000000,48.006494
5.500000,153.000000,57.923805
5.550000,153.000000,70.513229
5.600000,153.000000,84.388609
5.650000,153.000000,97.246113
5.700000,153.000000,106.415400
5.750000,153.000000,109.737081
5.800000,153.000000,106.378097
5.850000,153.000000,97.163834
5.900000,153.000000,84.245093
5.950000,153.000000,70.281807
6.000000,153.000000,57.564682
0.000000,154.000000,26.942561
0.050000,154.000000,26.256704
0.100000,154.000000,25.610325
0.150000,154.000000,25.047379
0.200000,154.000000,24.609674
0.250000,154.000000,24.331770
0.300000,154.000000,24.236479
0.350000,154.000000,24.331770
0.400000,154.000000,24.609674
0.450000,154.000000,25.047379
0.500000,154.000000,25.610325
0.550000,154.000000,26.256704
0.600000,154.000000,26.942561
0.650000,154.000000,27.626629
0.700000,154.000000,28.274190
0.750000,154.000000,28.859507
0.800000,154.000000,29.366694
0.850000,154.000000,29.789192
0.900000,154.000000,30.128226
0.950000,154.000000,30.390699
1.000000,154.000000,30.586970
1.050000,154.000000,30.728862
1.100000,154.000000,30.828107
1.150000,154.000000,30.895306
1.200000,154.000000,30.939376
1.250000,154.000000,30.967380
1.300000,154.000000,30.984628
1.350000,154.000000,30.994928
1.400000,154.000000,31.000893
1.450000,154.000000,31.004244
1.500000,154.000000,31.006071
1.550000,154.000000,31.007037
1.600000,154.000000,31.007532
1.650000,154.000000,31.007779
1.700000,154.000000,31.007899
1.750000,154.000000,31.007955
1.800000,154.000000,31.007980
1.850000,154.000000,31.007992
1.900000,154.000000,31.007997
1.950000,154.000000,31.007999
2.000000,154.000000,31.008000
2.050000,154.000000,31.008000
2.100000,154.000000,31.008000
2.150000,154.000000,31.008000
2.200000,154.000000,31.008001
2.250000,154.000000,31.008002
2.300000,154.000000,31.008004
2.350000,154.000000,31.008009
2.400000,154.000000,31.008019
2.450000,154.000000,31.008039
2.500000,154.000000,31.008079
2.550000,154.000000,31.008158
2.600000,154.000000,31.008308
2.650000,154.000000,31.008591
2.700000,154.000000,31.009114
2.750000,154.000000,31.010060
2.800000,154.000000,31.011741
2.850000,154.000000,31.014669
2.900000,154.000000,31.019670
2.950000,154.000000,31.028047
3.000000,154.000000,31.041806
3.050000,154.000000,31.063964
3.100000,154.000000,31.098947
3.150000,154.000000,31.153091
3.200000,154.000000,31.235229
3.250000,154.000000,31.357345
3.300000,154.000000,31.535249
3.350000,154.000000,31.789172
3.400000,154.000000,32.144178
3.450000,154.000000,32.630241
3.500000,154.000000,33.281809
3.550000,154.000000,34.136687
3.600000,154.000000,35.234098
3.650000,154.000000,36.611849
3.700000,154.000000,38.302620
3.750000,154.000000,40.329554
3.800000,154.000000,42.701470
3.850000,154.000000,45.408179
3.900000,154.000000,48.416517
3.950000,154.000000,51.667750
4.000000,154.000000,55.076984
4.050000,154.000000,58.535063
4.100000,154.000000,61.913188
4.150000,154.000000,65.070170
4.200000,154.000000,67.861830
4.250000,154.000000,70.151744
4.300000,154.000000,71.822221
4.350000,154.000000,72.784308
4.400000,154.000000,72.985639
4.450000,154.000000,72.415153
4.500000,154.000000,71.104101
4.550000,154.000000,69.123210
4.600000,154.000000,66.576364
4.650000,154.000000,63.591586
4.700000,154.000000,60.310406
4.750000,154.000000,56.876850
4.800000,154.000000,53.427221
4.850000,154.000000,50.081670
4.900000,154.000000,46.938240
4.950000,154.000000,44.069834
5.000000,154.000000,41.524413
5.050000,154.000000,39.329102
5.100000,154.000000,37.499888
5.150000,154.000000,36.060238
5.200000,154.000000,35.073318
5.250000,154.000000,34.690463
5.300000,154.000000,35.208835
5.350000,154.000000,37.110900
5.400000,154.000000,41.033947
5.450000,154.000000,47.610373
5.500000,154.000000,57.158477
5.550000,154.000000,69.299735
5.600000,154.000000,82.691906
5.650000,154.000000,95.106167
5.700000,154.000000,103.959845
5.750000,154.000000,107.164507
5.800000,154.000000,103.914007
5.850000,154.000000,95.005446
5.900000,154.000000,82.517214
5.950000,154.000000,69.019962
6.000000,154.000000,56.727569
0.000000,155.000000,26.991547
0.050000,155.000000,26.305181
0.100000,155.000000,25.658322
0.150000,155.000000,25.094959
0.200000,155.000000,24.656929
0.250000,155.000000,24.378820
0.300000,155.000000,24.283457
0.350000,155.000000,24.378820
0.400000,155.000000,24.656929
0.450000,155.000000,25.094959
0.500000,155.000000,25.658322
0.550000,155.000000,26.305181
0.600000,155.000000,26.991547
0.650000,155.000000,27.676121
0.700000,155.000000,28.324163
0.750000,155.000000,28.909914
0.800000,155.000000,29.417477
0.850000,155.000000,29.840288
0.900000,155.000000,30.179574
0.950000,155.000000,30.442242
1.000000,155.000000,30.638658
1.050000,155.000000,30.780655
1.100000,155.000000,30.879973
1.150000,155.000000,30.947222
1.200000,155.000000,30.991325
1.250000,155.000000,31.019350
1.300000,155.000000,31.036610
1.350000,155.000000,31.046918
1.400000,155.000000,31.052888
1.450000,155.000000,31.056241
1.500000,155.000000,31.058069
1.550000,155.000000,31.059036
1.600000,155.000000,31.059532
1.650000,155.000000,31.059779
1.700000,155.000000,31.059899
1.750000,155.000000,31.059955
1.800000,155.000000,31.059980
1.850000,155.000000,31.059992
1.900000,155.000000,31.059997
1.950000,155.000000,31.059999
2.000000,155.000000,31.059999
2.050000,155.000000,31.060000
2.100000,155.000000,31.060000
2.150000,155.000000,31.060000
2.200000,155.000000,31.060001
2.250000,155.000000,31.060001
2.300000,155.000000,31.060003
2.350000,155.000000,31.060006
2.400000,155.000000,31.060014
2.450000,155.000000,31.060028
2.500000,155.000000,31.060058
2.550000,155.000000,31.060117
2.600000,155.000000,31.060230
2.650000,155.000000,31.060445
2.700000,155.000000,31.060845
2.750000,155.000000,31.061576
2.800000,155.000000,31.062884
2.850000,155.000000,31.065183
2.900000,155.000000,31.069144
2.950000,155.000000,31.075836
3.000000,155.000000,31.086923
3.050000,155.000000,31.104934
3.100000,155.000000,31.133619
3.150000,155.000000,31.178406
3.200000,155.000000,31.246952
3.250000,155.000000,31.349772
3.300000,155.000000,31.500911
3.350000,155.000000,31.718589
3.400000,155.000000,32.025712
3.450000,155.000000,32.450114
3.500000,155.000000,33.024366
3.550000,155.000000,33.784984
3.600000,155.000000,34.770862
3.650000,155.000000,36.020839
3.700000,155.000000,37.570358
3.750000,155.000000,39.447335
3.800000,155.000000,41.667488
3.850000,155.000000,44.229536
3.900000,155.000000,47.110842
3.950000,155.000000,50.264128
4.000000,155.000000,53.615930
4.050000,155.000000,57.067363
4.100000,155.000000,60.497525
4.150000,155.000000,63.769633
4.200000,155.000000,66.739557
4.250000,155.000000,69.266095
4.300000,155.000000,71.221993
4.350000,155.000000,72.504534
4.400000,155.000000,73.044470
4.450000,155.000000,72.812213
4.500000,155.000000,71.820521
4.550000,155.000000,70.123339
4.600000,155.000000,67.810936
4.650000,155.000000,65.001955
4.700000,155.000000,61.833346
4.750000,155.000000,58.449368
4.800000,155.000000,54.990890
4.850000,155.000000,51.586076
4.900000,155.000000,48.343304
4.950000,155.000000,45.346912
5.000000,155.000000,42.656230
5.050000,155.000000,40.308654
5.100000,155.000000,38.328416
5.150000,155.000000,36.744297
5.200000,155.000000,35.620691
5.250000,155.000000,35.104551
5.300000,155.000000,35.481300
5.350000,155.000000,37.213315
5.400000,155.000000,40.911089
5.450000,155.000000,47.179992
5.500000,155.000000,56.323092
5.550000,155.000000,67.973167
5.600000,155.000000,80.836046
5.650000,155.000000,92.764914
5.700000,155.000000,101.272911
5.750000,155.000000,104.349126
5.800000,155.000000,101.216800
5.850000,155.000000,92.642082
5.900000,155.000000,80.624195
5.950000,155.000000,67.636178
6.000000,155.000000,55.807923
0.000000,156.000000,27.040598
0.050000,156.000000,26.353735
0.100000,156.000000,25.706407
0.150000,156.000000,25.142636
0.200000,156.000000,24.704289
0.250000,156.000000,24.425978
0.300000,156.000000,24.330546
0.350000,156.000000,24.425978
0.400000,156.000000,24.704289
0.450000,156.000000,25.142636
0.500000,156.000000,25.706407
0.550000,156.000000,26.353735
0.600000,156.000000,27.040598
0.650000,156.000000,27.725669
0.700000,156.000000,28.374180
0.750000,156.000000,28.960356
0.800000,156.000000,29.468287
0.850000,156.000000,29.891405
0.900000,156.000000,30.230936
0.950000,156.000000,30.493794
1.000000,156.000000,30.690353
1.050000,156.000000,30.832453
1.100000,156.000000,30.931843
1.150000,156.000000,30.999141
1.200000,156.000000,31.043275
1.250000,156.000000,31.071320
1.300000,156.000000,31.088594
1.350000,156.000000,31.098909
1.400000,156.000000,31.104883
1.450000,156.000000,31.108239
1.500000,156.000000,31.110068
1.550000,156.000000,31.111035
1.600000,156.000000,31.111532
1.650000,156.000000,31.111779
1.700000,156.000000,31.111899
1.750000,156.000000,31.111955
1.800000,156.000000,31.111980
1.850000,156.000000,31.111992
1.900000,156.000000,31.111997
1.950000,156.000000,31.111999
2.000000,156.000000,31.111999
2.050000,156.000000,31.112000
2.100000,156.000000,31.112000
2.150000,156.000000,31.112000
2.200000,156.000000,31.112000
2.250000,156.000000,31.112001
2.300000,156.000000,31.112002
2.350000,156.000000,31.112005
2.400000,156.000000,31.112010
2.450000,156.000000,31.112021
2.500000,156.000000,31.112042
2.550000,156.000000,31.112086
2.600000,156.000000,31.112171
2.650000,156.000000,31.112333
2.700000,156.000000,31.112639
2.750000,156.000000,31.113200
2.800000,156.000000,31.114216
2.850000,156.000000,31.116014
2.900000,156.000000,31.119139
2.950000,156.000000,31.124465
3.000000,156.000000,31.133365
3.050000,156.000000,31.147949
3.100000,156.000000,31.171379
3.150000,156.000000,31.208284
3.200000,156.000000,31.265265
3.250000,156.000000,31.351498
3.300000,156.000000,31.479393
3.350000,156.000000,31.665258
3.400000,156.000000,31.929889
3.450000,156.000000,32.298945
3.500000,156.000000,32.802971
3.550000,156.000000,33.476891
3.600000,156.000000,34.358799
3.650000,156.000000,35.487918
3.700000,156.000000,36.901651
3.750000,156.000000,38.631777
3.800000,156.000000,40.699976
3.850000,156.000000,43.113025
3.900000,156.000000,45.858168
3.950000,156.000000,48.899273
4.000000,156.000000,52.174456
4.050000,156.000000,55.595755
4.100000,156.000000,59.051361
4.150000,156.000000,62.410557
4.200000,156.000000,65.531262
4.250000,156.000000,68.269648
4.300000,156.000000,70.490963
4.350000,156.000000,72.080470
4.400000,156.000000,72.953248
4.450000,156.000000,73.061705
4.500000,156.000000,72.399881
4.550000,156.000000,71.003989
4.600000,156.000000,68.949131
4.650000,156.000000,66.342606
4.700000,156.000000,63.314636
4.750000,156.000000,60.007631
4.800000,156.000000,56.565204
4.850000,156.000000,53.122145
4.900000,156.000000,49.796289
4.950000,156.000000,46.683066
5.000000,156.000000,43.853311
5.050000,156.000000,41.355194
5.100000,156.000000,39.221941
5.150000,156.000000,37.488448
5.200000,156.000000,36.221022
5.250000,156.000000,35.562569
5.300000,156.000000,35.786559
5.350000,156.000000,37.334387
5.400000,156.000000,40.788257
5.450000,156.000000,46.724883
5.500000,156.000000,55.431232
5.550000,156.000000,66.552338
5.600000,156.000000,78.845674
5.650000,156.000000,90.252426
5.700000,156.000000,98.388512
5.750000,156.000000,101.326158
5.800000,156.000000,98.320088
5.850000,156.000000,90.103194
5.900000,156.000000,78.589711
5.950000,156.000000,66.147914
6.000000,156.000000,54.817553
0.000000,157.000000,27.089715
0.050000,157.000000,26.402365
0.100000,157.000000,25.754579
0.150000,157.000000,25.190408
0.200000,157.000000,24.751751
0.250000,157.000000,24.473242
0.300000,157.000000,24.377743
0.350000,157.000000,24.473242
0.400000,157.000000,24.751751
0.450000,157.000000,25.190408
0.500000,157.000000,25.754579
0.550000,157.000000,26.402365
0.600000,157.000000,27.089715
0.650000,157.000000,27.775271
0.700000,157.000000,28.424241
0.750000,157.000000,29.010832
0.800000,157.000000,29.519123
0.850000,157.000000,29.942540
0.900000,157.000000,30.282312
0.950000,157.000000,30.545356
1.000000,157.000000,30.742054
1.050000,157.000000,30.884255
1.100000,157.000000,30.983715
1.150000,157.000000,31.051061
1.200000,157.000000,31.095227
1.250000,157.000000,31.123291
1.300000,157.000000,31.140577
1.350000,157.000000,31.150899
1.400000,157.000000,31.156878
1.450000,157.000000,31.160236
1.500000,157.000000,31.162066
1.550000,157.000000,31.163034
1.600000,157.000000,31.163531
1.650000,157.000000,31.163779
1.700000,157.000000,31.163899
1.750000,157.000000,31.163955
1.800000,157.000000,31.163980
1.850000,157.000000,31.163992
1.900000,157.000000,31.163997
1.950000,157.000000,31.163999
2.000000,157.000000,31.163999
2.050000,157.000000,31.164000
2.100000,157.000000,31.164000
2.150000,157.000000,31.164000
2.200000,157.000000,31.164000
2.250000,157.000000,31.164001
2.300000,157.000000,31.164001
2.350000,157.000000,31.164003
2.400000,157.000000,31.164007
2.450000,157.000000,31.164015
2.500000,157.000000,31.164031
2.550000,157.000000,31.164063
2.600000,157.000000,31.164127
2.650000,157.000000,31.164249
2.700000,157.000000,31.164481
2.750000,157.000000,31.164911
2.800000,157.000000,31.165696
2.850000,157.000000,31.167097
2.900000,157.000000,31.169554
2.950000,157.000000,31.173776
3.000000,157.000000,31.180894
3.050000,157.000000,31.192658
3.100000,157.000000,31.211723
3.150000,157.000000,31.242015
3.200000,157.000000,31.289199
3.250000,157.000000,31.361240
3.300000,157.000000,31.469039
3.350000,157.000000,31.627112
3.400000,157.000000,31.854218
3.450000,157.000000,32.173848
3.500000,157.000000,32.614424
3.550000,157.000000,33.209048
3.600000,157.000000,33.994618
3.650000,157.000000,35.010170
3.700000,157.000000,36.294328
3.750000,157.000000,37.881864
3.800000,157.000000,39.799483
3.850000,157.000000,42.061114
3.900000,157.000000,44.663130
3.950000,157.000000,47.580080
4.000000,157.000000,50.761584
4.050000,157.000000,54.131040
4.100000,157.000000,57.586684
4.150000,157.000000,61.005334
4.200000,157.000000,64.248832
4.250000,157.000000,67.172834
4.300000,157.000000,69.637224
4.350000,157.000000,71.517156
4.400000,157.000000,72.713504
4.450000,157.000000,73.161515
4.500000,157.000000,72.836614
4.550000,157.000000,71.756640
4.600000,157.000000,69.980222
4.650000,157.000000,67.601505
4.700000,157.000000,64.741891
4.750000,157.000000,61.539793
4.800000,157.000000,58.139615
4.850000,157.000000,54.681175
4.900000,157.000000,51.290662
4.950000,157.000000,48.074018
5.000000,157.000000,45.113516
5.050000,157.000000,42.468459
5.100000,157.000000,40.181713
5.150000,157.000000,38.295078
5.200000,157.000000,36.877499
5.250000,157.000000,36.068309
5.300000,157.000000,36.129038
5.350000,157.000000,37.479525
5.400000,157.000000,40.672595
5.450000,157.000000,46.255062
5.500000,157.000000,54.497129
5.550000,157.000000,65.056924
5.600000,157.000000,76.746525
5.650000,157.000000,87.600067
5.700000,157.000000,95.341996
5.750000,157.000000,98.132295
5.800000,157.000000,95.258876
5.850000,157.000000,87.419446
5.900000,157.000000,76.438414
5.950000,157.000000,64.573350
6.000000,157.000000,53.768755
0.000000,158.000000,27.138894
0.050000,158.000000,26.451069
0.100000,158.000000,25.802834
0.150000,158.000000,25.238273
0.200000,158.000000,24.799312
0.250000,158.000000,24.520611
0.300000,158.000000,24.425046
0.350000,158.000000,24.520611
0.400000,158.000000,24.799312
0.450000,158.000000,25.238273
0.500000,158.000000,25.802834
0.550000,158.000000,26.451069
0.600000,158.000000,27.138894
0.650000,158.000000,27.824925
0.700000,158.000000,28.474344
0.750000,158.000000,29.061341
0.800000,158.000000,29.569984
0.850000,158.000000,29.993695
0.900000,158.000000,30.333702
0.950000,158.000000,30.596928
1.000000,158.000000,30.793762
1.050000,158.000000,30.936061
1.100000,158.000000,31.035591
1.150000,158.000000,31.102983
1.200000,158.000000,31.147179
1.250000,158.000000,31.175263
1.300000,158.000000,31.192561
1.350000,158.000000,31.202890
1.400000,158.000000,31.208873
1.450000,158.000000,31.212233
1.500000,158.000000,31.214065
1.550000,158.000000,31.215034
1.600000,158.000000,31.215531
1.650000,158.000000,31.215779
1.700000,158.000000,31.215899
1.750000,158.000000,31.215955
1.800000,158.000000,31.215980
1.850000,158.000000,31.215992
1.900000,158.000000,31.215997
1.950000,158.000000,31.215999
2.000000,158.000000,31.215999
2.050000,158.000000,31.216000
2.100000,158.000000,31.216000
2.150000,158.000000,31.216000
2.200000,158.000000,31.216000
2.250000,158.000000,31.216000
2.300000,158.000000,31.216001
2.350000,158.000000,31.216002
2.400000,158.000000,31.216005
2.450000,158.000000,31.216011
2.500000,158.000000,31.216022
2.550000,158.000000,31.216046
2.600000,158.000000,31.216093
2.650000,158.000000,31.216185
2.700000,158.000000,31.216361
2.750000,158.000000,31.216689
2.800000,158.000000,31.217293
2.850000,158.000000,31.218382
2.900000,158.000000,31.220305
2.950000,158.000000,31.223640
3.000000,158.000000,31.229311
3.050000,158.000000,31.238764
3.100000,158.000000,31.254218
3.150000,158.000000,31.278987
3.200000,158.000000,31.317907
3.250000,158.000000,31.377857
3.300000,158.000000,31.468363
3.350000,158.000000,31.602269
3.400000,158.000000,31.796395
3.450000,158.000000,32.072104
3.500000,158.000000,32.455650
3.550000,158.000000,32.978143
3.600000,158.000000,33.674965
3.650000,158.000000,34.584473
3.700000,158.000000,35.745843
3.750000,158.000000,37.196021
3.800000,158.000000,38.965820
3.850000,158.000000,41.075388
3.900000,158.000000,43.529391
3.950000,158.000000,46.312449
4.000000,158.000000,49.385432
4.050000,158.000000,52.683294
4.100000,158.000000,56.115043
4.150000,158.000000,59.566285
4.200000,158.000000,62.904494
4.250000,158.000000,65.986839
4.300000,158.000000,68.669996
4.350000,158.000000,70.821049
4.400000,158.000000,72.328354
4.450000,158.000000,73.111131
4.500000,158.000000,73.126628
4.550000,158.000000,72.373993
4.600000,158.000000,70.894351
4.650000,158.000000,68.767081
4.700000,158.000000,66.102764
4.750000,158.000000,63.033668
4.800000,158.000000,59.702922
4.850000,158.000000,56.253600
4.900000,158.000000,52.818910
4.950000,158.000000,49.514500
5.000000,158.000000,46.433792
5.050000,158.000000,43.647402
5.100000,158.000000,41.208375
5.150000,158.000000,39.166146
5.200000,158.000000,37.593063
5.250000,158.000000,36.625471
5.300000,158.000000,36.513198
5.350000,158.000000,37.654287
5.400000,158.000000,40.571490
5.450000,158.000000,45.780872
5.500000,158.000000,53.535444
5.550000,158.000000,63.507127
5.600000,158.000000,74.564960
5.650000,158.000000,84.839922
5.700000,158.000000,92.169487
5.750000,158.000000,94.805009
5.800000,158.000000,92.068904
5.850000,158.000000,84.622137
5.900000,158.000000,74.195458
5.950000,158.000000,62.931033
6.000000,158.000000,52.674075
0.000000,159.000000,27.188136
0.050000,159.000000,26.499845
0.100000,159.000000,25.851172
0.150000,159.000000,25.286229
0.200000,159.000000,24.846971
0.250000,159.000000,24.568081
0.300000,159.000000,24.472452
0.350000,159.000000,24.568081
0.400000,159.000000,24.846971
0.450000,159.000000,25.286229
0.500000,159.000000,25.851172
0.550000,159.000000,26.499845
0.600000,159.000000,27.188136
0.650000,159.000000,27.874631
0.700000,159.000000,28.524490
0.750000,159.000000,29.111884
0.800000,159.000000,29.620870
0.850000,159.000000,30.044868
0.900000,159.000000,30.385105
0.950000,159.000000,30.648509
1.000000,159.000000,30.845476
1.050000,159.000000,30.987872
1.100000,159.000000,31.087469
1.150000,159.000000,31.154906
1.200000,159.000000,31.199132
1.250000,159.000000,31.227236
1.300000,159.000000,31.244545
1.350000,159.000000,31.254882
1.400000,159.000000,31.260868
1.450000,159.000000,31.264231
1.500000,159.000000,31.266064
1.550000,159.000000,31.267033
1.600000,159.000000,31.267531
1.650000,159.000000,31.267779
1.700000,159.000000,31.267898
1.750000,159.000000,31.267955
1.800000,159.000000,31.267980
1.850000,159.000000,31.267992
1.900000,159.000000,31.267997
1.950000,159.000000,31.267999
2.000000,159.000000,31.267999
2.050000,159.000000,31.268000
2.100000,159.000000,31.268000
2.150000,159.000000,31.268000
2.200000,159.000000,31.268000
2.250000,159.000000,31.268000
2.300000,159.000000,31.268001
2.350000,159.000000,31.268002
2.400000,159.000000,31.268004
2.450000,159.000000,31.268008
2.500000,159.000000,31.268016
2.550000,159.000000,31.268034
2.600000,159.000000,31.268069
2.650000,159.000000,31.268137
2.700000,159.000000,31.268270
2.750000,159.000000,31.268520
2.800000,159.000000,31.268983
2.850000,159.000000,31.269825
2.900000,159.000000,31.271326
2.950000,159.000000,31.273950
3.000000,159.000000,31.278450
3.050000,159.000000,31.286017
3.100000,159.000000,31.298496
3.150000,159.000000,31.318672
3.200000,159.000000,31.350652
3.250000,159.000000,31.400347
3.300000,159.000000,31.476037
3.350000,159.000000,31.589025
3.400000,159.000000,31.754302
3.450000,159.000000,31.991174
3.500000,159.000000,32.323720
3.550000,159.000000,32.780948
3.600000,159.000000,33.396476
3.650000,159.000000,34.207564
3.700000,159.000000,35.253350
3.750000,159.000000,36.572195
3.800000,159.000000,38.198138
3.850000,159.000000,40.156606
3.900000,159.000000,42.459669
3.950000,159.000000,45.101289
4.000000,159.000000,48.053158
4.050000,159.000000,51.261777
4.100000,159.000000,54.647417
4.150000,159.000000,58.105490
4.200000,159.000000,61.510628
4.250000,159.000000,64.723426
4.300000,159.000000,67.599474
4.350000,159.000000,69.999906
4.400000,159.000000,71.802435
4.450000,159.000000,72.911651
4.500000,159.000000,73.267379
4.550000,159.000000,72.850093
4.600000,159.000000,71.682688
4.650000,159.000000,69.828400
4.700000,159.000000,67.385130
4.750000,159.000000,64.476890
4.800000,159.000000,61.243400
4.850000,159.000000,57.829068
4.900000,159.000000,54.372582
4.950000,159.000000,50.998249
5.000000,159.000000,47.810127
5.050000,159.000000,44.890133
5.100000,159.000000,42.301879
5.150000,159.000000,40.103105
5.200000,159.000000,38.370323
5.250000,159.000000,37.237591
5.300000,159.000000,36.943477
5.350000,159.000000,37.864304
5.400000,159.000000,40.492468
5.450000,159.000000,45.312836
5.500000,159.000000,52.561027
5.550000,159.000000,61.923340
5.600000,159.000000,72.327518
5.650000,159.000000,82.004228
5.700000,159.000000,88.907239
5.750000,159.000000,91.381881
5.800000,159.000000,88.785992
5.850000,159.000000,81.742629
5.900000,159.000000,71.886046
5.950000,159.000000,61.239547
6.000000,159.000000,51.546080
0.000000,160.000000,27.237438
0.050000,160.000000,26.548693
0.100000,160.000000,25.899591
0.150000,160.000000,25.334274
0.200000,160.000000,24.894725
0.250000,160.000000,24.615651
0.300000,160.000000,24.519959
0.350000,160.000000,24.615651
0.400000,160.000000,24.894725
0.450000,160.000000,25.334274
0.500000,160.000000,25.899591
0.550000,160.000000,26.548693
0.600000,160.000000,27.237438
0.650000,160.000000,27.924387
0.700000,160.000000,28.574676
0.750000,160.000000,29.162458
0.800000,160.000000,29.671781
0.850000,160.000000,30.096059
0.900000,160.000000,30.436521
0.950000,160.000000,30.700099
1.000000,160.000000,30.897197
1.050000,160.000000,31.039687
1.100000,160.000000,31.139349
1.150000,160.000000,31.206831
1.200000,160.000000,31.251087
1.250000,160.000000,31.279209
1.300000,160.000000,31.296529
1.350000,160.000000,31.306873
1.400000,160.000000,31.312863
1.450000,160.000000,31.316228
1.500000,160.000000,31.318062
1.550000,160.000000,31.319032
1.600000,160.000000,31.319530
1.650000,160.000000,31.319778
1.700000,160.000000,31.319898
1.750000,160.000000,31.319955
1.800000,160.000000,31.319980
1.850000,160.000000,31.319992
1.900000,160.000000,31.319997
1.950000,160.000000,31.319999
2.000000,160.000000,31.319999
2.050000,160.000000,31.320000
2.100000,160.000000,31.320000
2.150000,160.000000,31.320000
2.200000,160.000000,31.320000
2.250000,160.000000,31.320000
2.300000,160.000000,31.320001
2.350000,160.000000,31.320001
2.400000,160.000000,31.320003
2.450000,160.000000,31.320006
2.500000,160.000000,31.320012
2.550000,160.000000,31.320025
2.600000,160.000000,31.320050
2.650000,160.000000,31.320102
2.700000,160.000000,31.320201
2.750000,160.000000,31.320390
2.800000,160.000000,31.320744
2.850000,160.000000,31.321393
2.900000,160.000000,31.322559
2.950000,160.000000,31.324617
3.000000,160.000000,31.328175
3.050000,160.000000,31.334210
3.100000,160.000000,31.344248
3.150000,160.000000,31.360619
3.200000,160.000000,31.386796
3.250000,160.000000,31.427830
3.300000,160.000000,31.490884
3.350000,160.000000,31.585848
3.400000,160.000000,31.726008
3.450000,160.000000,31.928701
3.500000,160.000000,32.215867
3.550000,160.000000,32.614352
3.600000,160.000000,33.155822
3.650000,160.000000,33.876101
3.700000,160.000000,34.813776
3.750000,160.000000,36.007935
3.800000,160.000000,37.495006
3.850000,160.000000,39.304774
3.900000,160.000000,41.455783
3.950000,160.000000,43.950523
4.000000,160.000000,46.770937
4.050000,160.000000,49.874860
4.100000,160.000000,53.194088
4.150000,160.000000,56.634634
4.200000,160.000000,60.079593
4.250000,160.000000,63.394747
4.300000,160.000000,66.436656
4.350000,160.000000,69.062656
4.400000,160.000000,71.141827
4.450000,160.000000,72.565760
4.500000,160.000000,73.257916
4.550000,160.000000,73.180439
4.600000,160.000000,72.337589
4.650000,160.000000,70.775349
4.700000,160.000000,68.577272
4.750000,160.000000,65.857081
4.800000,160.000000,62.748938
4.850000,160.000000,59.396544
4.900000,160.000000,55.942339
4.950000,160.000000,52.518017
5.000000,160.000000,49.237526
5.050000,160.000000,46.193856
5.100000,160.000000,43.461418
5.150000,160.000000,41.106816
5.200000,160.000000,39.211486
5.250000,160.000000,37.907965
5.300000,160.000000,37.424205
5.350000,160.000000,38.115198
5.400000,160.000000,40.443094
5.450000,160.000000,44.861507
5.500000,160.000000,51.588699
5.550000,160.000000,60.325821
5.600000,160.000000,70.060479
5.650000,160.000000,79.124839
5.700000,160.000000,85.591026
5.750000,160.000000,87.899956
5.800000,160.000000,85.445432
5.850000,160.000000,78.811808
5.900000,160.000000,69.534994
5.950000,160.000000,59.517185
6.000000,160.000000,50.397145
0.000000,161.000000,27.286800
0.050000,161.000000,26.597609
0.100000,161.000000,25.948088
0.150000,161.000000,25.382405
0.200000,161.000000,24.942573
0.250000,161.000000,24.663319
0.300000,161.000000,24.567564
0.350000,161.000000,24.663319
0.400000,161.000000,24.942573
0.450000,161.000000,25.382405
0.500000,161.000000,25.948088
0.550000,161.000000,26.597609
0.600000,161.000000,27.286800
0.650000,161.000000,27.974193
0.700000,161.000000,28.624901
0.750000,161.000000,29.213064
0.800000,161.000000,29.722716
0.850000,161.000000,30.147268
0.900000,161.000000,30.487950
0.950000,161.000000,30.751699
1.000000,161.000000,30.948924
1.050000,161.000000,31.091505
1.100000,161.000000,31.191232
1.150000,161.000000,31.258758
1.200000,161.000000,31.303042
1.250000,161.000000,31.331182
1.300000,161.000000,31.348514
1.350000,161.000000,31.358864
1.400000,161.000000,31.364859
1.450000,161.000000,31.368226
1.500000,161.000000,31.370061
1.550000,161.000000,31.371032
1.600000,161.000000,31.371530
1.650000,161.000000,31.371778
1.700000,161.000000,31.371898
1.750000,161.000000,31.371955
1.800000,161.000000,31.371980
1.850000,161.000000,31.371992
1.900000,161.000000,31.371997
1.950000,161.000000,31.371999
2.000000,161.000000,31.371999
2.050000,161.000000,31.372000
2.100000,161.000000,31.372000
2.150000,161.000000,31.372000
2.200000,161.000000,31.372000
2.250000,161.000000,31.372000
2.300000,161.000000,31.372000
2.350000,161.000000,31.372001
2.400000,161.000000,31.372002
2.450000,161.000000,31.372004
2.500000,161.000000,31.372008
2.550000,161.000000,31.372018
2.600000,161.000000,31.372037
2.650000,161.000000,31.372075
2.700000,161.000000,31.372149
2.750000,161.000000,31.372292
2.800000,161.000000,31.372562
2.850000,161.000000,31.373060
2.900000,161.000000,31.373963
2.950000,161.000000,31.375569
3.000000,161.000000,31.378372
3.050000,161.000000,31.383167
3.100000,161.000000,31.391211
3.150000,161.000000,31.404444
3.200000,161.000000,31.425788
3.250000,161.000000,31.459541
3.300000,161.000000,31.511865
3.350000,161.000000,31.591368
3.400000,161.000000,31.709759
3.450000,161.000000,31.882517
3.500000,161.000000,32.129501
3.550000,161.000000,32.475382
3.600000,161.000000,32.949747
3.650000,161.000000,33.586718
3.700000,161.000000,34.423891
3.750000,161.000000,35.500468
3.800000,161.000000,36.854494
3.850000,161.000000,38.519216
3.900000,161.000000,40.518712
3.950000,161.000000,42.863124
4.000000,161.000000,45.543945
4.050000,161.000000,48.529965
4.100000,161.000000,51.764550
4.150000,161.000000,55.164861
4.200000,161.000000,58.623551
4.250000,161.000000,62.013159
4.300000,161.000000,65.193165
4.350000,161.000000,68.019245
4.400000,161.000000,70.353946
4.450000,161.000000,72.077688
4.500000,161.000000,73.098898
4.550000,161.000000,73.362060
4.600000,161.000000,72.852722
4.650000,161.000000,71.598803
4.700000,161.000000,69.668065
4.750000,161.000000,67.162041
4.800000,161.000000,64.207204
4.850000,161.000000,60.944433
4.900000,161.000000,57.518035
4.950000,161.000000,54.065604
5.000000,161.000000,50.709998
5.050000,161.000000,47.554830
5.100000,161.000000,44.685350
5.150000,161.000000,42.177472
5.200000,161.000000,40.118260
5.250000,161.000000,38.639565
5.300000,161.000000,37.959531
5.350000,161.000000,38.412500
5.400000,161.000000,40.430868
5.450000,161.000000,44.437321
5.500000,161.000000,50.633042
5.550000,161.000000,58.734401
5.600000,161.000000,67.789467
5.650000,161.000000,76.232733
5.700000,161.000000,82.255570
5.750000,161.000000,84.395154
5.800000,161.000000,82.081420
5.850000,161.000000,75.859588
5.900000,161.000000,67.166326
5.950000,161.000000,57.781657
6.000000,161.000000,49.239249
0.000000,162.000000,27.336220
0.050000,162.000000,26.646594
0.100000,162.000000,25.996662
0.150000,162.000000,25.430622
0.200000,162.000000,24.990512
0.250000,162.000000,24.711081
0.300000,162.000000,24.615266
0.350000,162.000000,24.711081
0.400000,162.000000,24.990512
0.450000,162.000000,25.430622
0.500000,162.000000,25.996662
0.550000,162.000000,26.646594
0.600000,162.000000,27.336220
0.650000,162.000000,28.024047
0.700000,162.000000,28.675166
0.750000,162.000000,29.263700
0.800000,162.000000,29.773674
0.850000,162.000000,30.198494
0.900000,162.000000,30.539392
0.950000,162.000000,30.803307
1.000000,162.000000,31.000657
1.050000,162.000000,31.143328
1.100000,162.000000,31.243118
1.150000,162.000000,31.310687
1.200000,162.000000,31.354999
1.250000,162.000000,31.383156
1.300000,162.000000,31.400499
1.350000,162.000000,31.410856
1.400000,162.000000,31.416854
1.450000,162.000000,31.420224
1.500000,162.000000,31.422060
1.550000,162.000000,31.423031
1.600000,162.000000,31.423530
1.650000,162.000000,31.423778
1.700000,162.000000,31.423898
1.750000,162.000000,31.423955
1.800000,162.000000,31.423980
1.850000,162.000000,31.423992
1.900000,162.000000,31.423997
1.950000,162.000000,31.423999
2.000000,162.000000,31.423999
2.050000,162.000000,31.424000
2.100000,162.000000,31.424000
2.150000,162.000000,31.424000
2.200000,162.000000,31.424000
2.250000,162.000000,31.424000
2.300000,162.000000,31.424000
2.350000,162.000000,31.424001
2.400000,162.000000,31.424001
2.450000,162.000000,31.424003
2.500000,162.000000,31.424006
2.550000,162.000000,31.424013
2.600000,162.000000,31.424027
2.650000,162.000000,31.424055
2.700000,162.000000,31.424110
2.750000,162.000000,31.424218
2.800000,162.000000,31.424422
2.850000,162.000000,31.424803
2.900000,162.000000,31.425500
2.950000,162.000000,31.426750
3.000000,162.000000,31.428949
3.050000,162.000000,31.432744
3.100000,162.000000,31.439166
3.150000,162.000000,31.449822
3.200000,162.000000,31.467159
3.250000,162.000000,31.494816
3.300000,162.000000,31.538067
3.350000,162.000000,31.604367
3.400000,162.000000,31.703979
3.450000,162.000000,31.850641
3.500000,162.000000,32.062218
3.550000,162.000000,32.361226
3.600000,162.000000,32.775107
3.650000,162.000000,33.336072
3.700000,162.000000,34.080367
3.750000,162.000000,35.046776
3.800000,162.000000,36.274252
3.850000,162.000000,37.798651
3.900000,162.000000,39.648661
3.950000,162.000000,41.841152
4.000000,162.000000,44.376374
4.050000,162.000000,47.233538
4.100000,162.000000,50.367419
4.150000,162.000000,53.706657
4.200000,162.000000,57.154309
4.250000,162.000000,60.591044
4.300000,162.000000,63.881065
4.350000,162.000000,66.880469
4.400000,162.000000,69.447415
4.450000,162.000000,71.453132
4.500000,162.000000,72.792581
4.550000,162.000000,73.393567
4.600000,162.000000,73.223180
4.650000,162.000000,72.290782
4.700000,162.000000,70.647155
4.750000,162.000000,68.379921
4.800000,162.000000,65.605806
4.850000,162.000000,62.460715
4.900000,162.000000,59.088809
4.950000,162.000000,55.631907
5.000000,162.000000,52.220564
5.050000,162.000000,48.968334
5.100000,162.000000,45.971148
5.150000,162.000000,43.314520
5.200000,162.000000,41.091781
5.250000,162.000000,39.434956
5.300000,162.000000,38.553338
5.350000,162.000000,38.761561
5.400000,162.000000,40.463117
5.450000,162.000000,44.050465
5.500000,162.000000,49.708203
5.550000,162.000000,57.168207
5.600000,162.000000,65.539084
5.650000,162.000000,73.357559
5.700000,162.000000,78.934041
5.750000,162.000000,80.901737
5.800000,162.000000,78.726541
5.850000,162.000000,72.914458
5.900000,162.000000,64.802918
5.950000,162.000000,56.049826
6.000000,162.000000,48.083796
0.000000,163.000000,27.385696
0.050000,163.000000,26.695644
0.100000,163.000000,26.045311
0.150000,163.000000,25.478922
0.200000,163.000000,25.038540
0.250000,163.000000,24.758937
0.300000,163.000000,24.663063
0.350000,163.000000,24.758937
0.400000,163.000000,25.038540
0.450000,163.000000,25.478922
0.500000,163.000000,26.045311
0.550000,163.000000,26.695644
0.600000,163.000000,27.385696
0.650000,163.000000,28.073948
0.700000,163.000000,28.725469
0.750000,163.000000,29.314367
0.800000,163.000000,29.824655
0.850000,163.000000,30.249738
0.900000,163.000000,30.590845
0.950000,163.000000,30.854924
1.000000,163.000000,31.052395
1.050000,163.000000,31.195155
1.100000,163.000000,31.295007
1.150000,163.000000,31.362617
1.200000,163.000000,31.406956
1.250000,163.000000,31.435131
1.300000,163.000000,31.452485
1.350000,163.000000,31.462848
1.400000,163.000000,31.468850
1.450000,163.000000,31.472221
1.500000,163.000000,31.474059
1.550000,163.000000,31.475031
1.600000,163.000000,31.475529
1.650000,163.000000,31.475778
1.700000,163.000000,31.475898
1.750000,163.000000,31.475955
1.800000,163.000000,31.475980
1.850000,163.000000,31.475992
1.900000,163.000000,31.475997
1.950000,163.000000,31.475999
2.000000,163.000000,31.475999
2.050000,163.000000,31.476000
2.100000,163.000000,31.476000
2.150000,163.000000,31.476000
2.200000,163.000000,31.476000
2.250000,163.000000,31.476000
2.300000,163.000000,31.476000
2.350000,163.000000,31.476000
2.400000,163.000000,31.476001
2.450000,163.000000,31.476002
2.500000,163.000000,31.476004
2.550000,163.000000,31.476009
2.600000,163.000000,31.476019
2.650000,163.000000,31.476040
2.700000,163.000000,31.476081
2.750000,163.000000,31.476162
2.800000,163.000000,31.476316
2.850000,163.000000,31.476607
2.900000,163.000000,31.477142
2.950000,163.000000,31.478111
3.000000,163.000000,31.479830
3.050000,163.000000,31.482822
3.100000,163.000000,31.487930
3.150000,163.000000,31.496478
3.200000,163.000000,31.510507
3.250000,163.000000,31.533081
3.300000,163.000000,31.568695
3.350000,163.000000,31.623771
3.400000,163.000000,31.707254
3.450000,163.000000,31.831271
3.500000,163.000000,32.011796
3.550000,163.000000,32.269247
3.600000,163.000000,32.628888
3.650000,163.000000,33.120884
3.700000,163.000000,33.779841
3.750000,163.000000,34.643666
3.800000,163.000000,35.751586
3.850000,163.000000,37.141278
3.900000,163.000000,38.845131
3.950000,163.000000,40.885807
4.000000,163.000000,43.271452
4.050000,163.000000,45.991026
4.100000,163.000000,49.010383
4.150000,163.000000,52.269738
4.200000,163.000000,55.683171
4.250000,163.000000,59.140633
4.300000,163.000000,62.512677
4.350000,163.000000,65.657798
4.400000,163.000000,68.431919
4.450000,163.000000,70.699155
4.500000,163.000000,72.342782
4.550000,163.000000,73.275180
4.600000,163.000000,73.445567
4.650000,163.000000,72.844581
4.700000,163.000000,71.505132
4.750000,163.000000,69.499417
4.800000,163.000000,66.932476
4.850000,163.000000,63.933101
4.900000,163.000000,60.643207
4.950000,163.000000,57.206991
5.000000,163.000000,53.761280
5.050000,163.000000,50.428653
5.100000,163.000000,47.315343
5.150000,163.000000,44.516588
5.200000,163.000000,42.132526
5.250000,163.000000,40.296211
5.300000,163.000000,39.209154
5.350000,163.000000,39.167462
5.400000,163.000000,40.546903
5.450000,163.000000,43.710743
5.500000,163.000000,48.827717
5.550000,163.000000,55.645423
5.600000,163.000000,63.332602
5.650000,163.000000,70.527255
5.700000,163.000000,75.657612
5.750000,163.000000,77.451853
5.800000,163.000000,75.411339
5.850000,163.000000,70.003104
5.900000,163.000000,62.466191
5.950000,163.000000,54.337476
6.000000,163.000000,46.941467
0.000000,164.000000,27.435228
0.050000,164.000000,26.744760
0.100000,164.000000,26.094034
0.150000,164.000000,25.527303
0.200000,164.000000,25.086656
0.250000,164.000000,24.806884
0.300000,164.000000,24.710951
0.350000,164.000000,24.806884
0.400000,164.000000,25.086656
0.450000,164.000000,25.527303
0.500000,164.000000,26.094034
0.550000,164.000000,26.744760
0.600000,164.000000,27.435228
0.650000,164.000000,28.123895
0.700000,164.000000,28.775810
0.750000,164.000000,29.365062
0.800000,164.000000,29.875659
0.850000,164.000000,30.300998
0.900000,164.000000,30.642311
0.950000,164.000000,30.906549
1.000000,164.000000,31.104140
1.050000,164.000000,31.246985
1.100000,164.000000,31.346897
1.150000,164.000000,31.414548
1.200000,164.000000,31.458914
1.250000,164.000000,31.487107
1.300000,164.000000,31.504471
1.350000,164.000000,31.514840
1.400000,164.000000,31.520845
1.450000,164.000000,31.524219
1.500000,164.000000,31.526058
1.550000,164.000000,31.527030
1.600000,164.000000,31.527529
1.650000,164.000000,31.527778
1.700000,164.000000,31.527898
1.750000,164.000000,31.527955
1.800000,164.000000,31.527980
1.850000,164.000000,31.527992
1.900000,164.000000,31.527997
1.950000,164.000000,31.527999
2.000000,164.000000,31.527999
2.050000,164.000000,31.528000
2.100000,164.000000,31.528000
2.150000,164.000000,31.528000
2.200000,164.000000,31.528000
2.250000,164.000000,31.528000
2.300000,164.000000,31.528000
2.350000,164.000000,31.528000
2.400000,164.000000,31.528001
2.450000,164.000000,31.528001
2.500000,164.000000,31.528003
2.550000,164.000000,31.528007
2.600000,164.000000,31.528014
2.650000,164.000000,31.528029
2.700000,164.000000,31.528060
2.750000,164.000000,31.528120
2.800000,164.000000,31.528236
2.850000,164.000000,31.528456
2.900000,164.000000,31.528867
2.950000,164.000000,31.529615
3.000000,164.000000,31.530954
3.050000,164.000000,31.533304
3.100000,164.000000,31.537350
3.150000,164.000000,31.544182
3.200000,164.000000,31.555490
3.250000,164.000000,31.573846
3.300000,164.000000,31.603058
3.350000,164.000000,31.648632
3.400000,164.000000,31.718326
3.450000,164.000000,31.822783
3.500000,164.000000,31.976204
3.550000,164.000000,32.196987
3.600000,164.000000,32.508234
3.650000,164.000000,32.937975
3.700000,164.000000,33.518959
3.750000,164.000000,34.287831
3.800000,164.000000,35.283539
3.850000,164.000000,36.544853
3.900000,164.000000,38.106999
3.950000,164.000000,39.997499
4.000000,164.000000,42.231481
4.050000,164.000000,44.806890
4.100000,164.000000,47.700155
4.150000,164.000000,50.862966
4.200000,164.000000,54.220814
4.250000,164.000000,57.673846
4.300000,164.000000,61.100392
4.350000,164.000000,64.363196
4.400000,164.000000,67.318039
4.450000,164.000000,69.824064
4.500000,164.000000,71.754803
4.550000,164.000000,73.008722
4.600000,164.000000,73.518060
4.650000,164.000000,73.254898
4.700000,164.000000,72.233688
4.750000,164.000000,70.509947
4.800000,164.000000,68.175252
4.850000,164.000000,65.349198
4.900000,164.000000,62.169310
4.950000,164.000000,58.780182
5.000000,164.000000,55.323284
5.050000,164.000000,51.929078
5.100000,164.000000,48.713497
5.150000,164.000000,45.781428
5.200000,164.000000,43.240235
5.250000,164.000000,41.224823
5.300000,164.000000,39.930068
5.350000,164.000000,39.634928
5.400000,164.000000,40.688917
5.450000,164.000000,43.427462
5.500000,164.000000,48.004359
5.550000,164.000000,54.183086
5.600000,164.000000,61.191690
5.650000,164.000000,67.767725
5.700000,164.000000,72.455100
5.750000,164.000000,74.075159
5.800000,164.000000,72.163950
5.850000,164.000000,67.150088
5.900000,164.000000,60.175850
5.950000,164.000000,52.659127
6.000000,164.000000,45.822085
0.000000,165.000000,27.484814
0.050000,165.000000,26.793938
0.100000,165.000000,26.142829
0.150000,165.000000,25.575764
0.200000,165.000000,25.134857
0.250000,165.000000,24.854919
0.300000,165.000000,24.758931
0.350000,165.000000,24.854919
0.400000,165.000000,25.134857
0.450000,165.000000,25.575764
0.500000,165.000000,26.142829
0.550000,165.000000,26.793938
0.600000,165.000000,27.484814
0.650000,165.000000,28.173887
0.700000,165.000000,28.826186
0.750000,165.000000,29.415786
0.800000,165.000000,29.926684
0.850000,165.000000,30.352274
0.900000,165.000000,30.693789
0.950000,165.000000,30.958182
1.000000,165.000000,31.155890
1.050000,165.000000,31.298820
1.100000,165.000000,31.398791
1.150000,165.000000,31.466481
1.200000,165.000000,31.510874
1.250000,165.000000,31.539082
1.300000,165.000000,31.556457
1.350000,165.000000,31.566832
1.400000,165.000000,31.572841
1.450000,165.000000,31.576217
1.500000,165.000000,31.578056
1.550000,165.000000,31.579029
1.600000,165.000000,31.579529
1.650000,165.000000,31.579778
1.700000,165.000000,31.579898
1.750000,165.000000,31.579955
1.800000,165.000000,31.579980
1.850000,165.000000,31.579992
1.900000,165.000000,31.579997
1.950000,165.000000,31.579999
2.000000,165.000000,31.579999
2.050000,165.000000,31.580000
2.100000,165.000000,31.580000
2.150000,165.000000,31.580000
2.200000,165.000000,31.580000
2.250000,165.000000,31.580000
2.300000,165.000000,31.580000
2.350000,165.000000,31.580000
2.400000,165.000000,31.580000
2.450000,165.000000,31.580001
2.500000,165.000000,31.580002
2.550000,165.000000,31.580005
2.600000,165.000000,31.580010
2.650000,165.000000,31.580021
2.700000,165.000000,31.580044
2.750000,165.000000,31.580088
2.800000,165.000000,31.580176
2.850000,165.000000,31.580342
2.900000,165.000000,31.580655
2.950000,165.000000,31.581231
3.000000,165.000000,31.582270
3.050000,165.000000,31.584109
3.100000,165.000000,31.587303
3.150000,165.000000,31.592741
3.200000,165.000000,31.601822
3.250000,165.000000,31.616691
3.300000,165.000000,31.640560
3.350000,165.000000,31.678126
3.400000,165.000000,31.736082
3.450000,165.000000,31.823719
3.500000,165.000000,31.953591
3.550000,165.000000,32.142176
3.600000,165.000000,32.410459
3.650000,165.000000,32.784295
3.700000,165.000000,33.294420
3.750000,165.000000,33.975913
3.800000,165.000000,34.866958
3.850000,165.000000,36.006767
3.900000,165.000000,37.432598
3.950000,165.000000,39.175914
4.000000,165.000000,41.257893
4.050000,165.000000,43.684615
4.100000,165.000000,46.442455
4.150000,165.000000,49.494288
4.200000,165.000000,52.777173
4.250000,165.000000,56.202138
4.300000,165.000000,59.656500
4.350000,165.000000,63.008929
4.400000,165.000000,66.117080
4.450000,165.000000,68.837271
4.500000,165.000000,71.035349
4.550000,165.000000,72.597589
4.600000,165.000000,73.440439
4.650000,165.000000,73.517916
4.700000,165.000000,72.825760
4.750000,165.000000,71.401828
4.800000,165.000000,69.322662
4.850000,165.000000,66.696686
4.900000,165.000000,63.654886
4.950000,165.000000,60.340173
5.000000,165.000000,56.896861
5.050000,165.000000,53.461931
5.100000,165.000000,50.160176
5.150000,165.000000,47.105862
5.200000,165.000000,44.413839
5.250000,165.000000,42.221622
5.300000,165.000000,40.718640
5.350000,165.000000,40.168233
5.400000,165.000000,40.895388
5.450000,165.000000,43.209321
5.500000,165.000000,47.250008
5.550000,165.000000,52.796920
5.600000,165.000000,59.136212
5.650000,165.000000,65.102587
5.700000,165.000000,69.352678
5.750000,165.000000,70.798521
5.800000,165.000000,69.009825
5.850000,165.000000,64.377605
5.900000,165.000000,57.949691
5.950000,165.000000,51.027894
6.000000,165.000000,44.734526
0.000000,166.000000,27.534453
0.050000,166.000000,26.843179
0.100000,166.000000,26.191695
0.150000,166.000000,25.624303
0.200000,166.000000,25.183141
0.250000,166.000000,24.903042
0.300000,166.000000,24.806998
0.350000,166.000000,24.903042
0.400000,166.000000,25.183141
0.450000,166.000000,25.624303
0.500000,166.000000,26.191695
0.550000,166.000000,26.843179
0.600000,166.000000,27.534453
0.650000,166.000000,28.223923
0.700000,166.000000,28.876599
0.750000,166.000000,29.466539
0.800000,166.000000,29.977731
0.850000,166.000000,30.403566
0.900000,166.000000,30.745278
0.950000,166.000000,31.009824
1.000000,166.000000,31.207645
1.050000,166.000000,31.350658
1.100000,166.000000,31.450686
1.150000,166.000000,31.518416
1.200000,166.000000,31.562834
1.250000,166.000000,31.591059
1.300000,166.000000,31.608443
1.350000,166.000000,31.618825
1.400000,166.000000,31.624837
1.450000,166.000000,31.628214
1.500000,166.000000,31.630055
1.550000,166.000000,31.631029
1.600000,166.000000,31.631529
1.650000,166.000000,31.631778
1.700000,166.000000,31.631898
1.750000,166.000000,31.631955
1.800000,166.000000,31.631980
1.850000,166.000000,31.631992
1.900000,166.000000,31.631997
1.950000,166.000000,31.631999
2.000000,166.000000,31.631999
2.050000,166.000000,31.632000
2.100000,166.000000,31.632000
2.150000,166.000000,31.632000
2.200000,166.000000,31.632000
2.250000,166.000000,31.632000
2.300000,166.000000,31.632000
2.350000,166.000000,31.632000
2.400000,166.000000,31.632000
2.450000,166.000000,31.632001
2.500000,166.000000,31.632002
2.550000,166.000000,31.632003
2.600000,166.000000,31.632007
2.650000,166.000000,31.632015
2.700000,166.000000,31.632032
2.750000,166.000000,31.632065
2.800000,166.000000,31.632130
2.850000,166.000000,31.632256
2.900000,166.000000,31.632493
2.950000,166.000000,31.632935
3.000000,166.000000,31.633738
3.050000,166.000000,31.635172
3.100000,166.000000,31.637683
3.150000,166.000000,31.641996
3.200000,166.000000,31.649261
3.250000,166.000000,31.661259
3.300000,166.000000,31.680688
3.350000,166.000000,31.711534
3.400000,166.000000,31.759542
3.450000,166.000000,31.832781
3.500000,166.000000,31.942286
3.550000,166.000000,32.102731
3.600000,166.000000,32.333054
3.650000,166.000000,32.656943
3.700000,166.000000,33.103016
3.750000,166.000000,33.704549
3.800000,166.000000,34.498562
3.850000,166.000000,35.524130
3.900000,166.000000,36.819795
3.950000,166.000000,38.420090
4.000000,166.000000,40.351304
4.050000,166.000000,42.626753
4.100000,166.000000,45.242012
4.150000,166.000000,48.170685
4.200000,166.000000,51.361352
4.250000,166.000000,54.736368
4.300000,166.000000,58.193021
4.350000,166.000000,61.607390
4.400000,166.000000,64.840888
4.450000,166.000000,67.749129
4.500000,166.000000,70.192400
4.550000,166.000000,72.046688
4.600000,166.000000,73.214093
4.650000,166.000000,73.631379
4.700000,166.000000,73.275651
4.750000,166.000000,72.166436
4.800000,166.000000,70.363911
4.850000,166.000000,67.963502
4.900000,166.000000,65.087553
4.950000,166.000000,61.875159
5.000000,166.000000,58.471529
5.050000,166.000000,55.018595
5.100000,166.000000,51.648951
5.150000,166.000000,48.485743
5.200000,166.000000,45.651396
5.250000,166.000000,43.286695
5.300000,166.000000,41.576811
5.350000,166.000000,40.771115
5.400000,166.000000,41.171991
5.450000,166.000000,43.064321
5.500000,166.000000,46.575540
5.550000,166.000000,51.501202
5.600000,166.000000,57.184064
5.650000,166.000000,62.552989
5.700000,166.000000,66.373676
5.750000,166.000000,67.645813
5.800000,166.000000,65.971527
5.850000,166.000000,61.705306
5.900000,166.000000,55.803463
5.950000,166.000000,49.455378
6.000000,166.000000,43.686647
0.000000,167.000000,27.584144
0.050000,167.000000,26.892481
0.100000,167.000000,26.240629
0.150000,167.000000,25.672917
0.200000,167.000000,25.231507
0.250000,167.000000,24.951251
0.300000,167.000000,24.855152
0.350000,167.000000,24.951251
0.400000,167.000000,25.231507
0.450000,167.000000,25.672917
0.500000,167.000000,26.240629
0.550000,167.000000,26.892481
0.600000,167.000000,27.584144
0.650000,167.000000,28.274003
0.700000,167.000000,28.927046
0.750000,167.000000,29.517318
0.800000,167.000000,30.028799
0.850000,167.000000,30.454874
0.900000,167.000000,30.796778
0.950000,167.000000,31.061473
1.000000,167.000000,31.259406
1.050000,167.000000,31.402499
1.100000,167.000000,31.502584
1.150000,167.000000,31.570352
1.200000,167.000000,31.614795
1.250000,167.000000,31.643036
1.300000,167.000000,31.660430
1.350000,167.000000,31.670817
1.400000,167.000000,31.676833
1.450000,167.000000,31.680212
1.500000,167.000000,31.682054
1.550000,167.000000,31.683028
1.600000,167.000000,31.683528
1.650000,167.000000,31.683777
1.700000,167.000000,31.683898
1.750000,167.000000,31.683954
1.800000,167.000000,31.683980
1.850000,167.000000,31.683992
1.900000,167.000000,31.683997
1.950000,167.000000,31.683999
2.000000,167.000000,31.683999
2.050000,167.000000,31.684000
2.100000,167.000000,31.684000
2.150000,167.000000,31.684000
2.200000,167.000000,31.684000
2.250000,167.000000,31.684000
2.300000,167.000000,31.684000
2.350000,167.000000,31.684000
2.400000,167.000000,31.684000
2.450000,167.000000,31.684000
2.500000,167.000000,31.684001
2.550000,167.000000,31.684002
2.600000,167.000000,31.684005
2.650000,167.000000,31.684011
2.700000,167.000000,31.684023
2.750000,167.000000,31.684048
2.800000,167.000000,31.684096
2.850000,167.000000,31.684190
2.900000,167.000000,31.684370
2.950000,167.000000,31.684707
3.000000,167.000000,31.685326
3.050000,167.000000,31.686440
3.100000,167.000000,31.688407
3.150000,167.000000,31.691815
3.200000,167.000000,31.697604
3.250000,167.000000,31.707249
3.300000,167.000000,31.723003
3.350000,167.000000,31.748234
3.400000,167.000000,31.787848
3.450000,167.000000,31.848817
3.500000,167.000000,31.940788
3.550000,167.000000,32.076751
3.600000,167.000000,32.273698
3.650000,167.000000,32.553184
3.700000,167.000000,32.941660
3.750000,167.000000,33.470421
3.800000,167.000000,34.175000
3.850000,167.000000,35.093834
3.900000,167.000000,36.266075
3.950000,167.000000,37.728501
4.000000,167.000000,39.511591
4.050000,167.000000,41.634966
4.100000,167.000000,44.102574
4.150000,167.000000,46.898149
4.200000,167.000000,49.981551
4.250000,167.000000,53.286684
4.300000,167.000000,56.721551
4.350000,167.000000,60.170912
4.400000,167.000000,63.501667
4.450000,167.000000,66.570764
4.500000,167.000000,69.235081
4.550000,167.000000,71.362351
4.600000,167.000000,72.841993
4.650000,167.000000,73.594628
4.700000,167.000000,73.579131
4.750000,167.000000,72.796355
4.800000,167.000000,71.289054
4.850000,167.000000,69.138021
4.900000,167.000000,66.454955
4.950000,167.000000,63.372978
5.000000,167.000000,60.036143
5.050000,167.000000,56.589585
5.100000,167.000000,53.172410
5.150000,167.000000,49.915927
5.200000,167.000000,46.950034
5.250000,167.000000,44.419310
5.300000,167.000000,42.505823
5.350000,167.000000,41.446685
5.400000,167.000000,41.523764
5.450000,167.000000,42.999675
5.500000,167.000000,45.990740
5.550000,167.000000,50.308676
5.600000,167.000000,55.351075
5.650000,167.000000,60.137491
5.700000,167.000000,63.538456
5.750000,167.000000,64.637786
5.800000,167.000000,63.068621
5.850000,167.000000,59.150204
5.900000,167.000000,53.750789
5.950000,167.000000,47.951618
6.000000,167.000000,42.685254
0.000000,168.000000,27.633886
0.050000,168.000000,26.941841
0.100000,168.000000,26.289631
0.150000,168.000000,25.721606
0.200000,168.000000,25.279953
0.250000,168.000000,24.999542
0.300000,168.000000,24.903391
0.350000,168.000000,24.999542
0.400000,168.000000,25.279953
0.450000,168.000000,25.721606
0.500000,168.000000,26.289631
0.550000,168.000000,26.941841
0.600000,168.000000,27.633886
0.650000,168.000000,28.324124
0.700000,168.000000,28.977527
0.750000,168.000000,29.568125
0.800000,168.000000,30.079887
0.850000,168.000000,30.506197
0.900000,168.000000,30.848290
0.950000,168.000000,31.113130
1.000000,168.000000,31.311172
1.050000,168.000000,31.454344
1.100000,168.000000,31.554484
1.150000,168.000000,31.622289
1.200000,168.000000,31.666757
1.250000,168.000000,31.695013
1.300000,168.000000,31.712417
1.350000,168.000000,31.722810
1.400000,168.000000,31.728829
1.450000,168.000000,31.732210
1.500000,168.000000,31.734053
1.550000,168.000000,31.735028
1.600000,168.000000,31.735528
1.650000,168.000000,31.735777
1.700000,168.000000,31.735898
1.750000,168.000000,31.735954
1.800000,168.000000,31.735980
1.850000,168.000000,31.735992
1.900000,168.000000,31.735997
1.950000,168.000000,31.735999
2.000000,168.000000,31.735999
2.050000,168.000000,31.736000
2.100000,168.000000,31.736000
2.150000,168.000000,31.736000
2.200000,168.000000,31.736000
2.250000,168.000000,31.736000
2.300000,168.000000,31.736000
2.350000,168.000000,31.736000
2.400000,168.000000,31.736000
2.450000,168.000000,31.736000
2.500000,168.000000,31.736001
2.550000,168.000000,31.736002
2.600000,168.000000,31.736004
2.650000,168.000000,31.736008
2.700000,168.000000,31.736017
2.750000,168.000000,31.736035
2.800000,168.000000,31.736071
2.850000,168.000000,31.736141
2.900000,168.000000,31.736277
2.950000,168.000000,31.736533
3.000000,168.000000,31.737008
3.050000,168.000000,31.737870
3.100000,168.000000,31.739405
3.150000,168.000000,31.742088
3.200000,168.000000,31.746684
3.250000,168.000000,31.754407
3.300000,168.000000,31.767133
3.350000,168.000000,31.787691
3.400000,168.000000,31.820253
3.450000,168.000000,31.870811
3.500000,168.000000,31.947754
3.550000,168.000000,32.062519
3.600000,168.000000,32.230258
3.650000,168.000000,32.470462
3.700000,168.000000,32.807406
3.750000,168.000000,33.270292
3.800000,168.000000,33.892908
3.850000,168.000000,34.712627
3.900000,168.000000,35.768616
3.950000,168.000000,37.099133
4.000000,168.000000,38.737962
4.050000,168.000000,40.710087
4.100000,168.000000,43.026944
4.150000,168.000000,45.681678
4.200000,168.000000,48.645019
4.250000,168.000000,51.862423
4.300000,168.000000,55.253123
4.350000,168.000000,58.711605
4.400000,168.000000,62.111791
4.450000,168.000000,65.313891
4.500000,168.000000,68.173505
4.550000,168.000000,70.552222
4.600000,168.000000,72.328640
4.650000,168.000000,73.408614
4.700000,168.000000,73.733515
4.750000,168.000000,73.285505
4.800000,168.000000,72.089161
4.850000,168.000000,70.209247
4.900000,168.000000,67.744939
4.950000,168.000000,64.821271
5.000000,168.000000,61.579019
5.050000,168.000000,58.164617
5.100000,168.000000,54.722194
5.150000,168.000000,51.390274
5.200000,168.000000,48.305910
5.250000,168.000000,45.617852
5.300000,168.000000,43.506137
5.350000,168.000000,42.197347
5.400000,168.000000,41.955026
5.450000,168.000000,43.021737
5.500000,168.000000,45.504242
5.550000,168.000000,49.230489
5.600000,168.000000,53.650950
5.650000,168.000000,57.872023
5.700000,168.000000,60.864366
5.750000,168.000000,61.792030
5.800000,168.000000,60.317630
5.850000,168.000000,56.726638
5.900000,168.000000,51.803142
5.950000,168.000000,46.525070
6.000000,168.000000,41.736087
0.000000,169.000000,27.683677
0.050000,169.000000,26.991260
0.100000,169.000000,26.338698
0.150000,169.000000,25.770368
0.200000,169.000000,25.328477
0.250000,169.000000,25.047915
0.300000,169.000000,24.951712
0.350000,169.000000,25.047915
0.400000,169.000000,25.328477
0.450000,169.000000,25.770368
0.500000,169.000000,26.338698
0.550000,169.000000,26.991260
0.600000,169.000000,27.683677
0.650000,169.000000,28.374287
0.700000,169.000000,29.028042
0.750000,169.000000,29.618958
0.800000,169.000000,30.130996
0.850000,169.000000,30.557535
0.900000,169.000000,30.899812
0.950000,169.000000,31.164795
1.000000,169.000000,31.362943
1.050000,169.000000,31.506192
1.100000,169.000000,31.606386
1.150000,169.000000,31.674228
1.200000,169.000000,31.718720
1.250000,169.000000,31.746991
1.300000,169.000000,31.764404
1.350000,169.000000,31.774803
1.400000,169.000000,31.780825
1.450000,169.000000,31.784208
1.500000,169.000000,31.786052
1.550000,169.000000,31.787027
1.600000,169.000000,31.787528
1.650000,169.000000,31.787777
1.700000,169.000000,31.787898
1.750000,169.000000,31.787954
1.800000,169.000000,31.787980
1.850000,169.000000,31.787992
1.900000,169.000000,31.787997
1.950000,169.000000,31.787999
2.000000,169.000000,31.787999
2.050000,169.000000,31.788000
2.100000,169.000000,31.788000
2.150000,169.000000,31.788000
2.200000,169.000000,31.788000
2.250000,169.000000,31.788000
2.300000,169.000000,31.788000
2.350000,169.000000,31.788000
2.400000,169.000000,31.788000
2.450000,169.000000,31.788000
2.500000,169.000000,31.788001
2.550000,169.000000,31.788001
2.600000,169.000000,31.788003
2.650000,169.000000,31.788006
2.700000,169.000000,31.788012
2.750000,169.000000,31.788025
2.800000,169.000000,31.788052
2.850000,169.000000,31.788104
2.900000,169.000000,31.788206
2.950000,169.000000,31.788401
3.000000,169.000000,31.788763
3.050000,169.000000,31.789428
3.100000,169.000000,31.790622
3.150000,169.000000,31.792725
3.200000,169.000000,31.796360
3.250000,169.000000,31.802522
3.300000,169.000000,31.812762
3.350000,169.000000,31.829450
3.400000,169.000000,31.856112
3.450000,169.000000,31.897874
3.500000,169.000000,31.961994
3.550000,169.000000,32.058485
3.600000,169.000000,32.200784
3.650000,169.000000,32.406403
3.700000,169.000000,32.697473
3.750000,169.000000,33.101039
3.800000,169.000000,33.648949
3.850000,169.000000,34.377172
3.900000,169.000000,35.324362
3.950000,169.000000,36.529568
4.000000,169.000000,38.029034
4.050000,169.000000,39.852187
4.100000,169.000000,42.017020
4.150000,169.000000,44.525285
4.200000,169.000000,47.358018
4.250000,169.000000,50.472039
4.300000,169.000000,53.798090
4.350000,169.000000,57.241193
4.400000,169.000000,60.683629
4.450000,169.000000,63.990636
4.500000,169.000000,67.018606
4.550000,169.000000,69.625131
4.600000,169.000000,71.679989
4.650000,169.000000,73.075881
4.700000,169.000000,73.737705
4.750000,169.000000,73.629248
4.800000,169.000000,72.756474
4.850000,169.000000,71.166984
4.900000,169.000000,68.945743
4.950000,169.000000,66.207659
5.000000,169.000000,63.088079
5.050000,169.000000,59.732719
5.100000,169.000000,56.289051
5.150000,169.000000,52.901646
5.200000,169.000000,49.714181
5.250000,169.000000,46.879763
5.300000,169.000000,44.577359
5.350000,169.000000,43.024718
5.400000,169.000000,42.469301
5.450000,169.000000,43.135940
5.500000,169.000000,45.123476
5.550000,169.000000,48.276167
5.600000,169.000000,52.095267
5.650000,169.000000,55.769886
5.700000,169.000000,58.365761
5.750000,169.000000,59.123003
5.800000,169.000000,57.732074
5.850000,169.000000,54.446308
5.900000,169.000000,49.969875
5.950000,169.000000,45.182634
6.000000,169.000000,40.843842
0.000000,170.000000,27.733517
0.050000,170.000000,27.040736
0.100000,170.000000,26.387830
0.150000,170.000000,25.819201
0.200000,170.000000,25.377077
0.250000,170.000000,25.096368
0.300000,170.000000,25.000114
0.350000,170.000000,25.096368
0.400000,170.000000,25.377077
0.450000,170.000000,25.819201
0.500000,170.000000,26.387830
0.550000,170.000000,27.040736
0.600000,170.000000,27.733517
0.650000,170.000000,28.424491
0.700000,170.000000,29.078590
0.750000,170.000000,29.669816
0.800000,170.000000,30.182124
0.850000,170.000000,30.608887
0.900000,170.000000,30.951344
0.950000,170.000000,31.216467
1.000000,170.000000,31.414720
1.050000,170.000000,31.558044
1.100000,170.000000,31.658291
1.150000,170.000000,31.726168
1.200000,170.000000,31.770683
1.250000,170.000000,31.798970
1.300000,170.000000,31.816392
1.350000,170.000000,31.826796
1.400000,170.000000,31.832821
1.450000,170.000000,31.836206
1.500000,170.000000,31.838051
1.550000,170.000000,31.839027
1.600000,170.000000,31.839528
1.650000,170.000000,31.839777
1.700000,170.000000,31.839898
1.750000,170.000000,31.839954
1.800000,170.000000,31.839980
1.850000,170.000000,31.839992
1.900000,170.000000,31.839997
1.950000,170.000000,31.839999
2.000000,170.000000,31.839999
2.050000,170.000000,31.840000
2.100000,170.000000,31.840000
2.150000,170.000000,31.840000
2.200000,170.000000,31.840000
2.250000,170.000000,31.840000
2.300000,170.000000,31.840000
2.350000,170.000000,31.840000
2.400000,170.000000,31.840000
2.450000,170.000000,31.840000
2.500000,170.000000,31.840000
2.550000,170.000000,31.840001
2.600000,170.000000,31.840002
2.650000,170.000000,31.840004
2.700000,170.000000,31.840009
2.750000,170.000000,31.840018
2.800000,170.000000,31.840038
2.850000,170.000000,31.840077
2.900000,170.000000,31.840153
2.950000,170.000000,31.840300
3.000000,170.000000,31.840576
3.050000,170.000000,31.841086
3.100000,170.000000,31.842011
3.150000,170.000000,31.843654
3.200000,170.000000,31.846519
3.250000,170.000000,31.851416
3.300000,170.000000,31.859625
3.350000,170.000000,31.873118
3.400000,170.000000,31.894866
3.450000,170.000000,31.929229
3.500000,170.000000,31.982456
3.550000,170.000000,32.063267
3.600000,170.000000,32.183509
3.650000,170.000000,32.358824
3.700000,170.000000,32.609257
3.750000,170.000000,32.959676
3.800000,170.000000,33.439863
3.850000,170.000000,34.084103
3.900000,170.000000,34.930096
3.950000,170.000000,36.017059
4.000000,170.000000,37.382921
4.050000,170.000000,39.060648
4.100000,170.000000,41.073856
4.150000,170.000000,43.432027
4.200000,170.000000,46.125817
4.250000,170.000000,49.123043
4.300000,170.000000,52.366019
4.350000,170.000000,55.770879
4.400000,170.000000,59.229366
4.450000,170.000000,62.613345
4.500000,170.000000,65.781955
4.550000,170.000000,68.590936
4.600000,170.000000,70.903339
4.650000,170.000000,72.600521
4.700000,170.000000,73.592213
4.750000,170.000000,73.824471
4.800000,170.000000,73.284538
4.850000,170.000000,72.002011
4.900000,170.000000,70.046180
4.950000,170.000000,67.519914
5.000000,170.000000,64.551001
5.050000,170.000000,61.282341
5.100000,170.000000,57.862910
5.150000,170.000000,54.441946
5.200000,170.000000,51.168993
5.250000,170.000000,48.201500
5.300000,170.000000,45.718174
5.350000,170.000000,43.929553
5.400000,170.000000,43.069251
5.450000,170.000000,43.346742
5.500000,170.000000,44.854646
5.550000,170.000000,47.453618
5.600000,170.000000,50.693508
5.650000,170.000000,53.841821
5.700000,170.000000,56.054090
5.750000,170.000000,56.642125
5.800000,170.000000,55.322565
5.850000,170.000000,52.318365
5.900000,170.000000,48.258295
5.950000,170.000000,43.929708
6.000000,170.000000,40.012214
0.000000,171.000000,27.783404
0.050000,171.000000,27.090267
0.100000,171.000000,26.437025
0.150000,171.000000,25.868103
0.200000,171.000000,25.425752
0.250000,171.000000,25.144898
0.300000,171.000000,25.048595
0.350000,171.000000,25.144898
0.400000,171.000000,25.425752
0.450000,171.000000,25.868103
0.500000,171.000000,26.437025
0.550000,171.000000,27.090267
0.600000,171.000000,27.783404
0.650000,171.000000,28.474734
0.700000,171.000000,29.129169
0.750000,171.000000,29.720700
0.800000,171.000000,30.233271
0.850000,171.000000,30.660254
0.900000,171.000000,31.002887
0.950000,171.000000,31.268146
1.000000,171.000000,31.466501
1.050000,171.000000,31.609899
1.100000,171.000000,31.710197
1.150000,171.000000,31.778110
1.200000,171.000000,31.822647
1.250000,171.000000,31.850948
1.300000,171.000000,31.868380
1.350000,171.000000,31.878789
1.400000,171.000000,31.884818
1.450000,171.000000,31.888204
1.500000,171.000000,31.890050
1.550000,171.000000,31.891026
1.600000,171.000000,31.891527
1.650000,171.000000,31.891777
1.700000,171.000000,31.891898
1.750000,171.000000,31.891954
1.800000,171.000000,31.891980
1.850000,171.000000,31.891992
1.900000,171.000000,31.891997
1.950000,171.000000,31.891999
2.000000,171.000000,31.891999
2.050000,171.000000,31.892000
2.100000,171.000000,31.892000
2.150000,171.000000,31.892000
2.200000,171.000000,31.892000
2.250000,171.000000,31.892000
2.300000,171.000000,31.892000
2.350000,171.000000,31.892000
2.400000,171.000000,31.892000
2.450000,171.000000,31.892000
2.500000,171.000000,31.892000
2.550000,171.000000,31.892001
2.600000,171.000000,31.892001
2.650000,171.000000,31.892003
2.700000,171.000000,31.892006
2.750000,171.000000,31.892013
2.800000,171.000000,31.892028
2.850000,171.000000,31.892056
2.900000,171.000000,31.892113
2.950000,171.000000,31.892224
3.000000,171.000000,31.892433
3.050000,171.000000,31.892824
3.100000,171.000000,31.893537
3.150000,171.000000,31.894816
3.200000,171.000000,31.897065
3.250000,171.000000,31.900942
3.300000,171.000000,31.907497
3.350000,171.000000,31.918367
3.400000,171.000000,31.936038
3.450000,171.000000,31.964205
3.500000,171.000000,32.008218
3.550000,171.000000,32.075633
3.600000,171.000000,32.176838
3.650000,171.000000,32.325723
3.700000,171.000000,32.540333
3.750000,171.000000,32.843377
3.800000,171.000000,33.262492
3.850000,171.000000,33.830071
3.900000,171.000000,34.582497
3.950000,171.000000,35.558609
4.000000,171.000000,36.797306
4.050000,171.000000,38.334243
4.100000,171.000000,40.197723
4.150000,171.000000,42.404044
4.200000,171.000000,44.952697
4.250000,171.000000,47.821969
4.300000,171.000000,50.965610
4.350000,171.000000,54.311209
4.400000,171.000000,57.760847
4.450000,171.000000,61.194406
4.500000,171.000000,64.475586
4.550000,171.000000,67.460364
4.600000,171.000000,70.007210
4.650000,171.000000,71.988101
4.700000,171.000000,73.299153
4.750000,171.000000,73.869640
4.800000,171.000000,73.668311
4.850000,171.000000,72.706237
4.900000,171.000000,71.035821
4.950000,171.000000,68.746149
5.000000,171.000000,65.955394
5.050000,171.000000,62.801498
5.100000,171.000000,59.432975
5.150000,171.000000,56.002160
5.200000,171.000000,52.663484
5.250000,171.000000,49.578506
5.300000,171.000000,46.926296
5.350000,171.000000,44.911680
5.400000,171.000000,43.756612
5.450000,171.000000,43.657580
5.500000,171.000000,44.702712
5.550000,171.000000,46.769151
5.600000,171.000000,49.453124
5.650000,171.000000,52.096112
5.700000,171.000000,53.938033
5.750000,171.000000,54.357937
5.800000,171.000000,53.096963
5.850000,171.000000,50.349551
5.900000,171.000000,46.673783
5.950000,171.000000,42.770282
6.000000,171.000000,39.243955
0.000000,172.000000,27.833338
0.050000,172.000000,27.139852
0.100000,172.000000,26.486282
0.150000,172.000000,25.917074
0.200000,172.000000,25.474500
0.250000,172.000000,25.193505
0.300000,172.000000,25.097154
0.350000,172.000000,25.193505
0.400000,172.000000,25.474500
0.450000,172.000000,25.917074
0.500000,172.000000,26.486282
0.550000,172.000000,27.139852
0.600000,172.000000,27.833338
0.650000,172.000000,28.525015
0.700000,172.000000,29.179780
0.750000,172.000000,29.771608
0.800000,172.000000,30.284437
0.850000,172.000000,30.711634
0.900000,172.000000,31.054440
0.950000,172.000000,31.319833
1.000000,172.000000,31.518287
1.050000,172.000000,31.661757
1.100000,172.000000,31.762106
1.150000,172.000000,31.830052
1.200000,172.000000,31.874613
1.250000,172.000000,31.902928
1.300000,172.000000,31.920368
1.350000,172.000000,31.930782
1.400000,172.000000,31.936814
1.450000,172.000000,31.940202
1.500000,172.000000,31.942049
1.550000,172.000000,31.943026
1.600000,172.000000,31.943527
1.650000,172.000000,31.943777
1.700000,172.000000,31.943898
1.750000,172.000000,31.943954
1.800000,172.000000,31.943980
1.850000,172.000000,31.943992
1.900000,172.000000,31.943997
1.950000,172.000000,31.943999
2.000000,172.000000,31.943999
2.050000,172.000000,31.944000
2.100000,172.000000,31.944000
2.150000,172.000000,31.944000
2.200000,172.000000,31.944000
2.250000,172.000000,31.944000
2.300000,172.000000,31.944000
2.350000,172.000000,31.944000
2.400000,172.000000,31.944000
2.450000,172.000000,31.944000
2.500000,172.000000,31.944000
2.550000,172.000000,31.944000
2.600000,172.000000,31.944001
2.650000,172.000000,31.944002
2.700000,172.000000,31.944004
2.750000,172.000000,31.944010
2.800000,172.000000,31.944020
2.850000,172.000000,31.944041
2.900000,172.000000,31.944084
2.950000,172.000000,31.944166
3.000000,172.000000,31.944325
3.050000,172.000000,31.944622
3.100000,172.000000,31.945171
3.150000,172.000000,31.946163
3.200000,172.000000,31.947921
3.250000,172.000000,31.950979
3.300000,172.000000,31.956195
3.350000,172.000000,31.964917
3.400000,172.000000,31.979221
3.450000,172.000000,32.002220
3.500000,172.000000,32.038474
3.550000,172.000000,32.094495
3.600000,172.000000,32.179344
3.650000,172.000000,32.305286
3.700000,172.000000,32.488465
3.750000,172.000000,32.749486
3.800000,172.000000,33.113810
3.850000,172.000000,33.611793
3.900000,172.000000,34.278201
3.950000,172.000000,35.151036
4.000000,172.000000,36.269525
4.050000,172.000000,37.671212
4.100000,172.000000,39.388183
4.150000,172.000000,41.442615
4.200000,172.000000,43.841971
4.250000,172.000000,46.574357
4.300000,172.000000,49.604637
4.350000,172.000000,52.871975
4.400000,172.000000,56.289431
4.450000,172.000000,59.746069
4.500000,172.000000,63.111803
4.550000,172.000000,66.244832
4.600000,172.000000,69.001195
4.650000,172.000000,71.245563
4.700000,172.000000,72.862200
4.750000,172.000000,73.764828
4.800000,172.000000,73.904258
4.850000,172.000000,73.272838
4.900000,172.000000,71.905161
4.950000,172.000000,69.875004
5.000000,172.000000,67.288970
5.050000,172.000000,64.277918
5.100000,172.000000,60.987842
5.150000,172.000000,57.572434
5.200000,172.000000,54.189814
5.250000,172.000000,51.005190
5.300000,172.000000,48.198418
5.350000,172.000000,45.969945
5.400000,172.000000,44.532141
5.450000,172.000000,44.070837
5.500000,172.000000,44.671386
5.550000,172.000000,46.227528
5.600000,172.000000,48.379636
5.650000,172.000000,50.538732
5.700000,172.000000,52.023680
5.750000,172.000000,52.276299
5.800000,172.000000,51.060574
5.850000,172.000000,48.544381
5.900000,172.000000,45.219936
5.950000,172.000000,41.707050
6.000000,172.000000,38.540958
0.000000,173.000000,27.883317
0.050000,173.000000,27.189490
0.100000,173.000000,26.535599
0.150000,173.000000,25.966111
0.200000,173.000000,25.523320
0.250000,173.000000,25.242187
0.300000,173.000000,25.145788
0.350000,173.000000,25.242187
0.400000,173.000000,25.523320
0.450000,173.000000,25.966111
0.500000,173.000000,26.535599
0.550000,173.000000,27.189490
0.600000,173.000000,27.883317
0.650000,173.000000,28.575334
0.700000,173.000000,29.230421
0.750000,173.000000,29.822540
0.800000,173.000000,30.335621
0.850000,173.000000,30.763029
0.900000,173.000000,31.106003
0.950000,173.000000,31.371526
1.000000,173.000000,31.570078
1.050000,173.000000,31.713618
1.100000,173.000000,31.814016
1.150000,173.000000,31.881996
1.200000,173.000000,31.926578
1.250000,173.000000,31.954908
1.300000,173.000000,31.972356
1.350000,173.000000,31.982776
1.400000,173.000000,31.988810
1.450000,173.000000,31.992201
1.500000,173.000000,31.994048
1.550000,173.000000,31.995025
1.600000,173.000000,31.995527
1.650000,173.000000,31.995777
1.700000,173.000000,31.995898
1.750000,173.000000,31.995954
1.800000,173.000000,31.995980
1.850000,173.000000,31.995992
1.900000,173.000000,31.995997
1.950000,173.000000,31.995999
2.000000,173.000000,31.995999
2.050000,173.000000,31.996000
2.100000,173.000000,31.996000
2.150000,173.000000,31.996000
2.200000,173.000000,31.996000
2.250000,173.000000,31.996000
2.300000,173.000000,31.996000
2.350000,173.000000,31.996000
2.400000,173.000000,31.996000
2.450000,173.000000,31.996000
2.500000,173.000000,31.996000
2.550000,173.000000,31.996000
2.600000,173.000000,31.996001
2.650000,173.000000,31.996001
2.700000,173.000000,31.996003
2.750000,173.000000,31.996007
2.800000,173.000000,31.996014
2.850000,173.000000,31.996030
2.900000,173.000000,31.996061
2.950000,173.000000,31.996123
3.000000,173.000000,31.996242
3.050000,173.000000,31.996469
3.100000,173.000000,31.996889
3.150000,173.000000,31.997655
3.200000,173.000000,31.999025
3.250000,173.000000,32.001428
3.300000,173.000000,32.005561
3.350000,173.000000,32.012534
3.400000,173.000000,32.024068
3.450000,173.000000,32.042776
3.500000,173.000000,32.072524
3.550000,173.000000,32.118896
3.600000,173.000000,32.189755
3.650000,173.000000,32.295871
3.700000,173.000000,32.451604
3.750000,173.000000,32.675530
3.800000,173.000000,32.990946
3.850000,173.000000,33.426078
3.900000,173.000000,34.013852
3.950000,173.000000,34.791042
4.000000,173.000000,35.796641
4.050000,173.000000,37.069348
4.100000,173.000000,38.644167
4.150000,173.000000,40.548215
4.200000,173.000000,42.796024
4.250000,173.000000,45.384755
4.300000,173.000000,48.289902
4.350000,173.000000,51.462120
4.400000,173.000000,54.825853
4.450000,173.000000,58.280289
4.500000,173.000000,61.702998
4.550000,173.000000,64.956265
4.600000,173.000000,67.895801
4.650000,173.000000,70.381110
4.700000,173.000000,72.286526
4.750000,173.000000,73.511714
4.800000,173.000000,73.990411
4.850000,173.000000,73.696377
4.900000,173.000000,72.645786
4.950000,173.000000,70.895823
5.000000,173.000000,68.539732
5.050000,173.000000,65.699211
5.100000,173.000000,62.515628
5.150000,173.000000,59.142154
5.200000,173.000000,55.739201
5.250000,173.000000,52.474937
5.300000,173.000000,49.530189
5.350000,173.000000,47.102160
5.400000,173.000000,45.395567
5.450000,173.000000,44.587809
5.500000,173.000000,44.763143
5.550000,173.000000,45.832011
5.600000,173.000000,47.476745
5.650000,173.000000,49.173516
5.700000,173.000000,50.314750
5.750000,173.000000,50.400626
5.800000,173.000000,49.216388
5.850000,173.000000,46.905351
5.900000,173.000000,43.898754
5.950000,173.000000,40.741542
6.000000,173.000000,37.904353
0.000000,174.000000,27.933341
0.050000,174.000000,27.239180
0.100000,174.000000,26.584975
0.150000,174.000000,26.015213
0.200000,174.000000,25.572209
0.250000,174.000000,25.290941
0.300000,174.000000,25.194496
0.350000,174.000000,25.290941
0.400000,174.000000,25.572209
0.450000,174.000000,26.015213
0.500000,174.000000,26.584975
0.550000,174.000000,27.239180
0.600000,174.000000,27.933341
0.650000,174.000000,28.625691
0.700000,174.000000,29.281092
0.750000,174.000000,29.873495
0.800000,174.000000,30.386823
0.850000,174.000000,30.814436
0.900000,174.000000,31.157575
0.950000,174.000000,31.423226
1.000000,174.000000,31.621873
1.050000,174.000000,31.765483
1.100000,174.000000,31.865929
1.150000,174.000000,31.933942
1.200000,174.000000,31.978545
1.250000,174.000000,32.006888
1.300000,174.000000,32.024345
1.350000,174.000000,32.034770
1.400000,174.000000,32.040807
1.450000,174.000000,32.044199
1.500000,174.000000,32.046047
1.550000,174.000000,32.047025
1.600000,174.000000,32.047527
1.650000,174.000000,32.047777
1.700000,174.000000,32.047898
1.750000,174.000000,32.047954
1.800000,174.000000,32.047980
1.850000,174.000000,32.047992
1.900000,174.000000,32.047997
1.950000,174.000000,32.047999
2.000000,174.000000,32.047999
2.050000,174.000000,32.048000
2.100000,174.000000,32.048000
2.150000,174.000000,32.048000
2.200000,174.000000,32.048000
2.250000,174.000000,32.048000
2.300000,174.000000,32.048000
2.350000,174.000000,32.048000
2.400000,174.000000,32.048000
2.450000,174.000000,32.048000
2.500000,174.000000,32.048000
2.550000,174.000000,32.048000
2.600000,174.000000,32.048000
2.650000,174.000000,32.048001
2.700000,174.000000,32.048002
2.750000,174.000000,32.048005
2.800000,174.000000,32.048010
2.850000,174.000000,32.048022
2.900000,174.000000,32.048045
2.950000,174.000000,32.048091
3.000000,174.000000,32.048180
3.050000,174.000000,32.048351
3.100000,174.000000,32.048672
3.150000,174.000000,32.049262
3.200000,174.000000,32.050325
3.250000,174.000000,32.052206
3.300000,174.000000,32.055470
3.350000,174.000000,32.061023
3.400000,174.000000,32.070288
3.450000,174.000000,32.085447
3.500000,174.000000,32.109762
3.550000,174.000000,32.148000
3.600000,174.000000,32.206945
3.650000,174.000000,32.296007
3.700000,174.000000,32.427883
3.750000,174.000000,32.619221
3.800000,174.000000,32.891197
3.850000,174.000000,33.269863
3.900000,174.000000,33.786143
3.950000,174.000000,34.475270
4.000000,174.000000,35.375515
4.050000,174.000000,36.526075
4.100000,174.000000,37.964054
4.150000,174.000000,39.720595
4.200000,174.000000,41.816363
4.250000,174.000000,44.256737
4.300000,174.000000,47.027217
4.350000,174.000000,50.089676
4.400000,174.000000,53.380122
4.450000,174.000000,56.808570
4.500000,174.000000,60.261478
4.550000,174.000000,63.606912
4.600000,174.000000,66.702275
4.650000,174.000000,69.404057
4.700000,174.000000,71.578713
4.750000,174.000000,73.113552
4.800000,174.000000,73.926404
4.850000,174.000000,73.972901
4.900000,174.000000,73.250515
4.950000,174.000000,71.798834
5.000000,174.000000,69.696157
5.050000,174.000000,67.053044
5.100000,174.000000,64.004122
5.150000,174.000000,60.700064
5.200000,174.000000,57.301995
5.250000,174.000000,53.980125
5.300000,174.000000,50.916197
5.350000,174.000000,48.305074
5.400000,174.000000,46.345552
5.450000,174.000000,45.208684
5.500000,174.000000,44.979231
5.550000,174.000000,45.584440
5.600000,174.000000,46.746462
5.650000,174.000000,48.002343
5.700000,174.000000,48.812822
5.750000,174.000000,48.732151
5.800000,174.000000,47.565336
5.850000,174.000000,45.433179
5.900000,174.000000,42.710825
5.950000,174.000000,39.874275
6.000000,174.000000,37.334605
0.000000,175.000000,27.983408
0.050000,175.000000,27.288921
0.100000,175.000000,26.634409
0.150000,175.000000,26.064379
0.200000,175.000000,25.621167
0.250000,175.000000,25.339767
0.300000,175.000000,25.243277
0.350000,175.000000,25.339767
0.400000,175.000000,25.621167
0.450000,175.000000,26.064379
0.500000,175.000000,26.634409
0.550000,175.000000,27.288921
0.600000,175.000000,27.983408
0.650000,175.000000,28.676083
0.700000,175.000000,29.331792
0.750000,175.000000,29.924474
0.800000,175.000000,30.438042
0.850000,175.000000,30.865857
0.900000,175.000000,31.209157
0.950000,175.000000,31.474932
1.000000,175.000000,31.673673
1.050000,175.000000,31.817350
1.100000,175.000000,31.917843
1.150000,175.000000,31.985888
1.200000,175.000000,32.030512
1.250000,175.000000,32.058869
1.300000,175.000000,32.076334
1.350000,175.000000,32.086763
1.400000,175.000000,32.092804
1.450000,175.000000,32.096197
1.500000,175.000000,32.098046
1.550000,175.000000,32.099024
1.600000,175.000000,32.099526
1.650000,175.000000,32.099777
1.700000,175.000000,32.099898
1.750000,175.000000,32.099954
1.800000,175.000000,32.099980
1.850000,175.000000,32.099992
1.900000,175.000000,32.099997
1.950000,175.000000,32.099999
2.000000,175.000000,32.099999
2.050000,175.000000,32.100000
2.100000,175.000000,32.100000
2.150000,175.000000,32.100000
2.200000,175.000000,32.100000
2.250000,175.000000,32.100000
2.300000,175.000000,32.100000
2.350000,175.000000,32.100000
2.400000,175.000000,32.100000
2.450000,175.000000,32.100000
2.500000,175.000000,32.100000
2.550000,175.000000,32.100000
2.600000,175.000000,32.100000
2.650000,175.000000,32.100001
2.700000,175.000000,32.100002
2.750000,175.000000,32.100003
2.800000,175.000000,32.100007
2.850000,175.000000,32.100016
2.900000,175.000000,32.100033
2.950000,175.000000,32.100067
3.000000,175.000000,32.100134
3.050000,175.000000,32.100263
3.100000,175.000000,32.100506
3.150000,175.000000,32.100958
3.200000,175.000000,32.101781
3.250000,175.000000,32.103248
3.300000,175.000000,32.105815
3.350000,175.000000,32.110221
3.400000,175.000000,32.117635
3.450000,175.000000,32.129871
3.500000,175.000000,32.149670
3.550000,175.000000,32.181079
3.600000,175.000000,32.229924
3.650000,175.000000,32.304380
3.700000,175.000000,32.415615
3.750000,175.000000,32.578460
3.800000,175.000000,32.812039
3.850000,175.000000,33.140233
3.900000,175.000000,33.591857
3.950000,175.000000,34.200357
4.000000,175.000000,35.002877
4.050000,175.000000,36.038523
4.100000,175.000000,37.345750
4.150000,175.000000,38.958848
4.200000,175.000000,40.903678
4.250000,175.000000,43.192938
4.300000,175.000000,45.821399
4.350000,175.000000,48.761712
4.400000,175.000000,51.961419
4.450000,175.000000,55.341829
4.500000,175.000000,58.799293
4.550000,175.000000,62.209158
4.600000,175.000000,65.432422
4.650000,175.000000,68.324679
4.700000,175.000000,70.746629
4.750000,175.000000,72.575117
4.800000,175.000000,73.713478
4.850000,175.000000,74.100010
4.900000,175.000000,73.713523
4.950000,175.000000,72.575312
5.000000,175.000000,70.747379
5.050000,175.000000,68.327320
5.100000,175.000000,65.440947
5.150000,175.000000,62.234389
5.200000,175.000000,58.867758
5.250000,175.000000,55.512167
5.300000,175.000000,52.349975
5.350000,175.000000,49.574349
5.400000,175.000000,47.379661
5.450000,175.000000,45.932525
5.500000,175.000000,45.319694
5.550000,175.000000,45.485296
5.600000,175.000000,46.189246
5.650000,175.000000,47.025341
5.700000,175.000000,47.517584
5.750000,175.000000,47.270198
5.800000,175.000000,46.106565
5.850000,175.000000,44.127051
5.900000,175.000000,41.655535
5.950000,175.000000,39.104908
6.000000,175.000000,36.831631
0.000000,176.000000,28.033518
0.050000,176.000000,27.338712
0.100000,176.000000,26.683899
0.150000,176.000000,26.113608
0.200000,176.000000,25.670192
0.250000,176.000000,25.388662
0.300000,176.000000,25.292128
0.350000,176.000000,25.388662
0.400000,176.000000,25.670192
0.450000,176.000000,26.113608
0.500000,176.000000,26.683899
0.550000,176.000000,27.338712
0.600000,176.000000,28.033518
0.650000,176.000000,28.726511
0.700000,176.000000,29.382521
0.750000,176.000000,29.975475
0.800000,176.000000,30.489279
0.850000,176.000000,30.917290
0.900000,176.000000,31.260748
0.950000,176.000000,31.526645
1.000000,176.000000,31.725477
1.050000,176.000000,31.869220
1.100000,176.000000,31.969760
1.150000,176.000000,32.037836
1.200000,176.000000,32.082480
1.250000,176.000000,32.110850
1.300000,176.000000,32.128323
1.350000,176.000000,32.138757
1.400000,176.000000,32.144800
1.450000,176.000000,32.148195
1.500000,176.000000,32.150045
1.550000,176.000000,32.151024
1.600000,176.000000,32.151526
1.650000,176.000000,32.151776
1.700000,176.000000,32.151897
1.750000,176.000000,32.151954
1.800000,176.000000,32.151980
1.850000,176.000000,32.151992
1.900000,176.000000,32.151997
1.950000,176.000000,32.151999
2.000000,176.000000,32.151999
2.050000,176.000000,32.152000
2.100000,176.000000,32.152000
2.150000,176.000000,32.152000
2.200000,176.000000,32.152000
2.250000,176.000000,32.152000
2.300000,176.000000,32.152000
2.350000,176.000000,32.152000
2.400000,176.000000,32.152000
2.450000,176.000000,32.152000
2.500000,176.000000,32.152000
2.550000,176.000000,32.152000
2.600000,176.000000,32.152000
2.650000,176.000000,32.152000
2.700000,176.000000,32.152001
2.750000,176.000000,32.152002
2.800000,176.000000,32.152005
2.850000,176.000000,32.152011
2.900000,176.000000,32.152024
2.950000,176.000000,32.152049
3.000000,176.000000,32.152099
3.050000,176.000000,32.152196
3.100000,176.000000,32.152380
3.150000,176.000000,32.152726
3.200000,176.000000,32.153359
3.250000,176.000000,32.154499
3.300000,176.000000,32.156511
3.350000,176.000000,32.159993
3.400000,176.000000,32.165904
3.450000,176.000000,32.175743
3.500000,176.000000,32.191803
3.550000,176.000000,32.217503
3.600000,176.000000,32.257822
3.650000,176.000000,32.319826
3.700000,176.000000,32.413283
3.750000,176.000000,32.551330
3.800000,176.000000,32.751133
3.850000,176.000000,33.034438
3.900000,176.000000,33.427893
3.950000,176.000000,33.962979
4.000000,176.000000,34.675378
4.050000,176.000000,35.603601
4.100000,176.000000,36.786771
4.150000,176.000000,38.261495
4.200000,176.000000,40.057909
4.250000,176.000000,42.195098
4.300000,176.000000,44.676286
4.350000,176.000000,47.484312
4.400000,176.000000,50.578029
4.450000,176.000000,53.890284
4.500000,176.000000,57.328083
4.550000,176.000000,60.775352
4.600000,176.000000,64.098421
4.650000,176.000000,67.154039
4.700000,176.000000,69.799304
4.750000,176.000000,71.902612
4.800000,176.000000,73.354464
4.850000,176.000000,74.076899
4.900000,176.000000,74.030442
4.950000,176.000000,73.217723
5.000000,176.000000,71.683369
5.050000,176.000000,69.510367
5.100000,176.000000,66.813732
5.150000,176.000000,63.732983
5.200000,176.000000,60.425369
5.250000,176.000000,57.061577
5.300000,176.000000,53.824021
5.350000,176.000000,50.904552
5.400000,176.000000,48.494348
5.450000,176.000000,46.757264
5.500000,176.000000,45.783390
5.550000,176.000000,45.533778
5.600000,176.000000,45.804137
5.650000,176.000000,46.241086
5.700000,176.000000,46.427087
5.750000,176.000000,46.012460
5.800000,176.000000,44.837716
5.850000,176.000000,42.984874
5.900000,176.000000,40.731280
5.950000,176.000000,38.432405
6.000000,176.000000,36.394910
0.000000,177.000000,28.083669
0.050000,177.000000,27.388551
0.100000,177.000000,26.733444
0.150000,177.000000,26.162897
0.200000,177.000000,25.719282
0.250000,177.000000,25.437626
0.300000,177.000000,25.341048
0.350000,177.000000,25.437626
0.400000,177.000000,25.719282
0.450000,177.000000,26.162897
0.500000,177.000000,26.733444
0.550000,177.000000,27.388551
0.600000,177.000000,28.083669
0.650000,177.000000,28.776973
0.700000,177.000000,29.433277
0.750000,177.000000,30.026498
0.800000,177.000000,30.540533
0.850000,177.000000,30.968736
0.900000,177.000000,31.312347
0.950000,177.000000,31.578364
1.000000,177.000000,31.777286
1.050000,177.000000,31.921093
1.100000,177.000000,32.021678
1.150000,177.000000,32.089784
1.200000,177.000000,32.134449
1.250000,177.000000,32.162831
1.300000,177.000000,32.180312
1.350000,177.000000,32.190751
1.400000,177.000000,32.196797
1.450000,177.000000,32.200193
1.500000,177.000000,32.202045
1.550000,177.000000,32.203024
1.600000,177.000000,32.203526
1.650000,177.000000,32.203776
1.700000,177.000000,32.203897
1.750000,177.000000,32.203954
1.800000,177.000000,32.203980
1.850000,177.000000,32.203992
1.900000,177.000000,32.203997
1.950000,177.000000,32.203999
2.000000,177.000000,32.203999
2.050000,177.000000,32.204000
2.100000,177.000000,32.204000
2.150000,177.000000,32.204000
2.200000,177.000000,32.204000
2.250000,177.000000,32.204000
2.300000,177.000000,32.204000
2.350000,177.000000,32.204000
2.400000,177.000000,32.204000
2.450000,177.000000,32.204000
2.500000,177.000000,32.204000
2.550000,177.000000,32.204000
2.600000,177.000000,32.204000
2.650000,177.000000,32.204000
2.700000,177.000000,32.204001
2.750000,177.000000,32.204002
2.800000,177.000000,32.204004
2.850000,177.000000,32.204008
2.900000,177.000000,32.204017
2.950000,177.000000,32.204036
3.000000,177.000000,32.204073
3.050000,177.000000,32.204145
3.100000,177.000000,32.204284
3.150000,177.000000,32.204547
3.200000,177.000000,32.205033
3.250000,177.000000,32.205916
3.300000,177.000000,32.207486
3.350000,177.000000,32.210228
3.400000,177.000000,32.214923
3.450000,177.000000,32.222805
3.500000,177.000000,32.235782
3.550000,177.000000,32.256730
3.600000,177.000000,32.289883
3.650000,177.000000,32.341317
3.700000,177.000000,32.419530
3.750000,177.000000,32.536096
3.800000,177.000000,32.706329
3.850000,177.000000,32.949904
3.900000,177.000000,33.291292
3.950000,177.000000,33.759891
4.000000,177.000000,34.389654
4.050000,177.000000,35.218069
4.100000,177.000000,36.284320
4.150000,177.000000,37.626565
4.200000,177.000000,39.278320
4.250000,177.000000,41.264122
4.300000,177.000000,43.594763
4.350000,177.000000,46.262564
4.400000,177.000000,49.237289
4.450000,177.000000,52.463349
4.500000,177.000000,55.858940
4.550000,177.000000,59.317628
4.600000,177.000000,62.712638
4.650000,177.000000,65.903807
4.700000,177.000000,68.746765
4.750000,177.000000,71.103571
4.800000,177.000000,72.853728
4.850000,177.000000,73.904372
4.900000,177.000000,74.198444
4.950000,177.000000,73.719862
5.000000,177.000000,72.495098
5.050000,177.000000,70.591122
5.100000,177.000000,68.110295
5.150000,177.000000,65.183485
5.200000,177.000000,61.963153
5.250000,177.000000,58.618048
5.300000,177.000000,55.329844
5.350000,177.000000,52.289164
5.400000,177.000000,49.684941
5.450000,177.000000,47.679694
5.500000,177.000000,46.368018
5.550000,177.000000,45.727876
5.600000,177.000000,45.588889
5.650000,177.000000,45.646792
5.700000,177.000000,45.537986
5.750000,177.000000,44.955272
5.800000,177.000000,43.755197
5.850000,177.000000,42.003521
5.900000,177.000000,39.935668
5.950000,177.000000,37.855191
6.000000,177.000000,36.023598
0.000000,178.000000,28.133860
0.050000,178.000000,27.438438
0.100000,178.000000,26.783043
0.150000,178.000000,26.212246
0.200000,178.000000,25.768436
0.250000,178.000000,25.486657
0.300000,178.000000,25.390036
0.350000,178.000000,25.486657
0.400000,178.000000,25.768436
0.450000,178.000000,26.212246
0.500000,178.000000,26.783043
0.550000,178.000000,27.438438
0.600000,178.000000,28.133860
0.650000,178.000000,28.827469
0.700000,178.000000,29.484061
0.750000,178.000000,30.077542
0.800000,178.000000,30.591803
0.850000,178.000000,31.020193
0.900000,178.000000,31.363956
0.950000,178.000000,31.630090
1.000000,178.000000,31.829098
1.050000,178.000000,31.972969
1.100000,178.000000,32.073598
1.150000,178.000000,32.141734
1.200000,178.000000,32.186419
1.250000,178.000000,32.214813
1.300000,178.000000,32.232302
1.350000,178.000000,32.242746
1.400000,178.000000,32.248794
1.450000,178.000000,32.252192
1.500000,178.000000,32.254044
1.550000,178.000000,32.255023
1.600000,178.000000,32.255526
1.650000,178.000000,32.255776
1.700000,178.000000,32.255897
1.750000,178.000000,32.255954
1.800000,178.000000,32.255980
1.850000,178.000000,32.255992
1.900000,178.000000,32.255997
1.950000,178.000000,32.255999
2.000000,178.000000,32.255999
2.050000,178.000000,32.256000
2.100000,178.000000,32.256000
2.150000,178.000000,32.256000
2.200000,178.000000,32.256000
2.250000,178.000000,32.256000
2.300000,178.000000,32.256000
2.350000,178.000000,32.256000
2.400000,178.000000,32.256000
2.450000,178.000000,32.256000
2.500000,178.000000,32.256000
2.550000,178.000000,32.256000
2.600000,178.000000,32.256000
2.650000,178.000000,32.256000
2.700000,178.000000,32.256001
2.750000,178.000000,32.256001
2.800000,178.000000,32.256003
2.850000,178.000000,32.256006
2.900000,178.000000,32.256012
2.950000,178.000000,32.256026
3.000000,178.000000,32.256053
3.050000,178.000000,32.256107
3.100000,178.000000,32.256212
3.150000,178.000000,32.256411
3.200000,178.000000,32.256783
3.250000,178.000000,32.257463
3.300000,178.000000,32.258685
3.350000,178.000000,32.260836
3.400000,178.000000,32.264550
3.450000,178.000000,32.270841
3.500000,178.000000,32.281287
3.550000,178.000000,32.298296
3.600000,178.000000,32.325452
3.650000,178.000000,32.367952
3.700000,178.000000,32.433155
3.750000,178.000000,32.531195
3.800000,178.000000,32.675662
3.850000,178.000000,32.884242
3.900000,178.000000,33.179259
3.950000,178.000000,33.587956
4.000000,178.000000,34.142365
4.050000,178.000000,34.878593
4.100000,178.000000,35.835361
4.150000,178.000000,37.051673
4.200000,178.000000,38.563582
4.250000,178.000000,40.400149
4.300000,178.000000,42.578810
4.350000,178.000000,45.100569
4.400000,178.000000,47.945553
4.450000,178.000000,51.069560
4.500000,178.000000,54.402282
4.550000,178.000000,57.847755
4.600000,178.000000,61.287449
4.650000,178.000000,64.586079
4.700000,178.000000,67.599880
4.750000,178.000000,70.186720
4.800000,178.000000,72.217094
4.850000,178.000000,73.584830
4.900000,178.000000,74.216286
4.950000,178.000000,74.076956
5.000000,178.000000,73.174695
5.050000,178.000000,71.559307
5.100000,178.000000,69.318824
5.150000,178.000000,66.573494
5.200000,178.000000,63.469015
5.250000,178.000000,60.170554
5.300000,178.000000,56.858019
5.350000,178.000000,53.720610
5.400000,178.000000,50.945655
5.450000,178.000000,48.695478
5.500000,178.000000,47.070143
5.550000,178.000000,46.064438
5.600000,178.000000,45.540099
5.650000,178.000000,45.238497
5.700000,178.000000,44.845772
5.750000,178.000000,44.093872
5.800000,178.000000,42.854448
5.850000,178.000000,41.179078
5.900000,178.000000,39.265725
5.950000,178.000000,37.371309
6.000000,178.000000,35.716637
0.000000,179.000000,28.184092
0.050000,179.000000,27.488371
0.100000,179.000000,26.832695
0.150000,179.000000,26.261653
0.200000,179.000000,25.817653
0.250000,179.000000,25.535752
0.300000,179.000000,25.439090
0.350000,179.000000,25.535752
0.400000,179.000000,25.817653
0.450000,179.000000,26.261653
0.500000,179.000000,26.832695
0.550000,179.000000,27.488371
0.600000,179.000000,28.184092
0.650000,179.000000,28.877998
0.700000,179.000000,29.534872
0.750000,179.000000,30.128607
0.800000,179.000000,30.643089
0.850000,179.000000,31.071663
0.900000,179.000000,31.415573
0.950000,179.000000,31.681821
1.000000,179.000000,31.880915
1.050000,179.000000,32.024848
1.100000,179.000000,32.125520
1.150000,179.000000,32.193685
1.200000,179.000000,32.238389
1.250000,179.000000,32.266795
1.300000,179.000000,32.284292
1.350000,179.000000,32.294740
1.400000,179.000000,32.300791
1.450000,179.000000,32.304190
1.500000,179.000000,32.306043
1.550000,179.000000,32.307023
1.600000,179.000000,32.307526
1.650000,179.000000,32.307776
1.700000,179.000000,32.307897
1.750000,179.000000,32.307954
1.800000,179.000000,32.307980
1.850000,179.000000,32.307992
1.900000,179.000000,32.307997
1.950000,179.000000,32.307999
2.000000,179.000000,32.307999
2.050000,179.000000,32.308000
2.100000,179.000000,32.308000
2.150000,179.000000,32.308000
2.200000,179.000000,32.308000
2.250000,179.000000,32.308000
2.300000,179.000000,32.308000
2.350000,179.000000,32.308000
2.400000,179.000000,32.308000
2.450000,179.000000,32.308000
2.500000,179.000000,32.308000
2.550000,179.000000,32.308000
2.600000,179.000000,32.308000
2.650000,179.000000,32.308000
2.700000,179.000000,32.308000
2.750000,179.000000,32.308001
2.800000,179.000000,32.308002
2.850000,179.000000,32.308004
2.900000,179.000000,32.308009
2.950000,179.000000,32.308019
3.000000,179.000000,32.308039
3.050000,179.000000,32.308079
3.100000,179.000000,32.308158
3.150000,179.000000,32.308308
3.200000,179.000000,32.308591
3.250000,179.000000,32.309114
3.300000,179.000000,32.310060
3.350000,179.000000,32.311741
3.400000,179.000000,32.314669
3.450000,179.000000,32.319670
3.500000,179.000000,32.328047
3.550000,179.000000,32.341806
3.600000,179.000000,32.363964
3.650000,179.000000,32.398947
3.700000,179.000000,32.453091
3.750000,179.000000,32.535229
3.800000,179.000000,32.657345
3.850000,179.000000,32.835249
3.900000,179.000000,33.089172
3.950000,179.000000,33.444178
4.000000,179.000000,33.930241
4.050000,179.000000,34.581809
4.100000,179.000000,35.436687
4.150000,179.000000,36.534098
4.200000,179.000000,37.911849
4.250000,179.000000,39.602620
4.300000,179.000000,41.629554
4.350000,179.000000,44.001470
4.400000,179.000000,46.708179
4.450000,179.000000,49.716517
4.500000,179.000000,52.967750
4.550000,179.000000,56.376984
4.600000,179.000000,59.835063
4.650000,179.000000,63.213188
4.700000,179.000000,66.370170
4.750000,179.000000,69.161831
4.800000,179.000000,71.451746
4.850000,179.000000,73.122226
4.900000,179.000000,74.084334
4.950000,179.000000,74.285750
5.000000,179.000000,73.715580
5.050000,179.000000,72.405605
5.100000,179.000000,70.428068
5.150000,179.000000,67.890742
5.200000,179.000000,64.930602
5.250000,179.000000,61.707475
5.300000,179.000000,58.398271
5.350000,179.000000,55.190301
5.400000,179.000000,52.269607
5.450000,179.000000,49.799160
5.500000,179.000000,47.885224
5.550000,179.000000,46.539230
5.600000,179.000000,45.653309
5.650000,179.000000,45.011230
5.700000,179.000000,44.344982
5.750000,179.000000,43.422635
5.800000,179.000000,42.130173
5.850000,179.000000,40.507059
5.900000,179.000000,38.718078
5.950000,179.000000,36.978562
6.000000,179.000000,35.472859
0.000000,180.000000,28.234362
0.050000,180.000000,27.538349
0.100000,180.000000,26.882398
0.150000,180.000000,26.311117
0.200000,180.000000,25.866931
0.250000,180.000000,25.584912
0.300000,180.000000,25.488209
0.350000,180.000000,25.584912
0.400000,180.000000,25.866931
0.450000,180.000000,26.311117
0.500000,180.000000,26.882398
0.550000,180.000000,27.538349
0.600000,180.000000,28.234362
0.650000,180.000000,28.928559
0.700000,180.000000,29.585709
0.750000,180.000000,30.179693
0.800000,180.000000,30.694390
0.850000,180.000000,31.123145
0.900000,180.000000,31.467199
0.950000,180.000000,31.733559
1.000000,180.000000,31.932736
1.050000,180.000000,32.076729
1.100000,180.000000,32.177443
1.150000,180.000000,32.245637
1.200000,180.000000,32.290360
1.250000,180.000000,32.318778
1.300000,180.000000,32.336282
1.350000,180.000000,32.346734
1.400000,180.000000,32.352788
1.450000,180.000000,32.356189
1.500000,180.000000,32.358042
1.550000,180.000000,32.359022
1.600000,180.000000,32.359525
1.650000,180.000000,32.359776
1.700000,180.000000,32.359897
1.750000,180.000000,32.359954
1.800000,180.000000,32.359980
1.850000,180.000000,32.359992
1.900000,180.000000,32.359997
1.950000,180.000000,32.359999
2.000000,180.000000,32.359999
2.050000,180.000000,32.360000
2.100000,180.000000,32.360000
2.150000,180.000000,32.360000
2.200000,180.000000,32.360000
2.250000,180.000000,32.360000
2.300000,180.000000,32.360000
2.350000,180.000000,32.360000
2.400000,180.000000,32.360000
2.450000,180.000000,32.360000
2.500000,180.000000,32.360000
2.550000,180.000000,32.360000
2.600000,180.000000,32.360000
2.650000,180.000000,32.360000
2.700000,180.000000,32.360000
2.750000,180.000000,32.360001
2.800000,180.000000,32.360001
2.850000,180.000000,32.360003
2.900000,180.000000,32.360006
2.950000,180.000000,32.360014
3.000000,180.000000,32.360028
3.050000,180.000000,32.360058
3.100000,180.000000,32.360117
3.150000,180.000000,32.360230
3.200000,180.000000,32.360445
3.250000,180.000000,32.360845
3.300000,180.000000,32.361576
3.350000,180.000000,32.362884
3.400000,180.000000,32.365183
3.450000,180.000000,32.369144
3.500000,180.000000,32.375836
3.550000,180.000000,32.386923
3.600000,180.000000,32.404934
3.650000,180.000000,32.433619
3.700000,180.000000,32.478406
3.750000,180.000000,32.546952
3.800000,180.000000,32.649772
3.850000,180.000000,32.800911
3.900000,180.000000,33.018589
3.950000,180.000000,33.325712
4.000000,180.000000,33.750114
4.050000,180.000000,34.324366
4.100000,180.000000,35.084984
4.150000,180.000000,36.070862
4.200000,180.000000,37.320839
4.250000,180.000000,38.870358
4.300000,180.000000,40.747335
4.350000,180.000000,42.967488
4.400000,180.000000,45.529536
4.450000,180.000000,48.410842
4.500000,180.000000,51.564128
4.550000,180.000000,54.915930
4.600000,180.000000,58.367363
4.650000,180.000000,61.797525
4.700000,180.000000,65.069633
4.750000,180.000000,68.039558
4.800000,180.000000,70.566096
4.850000,180.000000,72.521998
4.900000,180.000000,73.804557
4.950000,180.000000,74.344566
5.000000,180.000000,74.112580
5.050000,180.000000,73.121814
5.100000,180.000000,71.427513
5.150000,180.000000,69.123288
5.200000,180.000000,66.335472
5.250000,180.000000,63.216733
5.300000,180.000000,59.939580
5.350000,180.000000,56.688698
5.400000,180.000000,53.648853
5.450000,180.000000,50.984185
5.500000,180.000000,48.807641
5.550000,180.000000,47.146995
5.600000,180.000000,45.923116
5.650000,180.000000,44.959154
5.700000,180.000000,44.029392
5.750000,180.000000,42.935291
5.800000,180.000000,41.576567
5.850000,180.000000,39.982608
5.900000,180.000000,38.289123
5.950000,180.000000,36.674644
6.000000,180.000000,35.291081
